drug_1,drug_2,relation_type,severity,mention_count,evidence_sentence
digoxin,sympathomimetics,effect,Moderate,1,Concomitant use of digoxin and sympathomimetics increases the risk of cardiac arrhythmias.
Barbiturates,corticosteroids,effect,Moderate,3,"Barbiturates may decrease the effectiveness of oral contraceptives, certain antibiotics, quinidine, theophylline, corticosteroids, anticoagulants, and beta blockers."
EQUETROTM,ethosuximide,mechanism,High,1,"Agents that have been found, or are expected to have decreased plasma levels in the presence of EQUETROTM due to induction of CYP enzymes are the following: Acetaminophen, alprazolam, amitriptyline, bupropion, buspirone, citalopram, clobazam, clonazepam, clozapine, cyclosporin, delavirdine, desipram"
EQUETROTM,Acetaminophen,mechanism,High,1,"Agents that have been found, or are expected to have decreased plasma levels in the presence of EQUETROTM due to induction of CYP enzymes are the following: Acetaminophen, alprazolam, amitriptyline, bupropion, buspirone, citalopram, clobazam, clonazepam, clozapine, cyclosporin, delavirdine, desipram"
kaolin,chloroquine,mechanism,High,1,Antacids and kaolin: Antacids and kaolin can reduce absorption of chloroquine;
non-steroidal anti-inflammatory agent,loop diuretics,effect,Moderate,3,"- Non-steroidal Anti-inflammatory Drugs: In some patients, the administration of a non-steroidal anti-inflammatory agent can reduce the diuretic, natriuretic, and antihypertensive effects of loop, potassium-sparing and thiazide diuretics."
OMNICEF,antacid,advise,Moderate,1,"If antacids are required during OMNICEF therapy, OMNICEF should be taken at least 2 hours before or after the antacid."
pancreatin,Acarbose,mechanism,High,1,"Intestinal adsorbents (e. g., charcoal) and digestive enzyme preparations containing carbohydrate-splitting enzymes (e. g., amylase, pancreatin) may reduce the effect of Acarbose and should not be taken concomitantly."
anticoagulant,monoamine oxidase inhibitors,effect,Moderate,1,"Drugs that reportedly may increase oral anticoagulant response, ie, increased prothrombin response, in man include:alcohol*;allopurinol;aminosalicylic acid;amiodarone;anabolic steroids;antibiotics;bromelains;chloral hydrate*;chlorpropamide;chymotrypsin;cimetidine;cinchophen;clofibrate;dextran;dextro"
SULAR,phenytoin,mechanism,High,2,Coadministration of phenytoin with 40 mg SULAR tablets in epileptic patients lowered the nisoldipine plasma concentrations to undetectable levels.
VIRACEPT,astemizole,advise,Moderate,2,"Because a similar interaction is likely, VIRACEPT should also not be administered concurrently with astemizole."
anesthetics,DILAUDID,effect,Moderate,1,"Patients receiving other narcotic analgesics, general anesthetics, phenothiazines, tranquilizers, sedative-hypnotics, tricyclic antidepressants or other CNS depressants (including alcohol) concomitantly with DILAUDID may exhibit an additive CNS depression."
Clidinium,levodopa,effect,Moderate,1,"Clidinium may decrease the effect of phenothiazines, levodopa, and ketoconazole."
cromolyn sodium,isoproterenol,effect,Moderate,1,The addition of 540 mg/kg/day of cromolyn sodium (approximately 340 times the maximum recommended daily inhalation dose in adults on a mg/m2 basis) to 2.7 mg/kg/day of isoproterenol (approximately 7 times the maximum recommended daily inhalation dose in adults on a mg/m2 basis) appears to have incre
Nabilone,alcohol,effect,Moderate,2,"Nabilone has been shown to have an additive CNS depressant effect when given with either diazepam, secobarbitone sodium, alcohol or codeine."
beta-adrenergic antagonists,alpha-adrenergic stimulants,effect,Moderate,1,"Exaggerated hypertensive responses have been reported from the combined use of beta-adrenergic antagonists and alpha-adrenergic stimulants, including those contained in proprietary cold remedies and vasoconstrictive nasal drops."
vitamin D analogues,corticosteroids,mechanism,High,2,"Corticosteroids: A relationship of functional antagonism exists between vitamin D analogues, which promote calcium absorption, and corticosteroids, which inhibit calcium absorption."
Thyroid,digoxin,advise,Moderate,1,"Thyroid administration to a digitalized, hypothyroid patient may increase the dose requirement of digoxin."
IRESSA,vinorelbine,effect,Moderate,1,"Phase II clinical trial data, where IRESSA and vinorelbine have been used concomitantly, indicate that IRESSA may exacerbate the neutropenic effect of vinorelbine."
NSAIDs,warfarin,effect,Moderate,4,"Warfarin: The effects of warfarin and NSAIDs on GI bleeding are synergistic, such that users of both drugs together have a risk of serious GI bleeding higher than that of users of either drug alone."
benzodiazepines,amiodarone,int,Low,1,"Data from in vitro studies of benzodiazepines other than alprazolam suggest a possible drug interaction for the following: ergotamine, cyclosporine, amiodarone, nicardipine, and nifedipine."
Trileptal,phenytoin,mechanism,High,2,"1- nc denotes a mean change of less than 10% 2- Pediatrics 3- Mean increase in adults at high Trileptal doses In vivo, the plasma levels of phenytoin increased by up to 40%, when Trileptal was given at doses above 1200 mg/day."
ketoprofen,probenecid,mechanism,High,2,"Probenecid: Probenecid increases both free and bound ketoprofen by reducing the plasma clearance of ketoprofen to about one-third, as well as decreasing its protein binding."
morphine,Neurontin,mechanism,High,1,"Morphine: A literature article reported that when a 60-mg controlled-release morphine capsule was administered 2 hours prior to a 600-mg Neurontin  capsule (N=12), mean gabapentin AUC increased by 44% compared to gabapentin administered without morphine."
Tetracycline,penicillin,effect,Moderate,3,"Tetracycline, a bacteriostatic antibiotic, may antagonize the bactercidal effect of penicillin and concurrent use of these drugs should be avoided."
sulfonylureas,beta adrenergic blocking agents,effect,Moderate,2,"The hypoglycemic action of sulfonylureas may be potentiated by certain drugs including nonsteroidal anti-inflammatory agents and other drugs that are highly protein bound, salicylates, sulfonamides, chloramphenicol, probenecid, coumarins, monoamine oxidase inhibitors, and beta adrenergic blocking ag"
MAOIs,fluoxetine,effect,Moderate,1,"In patients receiving nonselective monoamine oxidase inhibitors (MAOIs) (e.g., selegiline hydrochloride) in combination with serotoninergic agents (e.g., fluoxetine, fluvoxamine, paroxetine, sertraline, venlafaxine), there have been reports of serious, sometimes fatal, reactions."
Amprenavir,rifabutin,mechanism,High,3,"Amprenavir significantly decreases clearance of rifabutin and 25-O-desacetylrifabutin, and the combination is poorly tolerated."
Aprepitant,rifampin,mechanism,High,2,"therefore, coadministration of Aprepitant with drugs that strongly induce CYP3A4 activity (e.g., rifampin, carbamazepine, phenytoin) may result in reduced plasma concentrations of aprepitant that may result in decreased efficacy of Aprepitant."
Rifampin,warfarin,mechanism,High,7,Withdrawal of rifampin decreased the warfarin requirement by 50%.
glimepiride,magnesium salicylate,advise,Moderate,1,"Before taking glimepiride, tell your doctor if you are taking any of the following medicines: - aspirin or another salicylate such as magnesium/choline salicylate (Trilisate), salsalate (Disalcid, others), choline salicylate (Arthropan), magnesium salicylate (Magan), or bismuth subsalicylate (Pepto-"
loop diuretics,beta-agonists,effect,Moderate,1,"The ECG changes and/or hypokalemia that may result from the administration of non-potassium sparing diuretics (such as loop or thiazide diuretics) can be acutely worsened by beta-agonists, especially when the recommended dose of the beta-agonist is exceeded."
phenytoin,trazodone,mechanism,High,1,"The most commonly occurring drug interactions are listed below: - Drugs that may increase plasma phenytoin concentrations include: acute alcohol intake, amiodarone, chboramphenicol, chlordiazepoxide, cimetidine, diazepam, dicumarol, disulfiram, estrogens, ethosuximide, fluoxetine, H2-antagonists, ha"
carbamazepine,felbamate,mechanism,High,1,"The carbamazepine steady-state Cmin decreased 31% to 5 1 micrograms/mL when felbamate (3000 mg/day, divided into three doses) was coadministered."
phenytoin,phenobarbital,mechanism,High,2,"- Drugs that may either increase or decrease plasma phenytoin concentrations include: phenobarbital, vaiproic acid, and sodium valproate."
para-aminosalicylic acid,vitamin B12,mechanism,High,1,Colchicine para-aminosalicylic acid and heavy alcohol intake for longer than 2 weeks may produce malabsorption of vitamin B12.
TNFa-blocking agents,anakinra,effect,Moderate,1,Other TNFa-blocking agents (including REMICADE) used in combination with anakinra may also result in similar toxicities.
ETOPOPHOS,levamisole hydrochloride,advise,Moderate,1,"Caution should be exercised when administering ETOPOPHOS with drugs that are known to inhibit phosphatase activities (e.g., levamisole hydrochloride)."
beta blocker,clonidine,advise,Moderate,1,"If the two drugs are coadministered, the beta blocker should be withdrawn several days before the gradual withdrawal of clonidine."
acetylsalicylic acid,Activase,int,Low,1,"In addition to bleeding associated with heparin and vitamin K antagonists, drugs that alter platelet function (such as acetylsalicylic acid, dipyridamole and Abciximab) may increase the risk of bleeding if administered prior to, during, or after Activase therapy."
carbamazepine,aripiprazole,mechanism,High,4,"Carbamazepine: Coadministration of carbamazepine (200 mg BID), a potent CYP3A4 inducer, with aripiprazole (30 mg QD) resulted in an approximate 70% decrease in Cmax and AUC values of both aripiprazole and its active metabolite, dehydro-aripiprazole."
methotrexate,etretinate,effect,Moderate,1,Methotrexate: An increased risk of hepatitis has been reported to result from combined use of methotrexate and etretinate.
epinephrine,monoamine oxidase inhibitors,effect,Moderate,3,"The administration of local anesthetic solutions containing epinephrine or norepinephrine to patients receiving monoamine oxidase inhibitors, tricyclic antidepressants or phenothiazines may produce severe, prolonged hypotension or hypertension."
SPRYCEL,antacids,advise,Moderate,1,Simultaneous administration of SPRYCEL with antacids should be avoided.
Amphetamines,antihypertensives,effect,Moderate,3,Amphetamines may decrease the hypotensive effect of antihypertensives.
Probenecid,barbiturates,mechanism,High,1,"Probenecid : Probenecid is known to interact with the metabolism or renal tubular excretion of many drugs (e.g., acetaminophen, acyclovir, angiotensin-converting enzyme inhibitors, aminosalicylic acid, barbiturates, benzodiazepines, bumetanide, clofibrate, methotrexate, famotidine, furosemide, nonst"
Etonogestrel,MS Contin,int,Low,1,"Etonogestrel may interact with the following medications: acetaminophen (Tylenol), antibiotics such as ampicillin and tetracycline, anticonvulsants (Dilantin, Phenobarbital, Tegretol, Trileptal, Topamax, Felbatol), antifungals (Gris-PEG, Nizoral, Sporanox), atorvastatin (Lipitor), clofibrate (Atromi"
NSAIDs,ACE inhibitors,advise,Moderate,9,This interaction should be given consideration in patients taking NSAIDs concomitantly with ACE inhibitors.
atracurium,gentamycin,effect,Moderate,5,Recovery of hoof twitch from 50% to 75% took 7.7 +/- 0.7 min for atracurium alone and 11.5 +/- 2.7 min for atracurium plus gentamycin (P = 0.03).
FORADIL,tricyclic antidepressants,advise,Moderate,1,Monoamine Oxidase Inhibitors and Tricyclic Antidepressants: FORADIL should be administered with extreme caution in patients being treated with monoamine oxidase inhibitors or tricyclic antidepressants because the action of formoterol on the cardiovascular system may be potentiated by these agents.
ENABLEX,ritonavir,advise,Moderate,1,"The daily dose of ENABLEX should not exceed 7.5 mg when coadministered with potent CYP3A4 inhibitors (e.g., ketoconazole, itraconazole, ritonavir, nelfinavir, clarithromycin and nefazadone) ."
Targretin,gemfibrozil,advise,Moderate,2,Concomitant administration of gemfibrozil with Targretin capsules is not recommended.
Butalbital,anesthetics,effect,Moderate,1,"Butalbital, acetaminophen and caffeine may enhance the effects of: other narcotic analgesics, alcohol, general anesthetics, tranquilizers such as chlordiazepoxide, sedative-hypnotics, or other CNS depressants, causing increased CNS depression."
flurbiprofen,aspirin,mechanism,High,2,Aspirin: Concurrent administration of aspirin and flurbiprofen resulted in 50% lower serum flurbiprofen concentrations.
non-selective beta-adrenergic-blocking agents,Starlix,effect,Moderate,1,"Certain drugs, including nonsteroidal anti-inflammatory agents (NSAIDs), salicylates, monoamine oxidase inhibitors, and non-selective beta-adrenergic-blocking agents may potentiate the hypoglycemic action of Starlix and other oral antidiabetic drugs."
diclofenac,tolbutamide,mechanism,High,1,"Protein Binding In vitro, diclofenac interferes minimally or not at all with the protein binding of salicylic acid (20% decrease in binding), tolbutamide, prednisolone (10% decrease in binding), or warfarin."
flurbiprofen,anticoagulants,advise,Moderate,1,The physician should be cautious when administering flurbiprofen to patients taking anticoagulants.
phenytoin,ethinyl estradiol,mechanism,High,1,"Anticonvulsants (carbamazepine, felbamate, phenobarbital, phenytoin, topiramate): Increase the metabolism of ethinyl estradiol and/or some progestins, leading to possible decrease in contraceptive effectiveness."
cypermethrin,Vitamin E,effect,Moderate,3,"Pretreatment of rats with allopurinol (100 mg/kg, ip) or Vitamin E (100 mg/kg per day, ig, for 3 days and a dose of 40 mg/kg on the 4th day) provided significant protection against the elevation of TBARS levels in cerebral and hepatic tissues, induced by single high dose of oral cypermethrin adminis"
aspirin,ketoprofen,mechanism,High,3,"however, in a study of 12 normal subjects, concurrent administration of aspirin decreased ketoprofen protein binding and increased ketoprofen plasma clearance from 0.07 L/kg/h without aspirin to 0.11 L/kg/h with aspirin."
methylprednisolone,Aprepitant,advise,Moderate,3,"Aprepitant, when given as a regimen of 125 mg on Day 1 and 80 mg/day on Days 2 and 3, increased the AUC of methylprednisolone, a CYP3A4 substrate, by 1.34-fold on Day 1 and by 2.5-fold on Day 3, when methylprednisolone was coadministered intravenously as 125 mg on Day 1 and orally as 40 mg on Days 2"
heroin,diazepam,effect,Moderate,1,"Toxicology studies of heroin-related deaths reveal frequent involvement of other central nervous system depressants, including alcohol, benzodiazepines such as diazepam (Valium), and, to a rising degree, methadone."
phenytoin,anticoagulants,mechanism,High,2,"Because oral anticoagulants may interfere with the hepatic metabolism of phenytoin, toxic levels of the anticonvulsant may occur when an oral anticoagulant and phenytoin are administered concurrently."
Lithium,diuretics,advise,Moderate,6,Lithium generally should not be given with diuretics because they reduce its renal clearance and add a high risk of lithium toxicity.
antihistamines,CNS depressant drugs,advise,Moderate,1,Patients receiving antihistamines should be advised against the concurrent use of other CNS depressant drugs.
erythromycin,carbamazepine,int,Low,2,"Other drugs Drug interactions have been reported with concomitant administration of erythromycin and other medications, including cyclosporine, hexobarbital, carbamazepine, alfentanil, disopyramide, phenytoin, bromocriptine, valproate, astemizole, and lovastatin."
antihypertensive medications,vasodilators,effect,Moderate,1,"Antihypertensive Medications and Vasodilators: The following adverse events were experienced more commonly in patients receiving concomitant antihypertensive medications or vasodilators (n = 94) compared to patients not receiving these concomitant drugs (n = 456): hypotension 10% vs 4%, myocardial i"
METH,SCH-23390,effect,Moderate,1,"Using in situ hybridization, we observed that METH caused a rapid and transient dose-dependent increase in arc mRNA level in the striatum and cortex that was abolished by pretreatment with the specific dopamine D1 receptor antagonist SCH-23390 but not by an atypical neuroleptic clozapine."
MYOBLOC,curare-like compounds,advise,Moderate,1,"Co-administration of MYOBLOC and aminoglycosides or other agents interfering with neuromuscular transmission (e.g., curare-like compounds) should only be performed with caution as the effect of the toxin may be potentiated."
methotrexate,L-glutamine,effect,Moderate,2,Methotrexate - There is one report that methotrexate may decrease the possible effectiveness of supplemental L-glutamine for chemotherapy-induced mucositis.
antiarrhythmics,CRIXIVAN,advise,Moderate,1,Caution is warranted and therapeutic concentration monitoring is recommended for antiarrhythmics when coadministered with CRIXIVAN.
rifampin,caspofungin,mechanism,High,1,A drug-drug interaction study with rifampin in healthy volunteers has shown a 30% decrease in caspofungin trough concentrations.
Bezalip,anticoagulants of the coumarin type,effect,Moderate,1,When Bezalip or Bezalip retard is used at the same time as other medicines or substances the following interactions must be taken into account: - Bezalip and Bezalip retard may enhance the action of anticoagulants of the coumarin type.
nitroglycerin,captopril,advise,Moderate,1,"therefore, nitroglycerin or other nitrates (as used for management of angina) or other drugs having vasodilator activity should, if possible, be discontinued before starting captopril."
ibogaine,cocaine,effect,Moderate,1,only ibogaine enhances cocaine-induced increases in accumbal dopamine.
triazolam,Aprepitant,advise,Moderate,1,"The potential effects of increased plasma concentrations of midazolam or other benzodiazepines metabolized via CYP3A4 (alprazolam, triazolam) should be considered when coadministering these agents with Aprepitant."
Histamine H2 antagonists,Cimetidine,mechanism,High,1,Histamine H2 antagonists: Cimetidine inhibits CYP3A4 and can increase serum amiodarone levels.
Cimetidine,altretamine,mechanism,High,1,"Concurrent administration of HEXALEN and antidepressants of the MAO inhibitor class may cause severe orthostatic hypotension.Cimetidine, an inhibitor of microsomal drug metabolism, increased altretamines half-life and toxicity in a rat model."
Bile acid binding resins,hydrocortisone,mechanism,High,1,Bile acid binding resins may also interfere with the absorption of oral phosphate supplements and hydrocortisone.
Vardenafil,terazosin,effect,Moderate,4,"With simultaneous dosing of Vardenafil 20 mg and terazosin 10 mg, 2 of 9 subjects experienced a standing systolic blood pressure of less than 85 mm Hg."
Ibandronate,antacids,advise,Moderate,1,"Ibandronate should be taken at least 60 minutes before any oral medications containing multivalent cations (including antacids, supplements or vitamins)."
Theophylline,acetaminophen,mechanism,High,3,"Acetaminophen diminished the binding of theophylline to human serum by a net change of 5.7% (percentage increase in free drug fraction [FDF], 11.0%) at 662 micromol/L and by a net change of 7.1% (percentage increase in FDF, 13.7%) at 1324 micromol/L."
benzodiazepines,anticonvulsants,effect,Moderate,2,"The action of the benzodiazepines may be potentiated by anticonvulsants, antihistamines, alcohol, barbiturates, monoamine oxidase inhibitors, narcotics, phenothiazines, psychotropic medications, or other drugs that produce CNS depression."
dexamethasone,insulin,effect,Moderate,3,Dexamethasone and retinyl acetate similarly inhibit and stimulate EGF- or insulin-induced proliferation of prostatic epithelium.
"1,25(OH)2D3",TAM,effect,Moderate,2,"Our data suggest that TAM significantly potentiates the reduction in cell number induced by 1,25(OH)2D3 alone."
Cholestyramine,tetracycline,mechanism,High,1,"Cholestyramine resin may delay or reduce the absorption of concomitant oral medication such as phenylbutazone, warfarin, thiazide diuretics (acidic) or propranolol (basic), as well as tetracycline penicillin G, phenobarbital, thyroid and thyroxine preparations, estrogens and progestins, and digitali"
Etonogestrel,Nizoral,int,Low,1,"Etonogestrel may interact with the following medications: acetaminophen (Tylenol), antibiotics such as ampicillin and tetracycline, anticonvulsants (Dilantin, Phenobarbital, Tegretol, Trileptal, Topamax, Felbatol), antifungals (Gris-PEG, Nizoral, Sporanox), atorvastatin (Lipitor), clofibrate (Atromi"
estazolam,carbamazepine,mechanism,High,1,"While no in vivo drug-drug interaction studies were conducted between estazolam and inducers of CYP3A, compounds that are potent CYP3A inducers (such as carbamazepine, phenytoin, rifampin, and barbiturates) would be expected to decrease estazolam concentrations."
N-methyllevallorphan,morphine,effect,Moderate,1,"N-methyllevallorphan (5 mg/kg, s.c.) completely antagonized the inhibitory effect of loperamide and partly antagonized the effect of morphine."
anticholinergic,antiarrhythmics,effect,Moderate,1,"Drug Interactions: The central anticholinergic syndrome can occur when anticholinergic agents such as AKINETON are administered concomitantly with drugs that have secondary anticholinergic actions, e.g., certain narcotic analgesics such as meperidine, the phenothiazines and other antipsychotics, tri"
dexamethasone,EGF,effect,Moderate,5,Dexamethasone and retinyl acetate similarly inhibit and stimulate EGF- or insulin-induced proliferation of prostatic epithelium.
INDOCIN,triamterene,effect,Moderate,2,It has been reported that the addition of triamterene to a maintenance schedule of INDOCIN resulted in reversible acute renal failure in two of four healthy volunteers.
non- steroidal antiinflammatory agent,loop diuretics,effect,Moderate,1,"In some patients, the administration of a non- steroidal antiinflammatory agent can reduce the diuretic, natriuretic, and antihypertensive effects of loop, potassium- sparing and thiazide diuretics."
lithium,chlorothiazide,advise,Moderate,1,Refer to the package insert for lithium preparations before use of such preparations with chlorothiazide
ZYVOX,serotonergic agents,effect,Moderate,3,"Spontaneous reports of serotonin syndrome associated with co-administration of ZYVOX and serotonergic agents, including antidepressants such as selective serotonin reuptake inhibitors (SSRIs), have been reported."
cyclophosphamide,phenobarbital,mechanism,High,1,The rate of metabolism and the leukopenic activity of cyclophosphamide reportedly are increased by chronic administration of high doses of phenobarbital.
Anagrelide,theophylline,mechanism,High,1,Anagrelide demonstrates some limited inhibitory activity towards CYP1A2 which may present a theoretical potential for interaction with other coadministered medicinal products sharing that clearance mechanism e.g. theophylline.
barbiturates,chlorpropamide,effect,Moderate,1,"Since animal studies suggest that the action of barbiturates may be prolonged by therapy with chlorpropamide, barbiturates should be employed with caution."
diflunisal,hydrochlorothiazide,effect,Moderate,2,Diflunisal decreased the hyperuricemic effect of hydrochlorothiazide.
tricyclic antidepressants,cimetidine,mechanism,High,13,"plasma levels of several closely related tricyclic antidepressants have been reported to be increased by the concomitant administration of methylphenidate or hepatic enzyme inhibitors (e.g., cimetidine, fluoxetine) and decreased by the concomitant administration of hepatic enzyme inducers (e.g., bar"
multivalent cations,alendronate,mechanism,High,1,Products containing calcium and other multivalent cations likely will interfere with absorption of alendronate.
opioids,INAPSINE,effect,Moderate,1,"Other CNS depressant drugs (e.g. barbiturates, tranquilizers, opioids and general anesthetics) have additive or potentiating effects with INAPSINE."
anticoagulant,tolbutamide,effect,Moderate,1,"Drugs that reportedly may increase oral anticoagulant response, ie, increased prothrombin response, in man include:alcohol*;allopurinol;aminosalicylic acid;amiodarone;anabolic steroids;antibiotics;bromelains;chloral hydrate*;chlorpropamide;chymotrypsin;cimetidine;cinchophen;clofibrate;dextran;dextro"
etodolac,phenylbutazone,mechanism,High,2,Phenylbutazone: Phenylbutazone causes increase (by about 80%) in the free fraction of etodolac.
antidepressants,fluoxetine hydrochloride,mechanism,High,1,"There have been greater than 2-fold increases in previously stable plasma levels of other antidepressants, including nortriptyline, when fluoxetine hydrochloride has been administered in combination with these agents."
benzodiazepines,nicardipine,int,Low,1,"Data from in vitro studies of benzodiazepines other than alprazolam suggest a possible drug interaction for the following: ergotamine, cyclosporine, amiodarone, nicardipine, and nifedipine."
carbamazepine,saquinavir,mechanism,High,2,"Coadministration with compounds that are potent inducers of CYP3A4 (eg, phenobarbital, phenytoin, dexamethasone, carbamazepine) may result in decreased plasma levels of saquinavir."
guanethidine,amphetamines,mechanism,High,1,"Acidifying agents: Gastrointestinal acidifying agents (guanethidine, reserpine, glutamic acid HCl, ascorbic acid, fruit juices, etc.) lower absorption of amphetamines."
Etonogestrel,Tegretol,int,Low,1,"Etonogestrel may interact with the following medications: acetaminophen (Tylenol), antibiotics such as ampicillin and tetracycline, anticonvulsants (Dilantin, Phenobarbital, Tegretol, Trileptal, Topamax, Felbatol), antifungals (Gris-PEG, Nizoral, Sporanox), atorvastatin (Lipitor), clofibrate (Atromi"
Angiomax,warfarin,effect,Moderate,1,"In clinical trials in patients undergoing PTCA/PCI, co-administration of Angiomax with heparin, warfarin, thrombolytics or glycoprotein IIb/IIIa inhibitors was associated with increased risks of major bleeding events compared to patients not receiving these concomitant medications."
anastrozole,tamoxifen,advise,Moderate,2,"Based on clinical and pharmacokinetic results from the ATAC trial, tamoxifen should not be administered with anastrozole (see CLINICAL PHARMACOLOGY   Drug Interactions and CLINICAL PHARMACOLOGY - Clinical Studies - Adjuvant Treatment of Breast Cancer in Postmenopausal Women subsections)."
nondepolarizing agents,colistin,effect,Moderate,2,"Other drugs which may enhance the neuromuscular blocking action of nondepolarizing agents such as NIMBEX include certain antibiotics (e. g., aminoglycosides, tetracyclines, bacitracin, polymyxins, lincomycin, clindamycin, colistin, and sodium colistemethate), magnesium salts, lithium, local anesthet"
TARCEVA,rifampicin,advise,Moderate,1,"If the TARCEVA dose is adjusted upward, the dose will need to be reduced upon discontinuation of rifampicin or other inducers."
HMG-CoA reductase inhibitors,immunosuppressive drugs,effect,Moderate,1,Rhabdomyolysis has been observed in patients receiving HMG-CoA reductase inhibitors administered alone (at recommended dosages) or concomitantly with immunosuppressive drugs including cyclosporine.
theophylline,PEGASYS,mechanism,High,2,Treatment with PEGASYS once weekly for 4 weeks in healthy subjects was associated with an inhibition of P450 1A2 and a 25% increase in theophylline AUC.
colestipol,vitamin K,mechanism,High,1,Colestipol-Concomitant intake of colestipol and vitamin K may reduce the absorption of vitamin K.
thiazide diuretics,dihydrotachysterol,effect,Moderate,1,Administration of thiazide diuretics to hypoparathyroid patients who are concurrently being treated with dihydrotachysterol may cause hypercalcemia.
cephalexin,probenecid,mechanism,High,1,"Probenecid: As with other b-lactams, the renal excretion of cephalexin is inhibited by probenecid."
TARCEVA,ritonavir,advise,Moderate,1,"Caution should be used when administering or taking TARCEVA with ketoconazole and other strong CYP3A4 inhibitors such as, but not limited to, atazanavir, clarithromycin, indinavir, itraconazole, nefazodone, nelfinavir, ritonavir, saquinavir, telithromycin, troleandomycin (TAO), and voriconazole ."
STRATTERA,fluoxetine,advise,Moderate,1,"Dosage adjustment of STRATTERA may be necessary when coadministered with CYP2D6 inhibitors, e.g., paroxetine, fluoxetine, and quinidine."
Tagamet,phenytoin,mechanism,High,1,"Tagamet, apparently through an effect on certain microsomal enzyme systems, has been reported to reduce the hepatic metabolism of warfarin-type anticoagulants, phenytoin, propranolol, nifedipine, chlordiazepoxide, diazepam, certain tricyclic antidepressants, lidocaine, theophylline and metronidazole"
azithromycin,efavirenz,mechanism,High,2,Co-administration with efavirenz or fluconazole had a modest effect on the pharmacokinetics of azithromycin.
Antizol,ketoconazole,mechanism,High,1,"Reciprocal interactions may occur with concomitant use of Antizol and drugs that increase or inhibit the cytochrome P450 system (e.g., phenytoin, carbamazepine, cimetidine, ketoconazole), though this has not been studied"
levobupivacaine,phenytoin,mechanism,High,1,"Although no clinical studies have been conducted, it is likely that the metabolism of levobupivacaine may be affected by the known CYP3A4 inducers (such as phenytoin, phenobarbital, rifampin), CYP3A4 inhibitors (azole antimycotics e.g., ketoconazole;"
haloperidol,dopamine,effect,Moderate,1,Butyrophenones (such as haloperidol) and phenothiazines can suppress the dopaminergic renal and mesenteric vasodilation induced with low dose dopamine infusion.
benzodiazepines,MAO inhibitors,effect,Moderate,1,"Injection: Lorazepam injection, like other injectable benzodiazepines, produces depression of the central nervous system when administered with ethyl alcohol, phenothiazines, barbiturates, MAO inhibitors, and other antidepressants.When scopolamine is used concomitantly with injectable lorazepam, an "
indinavir,VIDEX,advise,Moderate,2,"To avoid this interaction, delavirdine or indinavir should be given 1 hour prior to dosing with VIDEX."
macrolide antibiotics,TIKOSYN,advise,Moderate,1,"Inhibitors of this isoenzyme (e.g., macrolide antibiotics, azole antifungal agents, protease inhibitors, serotonin reuptake inhibitors, amiodarone, cannabinoids, diltiazem, grapefruit juice, nefazadone, norfloxacin, quinine, zafirlukast) should be cautiously coadministered with TIKOSYN as they can p"
Argatroban,anticoagulants,effect,Moderate,1,"Co-administration: Concomitant use of Argatroban with antiplatelet agents, thrombolytics, and other anticoagulants may increase the risk of bleeding."
anticoagulant,diflunisal,effect,Moderate,1,"Drugs that reportedly may increase oral anticoagulant response, ie, increased prothrombin response, in man include:alcohol*;allopurinol;aminosalicylic acid;amiodarone;anabolic steroids;antibiotics;bromelains;chloral hydrate*;chlorpropamide;chymotrypsin;cimetidine;cinchophen;clofibrate;dextran;dextro"
captopril,diuretic,effect,Moderate,1,"The possibility of hypotensive effects with captopril can be minimized by either discontinuing the diuretic or increasing the salt intake approximately one week prior to initiation of treatment with captopril (captopril tablets, USP) or initiating therapy with small doses (6.25 or 12.5 mg)."
ALLEGRA,aluminum,advise,Moderate,1,ALLEGRA should not be taken closely in time with aluminum and magnesium containing antacids.
PLETAL,omeprazole,advise,Moderate,1,"Since PLETAL is extensively metabolized by cytochrome P-450 isoenzymes, caution should be exercised when PLETAL is coadministered with inhibitors of C.P.A. such as ketoconazole and erythromycin or inhibitors of CYP2C19 such as omeprazole."
EQUETROTM,Phenytoin,mechanism,High,3,"Agents with Increased Levels in the Presence of Carbamazepine: EQUETROTM increases the plasma levels of the following agents: Clomipramine HCl, Phenytoin(6), and primidone Thus, if a patient has been titrated to a stable dosage on one of the agents in this category, and then begins a course of the t"
timolol,guanfacine,effect,Moderate,1,"Noncardioselective beta-blockers (nadolol,porpranolol,timolol) may exacerbate rebound hypertension when guanfacine is withdrawn."
anticoagulant,nalidixic acid,effect,Moderate,1,"Drugs that reportedly may increase oral anticoagulant response, ie, increased prothrombin response, in man include:alcohol*;allopurinol;aminosalicylic acid;amiodarone;anabolic steroids;antibiotics;bromelains;chloral hydrate*;chlorpropamide;chymotrypsin;cimetidine;cinchophen;clofibrate;dextran;dextro"
valproic acid,ethosuximide,mechanism,High,1,"Since Zarontin (ethosuximide) may interact with concurrently administered antiepileptic drugs, periodic serum level determinations of these drugs may be necessary (eg, ethosuximide may elevate phenytoin serum levels and valproic acid has been reported to both increase and decrease ethosuximide level"
antacids,anticholinergic agents,mechanism,High,2,"Because antacids may interfere with the absorption of anticholinergic agents, simultaneous use of these drugs should be avoided."
Phenobarbital,aspirin,mechanism,High,1,Phenobarbital: Decreases aspirin effectiveness by enzyme induction.
eplerenone,fluconazole,mechanism,High,1,"Administration of eplerenone with other CYP3A4 inhibitors (e.g., erythromycin 500 mg BID, verapamil 240 mg QD, saquinavir 1200 mg TID, fluconazole 200 mg QD) resulted in increases in Cmax of eplerenone ranging from 1.4- to 1.6- fold and AUC from 2.0- to 2.9- fold."
Ibogaine,morphine,effect,Moderate,2,Both ibogaine and 18-MC block morphine-induced and nicotine-induced dopamine release in the nucleus accumbens;
bupropion,sertraline,advise,Moderate,1,"Therefore, co-administration of bupropion with drugs that are metabolized by CYP2D6 isoenzyme including certain antidepressants (e.g., nortriptyline, imipramine, desipramine, paroxetine, fluoxetine, sertraline), antipsychotics (e.g., haloperidol, risperidone, thioridazine), beta-blockers (e.g., meto"
antipsychotic agents,CNS depressants,effect,Moderate,1,"As with other antipsychotic agents, it should be noted that HALDOL may be capable of potentiating CNS depressants such as anesthetics, opiates, and alcohol."
BREVIBLOC,morphine,mechanism,High,2,"When intravenous morphine and BREVIBLOC were concomitantly administered in normal subjects, no effect on morphine blood levels was seen, but BREVIBLOC steady-state blood levels were increased by 46% in the presence of morphine."
enoxacin,caffeine,mechanism,High,3,Trough plasma enoxacin levels were also 20% higher when caffeine and enoxacin were administered concomitantly.
erythromycin,bromocriptine,int,Low,2,"There have been reports of interactions of erythromycin with carbamazepine, cyclosporine, tacrolimus, hexobarbital, phenytoin, alfentanil, cisapride, disopyramide, lovastatin, bromocriptine, valproate, terfenadine, and astemizole."
vitamin K antagonists,nilutamide,advise,Moderate,1,"For example, when vitamin K antagonists are administered concomitantly with nilutamide, prothrombin time should be carefully monitored and if necessary, the dosage of vitamin K antagonists should be reduced."
dexamethasone,CANCIDAS,advise,Moderate,2,"When CANCIDAS is co-administered with inducers of drug clearance, such as efavirenz, nevirapine, phenytoin, dexamethasone, or carbamazepine, use of a daily dose of 70 mg of CANCIDAS should be considered"
H2 blockers,SPRYCEL,advise,Moderate,2,The concomitant use of H2 blockers or proton pump inhibitors with SPRYCEL is not recommended.
HYDROXYZINE,BARBITURATES,effect,Moderate,1,"THE POTENTIATING ACTION OF HYDROXYZINE MUST BE CONSIDERED WHEN THE DRUG IS USED IN CONJUNCTION WITH CENTRAL NERVOUS SYSTEM DEPRESSANTS SUCH AS NARCOTICS, NON-NARCOTIC ANALGESICS AND BARBITURATES."
isoniazid,disulfiram,advise,Moderate,1,Patients taking isoniazid when disulfiram is given should be observed for the appearance of unsteady gait or marked changes in mental status;
Etonogestrel,prednisolone,int,Low,1,"Etonogestrel may interact with the following medications: acetaminophen (Tylenol), antibiotics such as ampicillin and tetracycline, anticonvulsants (Dilantin, Phenobarbital, Tegretol, Trileptal, Topamax, Felbatol), antifungals (Gris-PEG, Nizoral, Sporanox), atorvastatin (Lipitor), clofibrate (Atromi"
Diphenoxylate HCl,MAO inhibitors,int,Low,1,"Diphenoxylate HCl and atropine sulfate may interact with MAO inhibitors In studies with male rats, diphenoxylate hydrochloride was found to inhibit the hepatic microsomal enzyme system at a dose of 2 mg/kg/day."
Itraconazole,cisapride,mechanism,High,3,In vitro data suggest that itraconazole also markedly inhibits the biotransformation system mainly responsible for the metabolism of cisapride;
carvedilol,cyclosporine,advise,Moderate,3,Cyclosporine: Modest increases in mean trough cyclosporine concentrations were observed following initiation of carvedilol treatment in 21 renal transplant patients suffering from chronic vascular rejection.
diclofenac,insulin,effect,Moderate,2,"There are rare reports, however, from marketing experiences, of changes in effects of insulin or oral hypoglycemic agents in the presence of diclofenac that necessitated changes in the doses of such agents."
nitrates,captopril,advise,Moderate,1,"therefore, nitroglycerin or other nitrates (as used for management of angina) or other drugs having vasodilator activity should, if possible, be discontinued before starting captopril."
delavirdine,VIDEX,advise,Moderate,2,"To avoid this interaction, delavirdine or indinavir should be given 1 hour prior to dosing with VIDEX."
Atromid-S,phenytoin,mechanism,High,1,Atromid-S may displace acidic drugs such as phenytoin or tolbutamide from their binding sites.
alprazolam,clarithromycin,int,Low,1,Drugs and other substances demonstrated to be CYP 3A inhibitors on the basis of clinical studies involving benzodiazepines metabolized similarly to alprazolam or on the basis of in vitro studies with alprazolam or other benzodiazepines (caution is recommended during coadministration with alprazolam)
HEXALEN,cisplatin,effect,Moderate,1,Data from a randomized trial of HEXALEN and cisplatin plus or minus pyridoxine in ovarian cancer indicated that pyridoxine significantly reduced neurotoxicity;
Ponstel,furosemide,advise,Moderate,1,"During concomitant therapy of Ponstel with furosemide, the patient should be observed closely for signs of renal failure, as well as to assure diuretic efficacy."
anticoagulant,oxolinic acid,effect,Moderate,1,"Drugs that reportedly may increase oral anticoagulant response, ie, increased prothrombin response, in man include:alcohol*;allopurinol;aminosalicylic acid;amiodarone;anabolic steroids;antibiotics;bromelains;chloral hydrate*;chlorpropamide;chymotrypsin;cimetidine;cinchophen;clofibrate;dextran;dextro"
rifampin,fludrocortisone acetate,mechanism,High,1,"Barbiturates, phenytoin, or rifampin increased metabolic clearance of fludrocortisone acetate because of the induction of hepatic enzymes."
Gastrointestinal acidifying agents,amphetamines,mechanism,High,1,"Acidifying agents: Gastrointestinal acidifying agents (guanethidine, reserpine, glutamic acid HCl, ascorbic acid, fruit juices, etc.) lower absorption of amphetamines."
pentamidine,HIVID,advise,Moderate,2,"If intravenous pentamidine is required to treat Pneumocystis carinii pneumonia, treatment with HIVID should be interrupted."
phenobarbital,calcitriol,mechanism,High,2,"Phenytoin/Phenobarbital: The coadministration of phenytoin or phenobarbital will not affect plasma concentrations of vitamin D, but may reduce endogenous plasma levels of calcitriol/ergocalcitriol by accelerating metabolism."
flurbiprofen,diuretics,advise,Moderate,1,Patients receiving flurbiprofen and furosemide or other diuretics should be observed closely to determine if the desired effect is obtained.
quinolone,calcium,mechanism,High,1,"Multivalent Cation-Containing Products: Concurrent administration of a quinolone, including ciprofloxacin, with multivalent cation-containing products such as magnesium or aluminum antacids, sucralfate, VIDEX chewable/buffered tablets or pediatric powder, or products containing calcium, iron, or zin"
tiagabine,phenobarbital,mechanism,High,1,Phenobarbital (Primidone): Population pharmacokinetic analyses indicate that tiagabine clearance is 60% greater in patients taking phenobarbital (primidone) with or without other enzyme-inducing AEDs.
Antihistamines,alcohol,effect,Moderate,4,"Concomitant use of antihistamines with alcohol, tricyclic antidepressants, barbiturates, or other central nervous system depressants may have an additive effect."
non- steroidal antiinflammatory agent,thiazide diuretics,effect,Moderate,1,"In some patients, the administration of a non- steroidal antiinflammatory agent can reduce the diuretic, natriuretic, and antihypertensive effects of loop, potassium- sparing and thiazide diuretics."
Sumatriptan,D.H.E. 45,effect,Moderate,2,"Sumatriptan: Sumatriptan has been reported to cause coronary artery vasospasm, and its effect could be additive with D.H.E. 45  (dihydroergotamine mesylate) Injection, USP."
azole antifungal agents,hypoglycemic agents,effect,Moderate,1,Severe hypoglycemia has been reported in patients concomitantly receiving azole antifungal agents and oral hypoglycemic agents.
central nervous system depressants,heroin,effect,Moderate,2,"Toxicology studies of heroin-related deaths reveal frequent involvement of other central nervous system depressants, including alcohol, benzodiazepines such as diazepam (Valium), and, to a rising degree, methadone."
prostaglandin F2alpha,oxytocin,int,Low,1,In vitro interaction of prostaglandin F2alpha and oxytocin in placental vessels.
activated charcoal,leflunomide,mechanism,High,1,Cholestyramine and Charcoal Administration of cholestyramine or activated charcoal in patients (n=13) and volunteers (n=96) resulted in a rapid and significant decrease in plasma M1 (the active metabolite of leflunomide) concentration .
HALDOL,opiates,effect,Moderate,1,"As with other antipsychotic agents, it should be noted that HALDOL may be capable of potentiating CNS depressants such as anesthetics, opiates, and alcohol."
Furosemide,tubocurarine,effect,Moderate,1,Furosemide has a tendency to antagonize the skeletal muscle relaxing effect of tubocurarine and may potentiate the action of succinylcholine.
Cimetidine,cisapride,mechanism,High,2,The gastrointestinal absorption of cimetidine and ranitidine is accelerated when they are coadministered with cisapride.
apraclonidine,cardiac glycosides,advise,Moderate,1,"Since apraclonidine may reduce pulse and blood pressure, caution in using drugs such as beta-blockers (ophthalmic and systemic), antihypertensives, and cardiac glycosides is advised."
CANCIDAS,nevirapine,mechanism,High,2,"In addition, results from regression analyses of patient pharmacokinetic data suggest that co-administration of other inducers of drug clearance (efavirenz, nevirapine, phenytoin, dexamethasone, or carbamazepine) with CANCIDAS may result in clinically meaningful reductions in caspofungin concentrati"
INSPRA,angiotensin II receptor antagonists,effect,Moderate,1,"ACE Inhibitors and Angiotensin II Receptor Antagonists (Hypertension)- In clinical studies of patients with hypertension, the addition of INSPRA 50 to 100 mg to ACE inhibitors and angiotensin II receptor antagonists increased mean serum potassium slightly (about 0.09-0.13 mEq/L)."
fluoxetine,aripiprazole,mechanism,High,1,"Inhibitors of CYP3A4 (eg, ketoconazole) or CYP2D6 (eg, quinidine, fluoxetine, or paroxetine) can inhibit aripiprazole elimination and cause increased blood levels."
antihistamines,central nervous system depressants,effect,Moderate,1,"Concomitant use of antihistamines with alcohol, tricyclic antidepressants, barbiturates, or other central nervous system depressants may have an additive effect."
thiazides,vitamin D,effect,Moderate,3,Some reports have shown that the concomitant administration of thiazides with vitamin D causes hypercalcemia.
alosetron,telithromycin,advise,Moderate,1,"Coadministration of alosetron and strong CYP3A4 inhibitors, such as clarithromycin, telithromycin, protease inhibitors, voriconazole, and itraconazole has not been evaluated but should be undertaken with caution because of similar potential drug interactions."
norepinephrine,monoamine oxidase inhibitors,effect,Moderate,3,"The administration of local anesthetic solutions containing epinephrine or norepinephrine to patients receiving monoamine oxidase inhibitors, tricyclic antidepressants or phenothiazines may produce severe, prolonged hypotension or hypertension."
CASODEX,warfarin,mechanism,High,1,"In vitro studies have shown CASODEX can displace coumarin anticoagulants, such as warfarin, from their protein-binding sites."
nondepolarizing agents,quinidine,effect,Moderate,2,"Other drugs which may enhance the neuromuscular blocking action of nondepolarizing agents such as NIMBEX include certain antibiotics (e. g., aminoglycosides, tetracyclines, bacitracin, polymyxins, lincomycin, clindamycin, colistin, and sodium colistemethate), magnesium salts, lithium, local anesthet"
ACTH,amphotericin B,effect,Moderate,1,Corticosteroids and Corticotropin (ACTH): may potentiate amphotericin B- induced hypokalemia which may predispose the patient to cardiac dysfunction.
DOSTINEX,phenothiazines,advise,Moderate,1,"DOSTINEX should not be administered concurrently with D2-antagonists, such as phenothiazines, butyrophenones, thioxanthines, or metoclopramide."
MIDAMOR,non-steroidal anti-inflammatory agents,advise,Moderate,1,"Therefore, when MIDAMOR and non-steroidal anti-inflammatory agents are used concomitantly, the patient should be observed closely to determine if the desired effect of the diuretic is obtained."
PRECEDEX,anesthetics,effect,Moderate,1,"Anesthetics/Sedatives/Hypnotics/Opioids: Co-administration of PRECEDEX with anesthetics, sedatives, hypnotics, and opioids is likely to lead to an enhancement of effects."
antipsychotic drug,antiparkinsonian drug,effect,Moderate,1,"The concurrent use of two or more drugs with anticholinergic activity--such as an antipsychotic drug (eg, chlorpromazine), an antiparkinsonian drug (eg, trihexyphenidyl), and/or a tricyclic antidepressant (eg, amitriptyline)--commonly results in excessive anticholinergic effects, including dry mouth"
gabapentin,Maalox,mechanism,High,3,Antacid (Maalox ): Maalox reduced the bioavailability of gabapentin (N=16) by about 20%.
Duloxetine,amitriptyline,advise,Moderate,1,"Therefore, co-administration of Duloxetine with other drugs that are extensively metabolized by this isozyme and which have a narrow therapeutic index, including certain antidepressants (tricyclic antidepressants [TCAs], such as nortriptyline, amitriptyline, and imipramine), phenothiazines and Type "
beta-blocker,reserpine,advise,Moderate,2,"Close observation of the patient is recommended when a beta-blocker is administered to patients receiving catecholamine-depleting drugs such as reserpine, because of possible additive effects and the production of hypotension and/or marked bradycardia, which may produce vertigo, syncope, or postural"
indinavir,didanosine,mechanism,High,4,"Concurrent administration of indinavir and didanosine significantly reduces the level of exposure to indinavir, but it is unclear how soon after didanosine administration indinavir may be given safely."
dextran,heparin sodium,effect,Moderate,1,"Platelet inhibitors: Drugs such as acetylsalicylic acid, dextran, phenylbutazone, ibuprofen, indomethacin, dipyridamole, hydroxychloroquine and others that interfere with platelet-aggregation reactions (the main hemostatic defense of heparinized patients) may induce bleeding and should be used with "
anticoagulant,contraceptives,effect,Moderate,1,"Drugs that have been reported to diminish oral anticoagulant response, ie, decreased prothrom-bin time response, in man significantly include: adrenocortical steroids;alcohol*;antacids;antihistamines;barbiturates;carbamazepine;chloral hydrate*;chlordiazepoxide;cholestyramine;diet high in vitamin K;d"
halogenated hydrocarbon anesthetics,dopamine,effect,Moderate,1,"Cyclopropane or halogenated hydrocarbon anesthetics increase cardiac autonomic irritability and may sensitize the myocardium to the action of certain intravenously administered catecholamines, such as dopamine."
tetracyclines,iron,mechanism,High,2,"Absorption of tetracyclines is impaired by antacids containing aluminum, calcium, or magnesium, and iron-containing preparations."
alcohol,ethchlorvynol,effect,Moderate,1,"Other depressasnts such as alcohol, barbiturates, and MAOIs may enhance CNS depression when administered with ethchlorvynol."
methotrexate,PROLEUKIN,effect,Moderate,1,"Concurrent administration of drugs possessing nephrotoxic (e.g., aminoglycosides, indomethacin), myelotoxic (e.g., cytotoxic chemotherapy), cardiotoxic (e.g., doxorubicin) or hepatotoxic (e.g., methotrexate, asparaginase) effects with PROLEUKIN may increase toxicity in these organ systems."
progestin,barbiturates,effect,Moderate,1,"The effectiveness of progestin-only pills is reduced by hepatic enzyme-inducing drugs such as the anticonvulsants phenytoin, carbamazepine, and barbiturates, and the antituberculosis drug rifampin."
Kineret,etanercept,effect,Moderate,2,"In a study in which patients with active RA were treated for up to 24 weeks with concurrent Kineret and etanercept therapy, a 7% rate of serious infections was observed, which was higher than that observed with etanercept alone (0%)."
diuretics,Lotensin,effect,Moderate,1,"Diuretics: Patients on diuretics, especially those in whom diuretic therapy was recently instituted, may occasionally experience an excessive reduction of blood pressure after initiation of therapy with Lotensin."
carbamazepine,exemestane,mechanism,High,1,"Co-medications that induce CYP 3A4 (e.g., rifampicin, phenytoin, carbamazepine, phenobarbital, or St. John s wort) may significantly decrease exposure to exemestane."
thiabendazole,melarsoprol,effect,Moderate,1,"Among the risk factors studied, two appear to increase the risk of ARE: the prescription of thiabendazole to treat strongyloidiasis during the melarsoprol cure and the bad general clinical conditions of patients."
erythromycin,ergotamine,effect,Moderate,2,Ergotamine: Concurrent use of erythromycin and ergotamine or dihydroergotamine has been associated in some patients with acute ergot toxicity characterized by severe peripheral vasospasm and dysesthesia.
NUROMAX,colistin,effect,Moderate,1,"Other drugs which may enhance the neuromuscular blocking action of nondepolarizing agents such as NUROMAX include certain antibiotics (e. g., aminoglycosides, tetracyclines, bacitracin, polymyxins, lincomycin, clindamycin, colistin, and sodium colistimethate), magnesium salts, lithium, local anesthe"
Bentiromide,procainamide,int,Low,1,"Bentiromide may interact with acetaminophen (e.g., Tylenol), chloramphenicol (e.g., Chloromycetin), local anesthetics (e.g., benzocaine and lidocaine), para-aminobenzoic acid (PABA)-containing preparations (e.g., sunscreens and some multivitamins), procainamide (e.g., Pronestyl), sulfonamides (sulfa"
calcium channel blockers,nitrates,effect,Moderate,1,Marked symptomatic orthostatic hypotension has been reported when calcium channel blockers and organic nitrates were used in combination.
alprazolam,Aprepitant,advise,Moderate,1,"The potential effects of increased plasma concentrations of midazolam or other benzodiazepines metabolized via CYP3A4 (alprazolam, triazolam) should be considered when coadministering these agents with Aprepitant."
Cholestyramine,warfarin,mechanism,High,1,"Cholestyramine resin may delay or reduce the absorption of concomitant oral medication such as phenylbutazone, warfarin, thiazide diuretics (acidic) or propranolol (basic), as well as tetracycline penicillin G, phenobarbital, thyroid and thyroxine preparations, estrogens and progestins, and digitali"
SSRI,TCA,int,Low,5,The extent to which SSRI-TCAinteractions may pose clinical problems will depend on the degree of inhibition and the pharmacokinetics of the SSRI involved.
MAOIs,fluvoxamine,advise,Moderate,2,"Therefore, it is recommended that Fluvoxamine Tablets not be used in combination with MAOIs, or within 14 days of discontinuing treatment with a MAOI."
glimepiride,Magan,advise,Moderate,1,"Before taking glimepiride, tell your doctor if you are taking any of the following medicines: - aspirin or another salicylate such as magnesium/choline salicylate (Trilisate), salsalate (Disalcid, others), choline salicylate (Arthropan), magnesium salicylate (Magan), or bismuth subsalicylate (Pepto-"
PRINIVIL,thiazide-type diuretics,effect,Moderate,1,Agents Increasing Serum Potassium: PRINIVIL attenuates potassium loss caused by thiazide-type diuretics.
Aprepitant,troleandomycin,advise,Moderate,1,"Consequently, concomitant administration of Aprepitant with strong CYP3A4 inhibitors (e.g., ketoconazole, itraconazole, nefazodone, troleandomycin, clarithromycin, ritonavir, nelfinavir) should be approached with caution."
DIAMOX,phenytoin,mechanism,High,2,DIAMOX modifies phenytoin metabolism with increased serum levels of phenytoin.
anticoagulant,primidone,effect,Moderate,1,"Drugs that have been reported to diminish oral anticoagulant response, ie, decreased prothrom-bin time response, in man significantly include: adrenocortical steroids;alcohol*;antacids;antihistamines;barbiturates;carbamazepine;chloral hydrate*;chlordiazepoxide;cholestyramine;diet high in vitamin K;d"
ARAVA,warfarin,effect,Moderate,1,Warfarin: Increased INR (International Normalized Ratio) when ARAVA and warfarin were co-administered has been rarely reported.
colestipol,atorvastatin,effect,Moderate,2,"However, LDL-C reduction was greater when atorvastatin and colestipol were coadministered than when either drug was given alone."
TORADOL,alprazolam,effect,Moderate,1,"Psychoactive Drugs: Hallucinations have been reported when TORADOL was used in patients taking psychoactive drugs (fluoxetine, thiothixene, alprazolam)."
EQUETROTM,desipramine,mechanism,High,1,"Agents that have been found, or are expected to have decreased plasma levels in the presence of EQUETROTM due to induction of CYP enzymes are the following: Acetaminophen, alprazolam, amitriptyline, bupropion, buspirone, citalopram, clobazam, clonazepam, clozapine, cyclosporin, delavirdine, desipram"
selegiline hydrochloride,fluvoxamine,effect,Moderate,1,"In patients receiving nonselective monoamine oxidase inhibitors (MAOIs) (e.g., selegiline hydrochloride) in combination with serotoninergic agents (e.g., fluoxetine, fluvoxamine, paroxetine, sertraline, venlafaxine), there have been reports of serious, sometimes fatal, reactions."
felbamate,valproate,mechanism,High,1,Increasing the felbamate dose to 2400 mg/day increased the steadystate valproate Cmin to 96 25 micrograms/mL.
verapamil,bombesin,effect,Moderate,2,"Verapamil also significantly decreased the incidence of lymphatic invasion of adenocarcinomas, which was enhanced by bombesin."
NIMBEX,antibiotics,effect,Moderate,1,"Other drugs which may enhance the neuromuscular blocking action of nondepolarizing agents such as NIMBEX include certain antibiotics (e. g., aminoglycosides, tetracyclines, bacitracin, polymyxins, lincomycin, clindamycin, colistin, and sodium colistemethate), magnesium salts, lithium, local anesthet"
levothyroxine sodium,ferrous sulfate,mechanism,High,1,"Levothyroxine Sodium Absorption: The following agents may bind and decrease absorption of levothyroxine sodium from the gastrointestinal tract: aluminum hydoxide, cholestyramine resin, colestipol hydrochloride, ferrous sulfate, sodium polystyrene sulfonate, soybean flour (e.g., infant formula), sucr"
bosentan,cyclosporine A,mechanism,High,3,Co-administration of bosentan decreased the plasma concentrations of cyclosporine A (a CYP3A4 substrate) by approximately 50%.
halofantrine,Mefloquine,advise,Moderate,1,"Because of the danger of a potentially fatal prolongation of the QTc interval, halofantrine must not be given simultaneously with or subsequent to Mefloquine."
Naproxen,propranolol,effect,Moderate,1,Naproxen and other NSAIDs can reduce the antihypertensive effect of propranolol and other beta-blockers.
Gleevec,ketoconazole,advise,Moderate,2,"Drugs that may alter imatinib plasma concentrations Drugs that may increase imatinib plasma concentrations: Caution is recommended when administering Gleevec with inhibitors of the CYP3A4 family (e.g., ketoconazole, itraconazole, erythromycin, clarithromycin)."
asparaginase,PROLEUKIN,effect,Moderate,1,"Concurrent administration of drugs possessing nephrotoxic (e.g., aminoglycosides, indomethacin), myelotoxic (e.g., cytotoxic chemotherapy), cardiotoxic (e.g., doxorubicin) or hepatotoxic (e.g., methotrexate, asparaginase) effects with PROLEUKIN may increase toxicity in these organ systems."
anticoagulant,aminosalicylic acid,effect,Moderate,1,"Drugs that reportedly may increase oral anticoagulant response, ie, increased prothrombin response, in man include:alcohol*;allopurinol;aminosalicylic acid;amiodarone;anabolic steroids;antibiotics;bromelains;chloral hydrate*;chlorpropamide;chymotrypsin;cimetidine;cinchophen;clofibrate;dextran;dextro"
MAOIs,venlafaxine,effect,Moderate,1,"In patients receiving nonselective monoamine oxidase inhibitors (MAOIs) (e.g., selegiline hydrochloride) in combination with serotoninergic agents (e.g., fluoxetine, fluvoxamine, paroxetine, sertraline, venlafaxine), there have been reports of serious, sometimes fatal, reactions."
Barbiturates,beta blockers,effect,Moderate,2,"Barbiturates may decrease the effectiveness of oral contraceptives, certain antibiotics, quinidine, theophylline, corticosteroids, anticoagulants, and beta blockers."
Aspirin,probenecid,effect,Moderate,1,"Uricosuric Agents: Aspirin may decrease the effects of probenecid, sulfinpyrazone, and phenylbutazone."
Carbamazepine,Felbatol,mechanism,High,3,Carbamazepine: Felbatol  causes a decrease in the steady-state carbamazepine plasma concentrations and an increase in the steady-state carbamazepine epoxide plasma concentration.
benzodiazepines,SUBUTEX,advise,Moderate,2,"SUBUTEX and SUBOXONE should be prescribed with caution to patients on benzodiazepines or other drugs that act on the central nervous system, regardless of whether these drugs are taken on the advice of a physician or are taken as drugs of abuse."
MAO inhibitors,SINEQUAN,advise,Moderate,1,"Therefore, MAO inhibitors should be discontinued at least two weeks prior to the cautious initiation of therapy with SINEQUAN."
naloxone,beta-endorphin,effect,Moderate,3,"Intrathecal injection of naloxone at doses of 0.4 to 40 micrograms caused a dose-related blockade of the inhibition of the tail-flick response induced by intraventricular injection of beta-endorphin, and a high dose of naloxone (40 micrograms) completely blocked the tail-flick inhibition induced by "
Chirocaine,anesthetics,advise,Moderate,1,Chirocaine   should be used with caution in patients receiving other local anesthetics or agents structurally related to amide-type local anesthetics since the toxic effects of these drugs could be additive.
Etonogestrel,atorvastatin,int,Low,1,"Etonogestrel may interact with the following medications: acetaminophen (Tylenol), antibiotics such as ampicillin and tetracycline, anticonvulsants (Dilantin, Phenobarbital, Tegretol, Trileptal, Topamax, Felbatol), antifungals (Gris-PEG, Nizoral, Sporanox), atorvastatin (Lipitor), clofibrate (Atromi"
erythromycin,phenytoin,int,Low,2,"Other drugs Drug interactions have been reported with concomitant administration of erythromycin and other medications, including cyclosporine, hexobarbital, carbamazepine, alfentanil, disopyramide, phenytoin, bromocriptine, valproate, astemizole, and lovastatin."
Cimetidine,zaleplon,mechanism,High,1,"Drugs That Inhibit Both Aldehyde Oxidase and CYP3A4 Cimetidine: Cimetidine inhibits both aldehyde oxidase (in vitro) and CYP3A4 (in vitro and in vivo), the primary and secondary enzymes, respectively, responsible for zaleplon metabolism."
Azlocillin,gentamicin,advise,Moderate,1,"Azlocillin should not be administered concomitantly with amikacin, ciprofloxacin, gentamicin, netilmicin, or tobramycin."
phenobarbital,Trileptal,mechanism,High,1,"The increase of phenobarbital level, however, is small (15%) when given with Trileptal."
Ibandronate,vitamins,advise,Moderate,1,"Ibandronate should be taken at least 60 minutes before any oral medications containing multivalent cations (including antacids, supplements or vitamins)."
VISTIDE,amphotericin B,advise,Moderate,1,"Nephrotoxic agents : Concomitant administration of VISTIDE and agents with nephrotoxic potential [e.g., intravenous aminoglycosides (e.g., tobramycin, gentamicin, and amikacin), amphotericin B, foscarnet, intravenous pentamidine, vancomycin, and non-steroidal anti-inflammatory agents] is contraindic"
Levo-Dromoran,barbiturates,effect,Moderate,1,"Interactions with Other CNS Agents: Concurrent use of Levo-Dromoran with all central nervous system depressants (eg, alcohol, sedatives, hypnotics, other opioids, general anesthetics, barbiturates, tricyclic antidepressants, phenothiazines, tranquilizers, skeletal muscle relaxants and antihistamines"
acetaminophen,BUSULFEX,mechanism,High,1,"Because busulfan is eliminated from the body via conjugation with glutathione, use of acetaminophen prior to ( 72 hours) or concurrent with BUSULFEX may result in reduced busulfan clearance based upon the known property of acetaminophen to decrease glutathione levels in the blood and tissues."
nondepolarizing agents,bacitracin,effect,Moderate,2,"Other drugs which may enhance the neuromuscular blocking action of nondepolarizing agents such as NIMBEX include certain antibiotics (e. g., aminoglycosides, tetracyclines, bacitracin, polymyxins, lincomycin, clindamycin, colistin, and sodium colistemethate), magnesium salts, lithium, local anesthet"
Levo-Dromoran,tricyclic antidepressants,effect,Moderate,1,"Interactions with Other CNS Agents: Concurrent use of Levo-Dromoran with all central nervous system depressants (eg, alcohol, sedatives, hypnotics, other opioids, general anesthetics, barbiturates, tricyclic antidepressants, phenothiazines, tranquilizers, skeletal muscle relaxants and antihistamines"
Dexbrompheniramine,alcohol,effect,Moderate,2,"Dexbrompheniramine can interact with alcohol or other CNS depressants (may potentiate the CNS depressant effects of either these medications or antihistamines), anticholinergics or other medications with anticholinergic activity (anticholinergic effects may be potentiated when these medications are "
cholestyramine,leflunomide,mechanism,High,1,Cholestyramine and Charcoal Administration of cholestyramine or activated charcoal in patients (n=13) and volunteers (n=96) resulted in a rapid and significant decrease in plasma M1 (the active metabolite of leflunomide) concentration .
CANCIDAS,carbamazepine,mechanism,High,2,"In addition, results from regression analyses of patient pharmacokinetic data suggest that co-administration of other inducers of drug clearance (efavirenz, nevirapine, phenytoin, dexamethasone, or carbamazepine) with CANCIDAS may result in clinically meaningful reductions in caspofungin concentrati"
ZYVOX,selective serotonin reuptake inhibitors,effect,Moderate,1,"Spontaneous reports of serotonin syndrome associated with co-administration of ZYVOX and serotonergic agents, including antidepressants such as selective serotonin reuptake inhibitors (SSRIs), have been reported."
apraclonidine,antihypertensives,advise,Moderate,1,"Since apraclonidine may reduce pulse and blood pressure, caution in using drugs such as beta-blockers (ophthalmic and systemic), antihypertensives, and cardiac glycosides is advised."
EQUETROTM,fluoxetine,mechanism,High,1,"Agents that are CYP3A4 inhibitors that have been found, or are expected, to increase plasma levels of EQUETROTM are the following: Acetazolamide, azole antifungals, cimetidine, clarithromycin(1), dalfopristin, danazol, delavirdine, diltiazem, erythromycin(1), fluoxetine, fluvoxamine, grapefruit juic"
bupropion,thioridazine,advise,Moderate,1,"Therefore, co-administration of bupropion with drugs that are metabolized by CYP2D6 isoenzyme including certain antidepressants (e.g., nortriptyline, imipramine, desipramine, paroxetine, fluoxetine, sertraline), antipsychotics (e.g., haloperidol, risperidone, thioridazine), beta-blockers (e.g., meto"
Carbamazepine,isoniazid,mechanism,High,2,"Carbamazepine: Isoniazid is known to slow the metabolism of carbamazepine and increase its serum levels Carbamazepine levels should be determined prior to concurrent administration with isoniazid, signs and symptoms of carbamazepine toxicity should be monitored closely, and appropriate dosage adjust"
antacids,vitamin D,advise,Moderate,3,"Magnesium: Magnesium-containing preparations (eg, antacids) may cause hypermagnesemia and should therefore not be taken during therapy with vitamin D by patients on chronic renal dialysis."
VIOXX,warfarin,advise,Moderate,2,"Warfarin: Anticoagulant activity should be monitored, particularly in the first few days after initiating or changing VIOXX therapy in patients receiving warfarin or similar agents, since these patients are at an increased risk of bleeding complications."
corticosteroids,antidiabetic agents,effect,Moderate,1,"Antidiabetics: Because corticosteroids may increase blood glucose concentrations, dosage adjustments of antidiabetic agents may be required."
iron,cobalt,mechanism,High,4,"Consequently, the effect of iron on the retention of cobalt was lower than on absorption."
ethambutol,aluminum hydroxide,mechanism,High,2,"The results of a study of coadministration of ethambutol (50 mg/kg) with an aluminum hydroxide containing antacid to 13 patients with tuberculosis showed a reduction of mean serum concentrations and urinary excretion of ethambutol of approximately 20% and 13%, respectively, suggesting that the oral "
gentamicin,99mTc-MDP,mechanism,High,1,"Due to its nephrotoxicity, gentamicin may cause abnormal renal uptake to be seen on 99mTc-MDP bone scintigraphy."
Didanosine,norfloxacin,advise,Moderate,1,"Videx (Didanosine) chewable/buffered tablets or the pediatric powder for oral solution should not be administered concomitantly with, or within 2 hours of, the administration of norfloxacin, because these products may interfere with absorption resulting in lower serum and urine levels of norfloxacin"
Sympathomimetic amines,reserpine,effect,Moderate,1,"Sympathomimetic amines may reduce the antihypertensive effects of reserpine, veratrum alkaloids, methyldopa and mecamylamine."
5-HT1B/1D agonists,AXERT,advise,Moderate,1,Other 5-HT1B/1D Agonists Concomitant use of other 5-HT1B/1D agonists within 24 hours of treatment with AXERT is contraindicated.
theophylline,adrenergic agonists,effect,Moderate,1,"Concomitant treatment with methylxanthines (aminophylline, theophylline), steroids, or diuretics may potentiate any hypokalemic effect of adrenergic agonists."
L-methionine,acetaminophen,effect,Moderate,1,Acetaminophen and methotrexate - L-methionine may decrease hepatic toxicity in those with acetaminophen overdosage or in those taking methotrexate.
FLOLAN,antihypertensive agents,effect,Moderate,1,"Additional reductions in blood pressure may occur when FLOLAN is administered with diuretics, antihypertensive agents, or other vasodilators."
fluoxetine,carvedilol,effect,Moderate,1,"poor metabolizers of debrisoquin: Interactions of carvedilol with strong inhibitors of CYP2D6 (such as quinidine, fluoxetine, paroxetine, and propafenone) have not been studied, but these drugs would be expected to increase blood levels of the R(+) enantiomer of carvedilol ."
ZEBETA,verapamil,advise,Moderate,1,"ZEBETA should be used with care when myocardial depressants or inhibitors of AV conduction, such as certain calcium antagonists (particularly of the phenylalkylamine [verapamil] and benzothiazepine [diltiazem] classes), or antiarrhythmic agents, such as disopyramide, are used concurrently."
acetylsalicylic acid,heparin sodium,effect,Moderate,1,"Platelet inhibitors: Drugs such as acetylsalicylic acid, dextran, phenylbutazone, ibuprofen, indomethacin, dipyridamole, hydroxychloroquine and others that interfere with platelet-aggregation reactions (the main hemostatic defense of heparinized patients) may induce bleeding and should be used with "
Angiomax,heparin,effect,Moderate,1,"In clinical trials in patients undergoing PTCA/PCI, co-administration of Angiomax with heparin, warfarin, thrombolytics or glycoprotein IIb/IIIa inhibitors was associated with increased risks of major bleeding events compared to patients not receiving these concomitant medications."
clozapine,encainide,advise,Moderate,1,"Therefore, co-administration of clozapine with other drugs that are metabolized by this isozyme, including antidepressants, phenothiazines, carbamazepine, and Type 1C antiarrhythmics (e.g., propafenone, flecainide and encainide), or that inhibit this enzyme (e.g., quinidine), should be approached wi"
buspirone HCl,haloperidol,mechanism,High,1,"In a study in normal volunteers, concomitant administration of buspirone HCl and haloperidol resulted in increased serum haloperidol concentrations."
EQUETROTM,doxorubicin HCL,mechanism,High,1,"Agents that are CYP inducers that have been found, or are expected, to decrease plasma levels of EQUETROTM are the following: Cisplatin, doxorubicin HCL, felbamate, rifampin, phenobarbital, Phenytoin(2), primidone, methsuximide, and theophylline Thus, if a patient has been titrated to a stable dosag"
dolasetron mesylate,atenolol,mechanism,High,1,Clearance of hydrodolasetron decreased by about 27% when dolasetron mesylate was administered intravenously concomitantly with atenolol.
nondepolarizing agents,magnesium,effect,Moderate,2,"Other drugs which may enhance the neuromuscular blocking action of nondepolarizing agents such as NIMBEX include certain antibiotics (e. g., aminoglycosides, tetracyclines, bacitracin, polymyxins, lincomycin, clindamycin, colistin, and sodium colistemethate), magnesium salts, lithium, local anesthet"
Catecholamine-depleting drugs,beta-blocking agents,effect,Moderate,1,"Catecholamine-depleting drugs, such as reserpine, may have an additive effect when given with beta-blocking agents."
Aspirin,sulfinpyrazone,effect,Moderate,1,"Uricosuric Agents: Aspirin may decrease the effects of probenecid, sulfinpyrazone, and phenylbutazone."
anticoagulants,Atromid-S,advise,Moderate,1,Caution should be exercised when anticoagulants are given in conjunction with Atromid-S.
Anticholinergic agents,digoxin,mechanism,High,2,"Anticholinergic agents may affect gastrointestinal absorption of various drugs, such as slowly dissolving dosage forms of digoxin;"
Isocarboxazid,psychotropic agents,advise,Moderate,1,Concomitant use of Isocarboxazid and other psychotropic agents is generally not recommended because of possible potentiating effects.
sympathomimetics,antidiabetic drugs,effect,Moderate,1,"Certain drugs including thiazides, corticosteroids, thyroid products, and sympathomimetics may reduce the hypoglycemic action of Starlix and other oral antidiabetic drugs."
cinoxacin,caffeine,advise,Moderate,1,"Although this interaction has not been reported with cinoxacin, caution should be exercised when cinoxacin is given concomitantly with caffeine-containing products."
Edetate calcium disodium,zinc insulin,mechanism,High,1,Steroids enhance the renal toxicity of edetate calcium disodium in animals. 7 Edetate calcium disodium interferes with the action of zinc insulin preparations by chelating the zinc. 7
EQUETROTM,Acetazolamide,mechanism,High,1,"Agents that are CYP3A4 inhibitors that have been found, or are expected, to increase plasma levels of EQUETROTM are the following: Acetazolamide, azole antifungals, cimetidine, clarithromycin(1), dalfopristin, danazol, delavirdine, diltiazem, erythromycin(1), fluoxetine, fluvoxamine, grapefruit juic"
ibuprofen,anticoagulants,advise,Moderate,1,"However, because bleeding has been reported when ibuprofen and other nonsteroidal anti-inflammatory agents have been administered to patients on coumarin-type anticoagulants, the physician should be cautious when administering ibuprofen to patients on anticoagulants."
NSAIDs,ACE-inhibitors,effect,Moderate,3,This interaction should be given consideration in patients taking NSAIDs concomitantly with ACE-inhibitors.
ALPHAGAN P,barbiturates,advise,Moderate,1,"Although specific drug interaction studies have not been conducted with ALPHAGAN P, the possibility of an additive or potentiating effect with CNS depressants (alcohol, barbiturates, opiates, sedatives, or anesthetics) should be considered."
FLOLAN,vasodilators,effect,Moderate,1,"Additional reductions in blood pressure may occur when FLOLAN is administered with diuretics, antihypertensive agents, or other vasodilators."
terfenadine,SPRYCEL,advise,Moderate,1,"Therefore, CYP3A4 substrates known to have a narrow therapeutic index such as alfentanil, astemizole, terfenadine, cisapride, cyclosporine, fentanyl, pimozide, quinidine, sirolimus, tacrolimus, or ergot alkaloids (ergotamine, dihydroergotamine) should be administered with caution in patients receivi"
vitamin A,acitretin,advise,Moderate,1,Vitamin A and oral retinoids: Concomitant administration of vitamin A and/or other oral retinoids with acitretin must be avoided because of the risk of hypervitaminosis A.
clonidine,neuroleptic,effect,Moderate,1,An additive hypotensive effect has been reported with the combination of systemic clonidine and neuroleptic therapy.
Gleevec,erythromycin,advise,Moderate,1,"Drugs that may alter imatinib plasma concentrations Drugs that may increase imatinib plasma concentrations: Caution is recommended when administering Gleevec with inhibitors of the CYP3A4 family (e.g., ketoconazole, itraconazole, erythromycin, clarithromycin)."
Netilmicin,ethacrynic acid,advise,Moderate,1,Netilmicin should not be administered concomitantly with potent loop diuretics such as furosemide and ethacrynic acid as the potential for ototoxicity is enhanced by the combination.
Barbiturates,quinidine,effect,Moderate,2,"Barbiturates may decrease the effectiveness of oral contraceptives, certain antibiotics, quinidine, theophylline, corticosteroids, anticoagulants, and beta blockers."
tricyclic antidepressants,methylphenidate,mechanism,High,1,"plasma levels of several closely related tricyclic antidepressants have been reported to be increased by the concomitant administration of methylphenidate or hepatic enzyme inhibitors (e.g., cimetidine, fluoxetine) and decreased by the concomitant administration of hepatic enzyme inducers (e.g., bar"
anticonvulsant,Mefloquine,effect,Moderate,1,"In patients taking an anticonvulsant (eg, valproic acid, carbamazepine, phenobarbital or phenytoin), the concomitant use of Mefloquine may reduce seizure control by lowering the plasma levels of the anticonvulsant."
NSAIDs,thiazides,effect,Moderate,4,"Furosemide: Clinical studies, as well as post marketing observations, have shown that NSAIDs can reduce the natriuretic effect of furosemide and thiazides in some patients."
alcohol,DILAUDID,effect,Moderate,1,"Patients receiving other narcotic analgesics, general anesthetics, phenothiazines, tranquilizers, sedative-hypnotics, tricyclic antidepressants or other CNS depressants (including alcohol) concomitantly with DILAUDID may exhibit an additive CNS depression."
fenofibrate,pravastatin,mechanism,High,1,"Concomitant administration of fenofibrate (equivalent to 145mg TRICOR) with pravastatin (40 mg) once daily for 10 days has been shown to increase the mean Cmax and AUC values for pravastatin by 36% (range from 69% decrease to 321% increase) and 28% (range from 54% decrease to 128% increase), respect"
Itraconazole,triazolam,mechanism,High,1,Coadministration of Itraconazole with oral midazolam or triazolam has resulted in elevated plasma concentrations of the latter two drugs.
celecoxib,lithium,int,Low,1,Clinical studies with celecoxib have identified potentially significant interactions with fluconazole and lithium.
CRIXIVAN,atazanavir,advise,Moderate,1,Combinations of these drugs have not been studied and coadministration of CRIXIVAN and atazanavir is not recommended.
NUROMAX,lincomycin,effect,Moderate,1,"Other drugs which may enhance the neuromuscular blocking action of nondepolarizing agents such as NUROMAX include certain antibiotics (e. g., aminoglycosides, tetracyclines, bacitracin, polymyxins, lincomycin, clindamycin, colistin, and sodium colistimethate), magnesium salts, lithium, local anesthe"
EQUETROTM,troleandomycin,mechanism,High,1,"Agents that are CYP3A4 inhibitors that have been found, or are expected, to increase plasma levels of EQUETROTM are the following: Acetazolamide, azole antifungals, cimetidine, clarithromycin(1), dalfopristin, danazol, delavirdine, diltiazem, erythromycin(1), fluoxetine, fluvoxamine, grapefruit juic"
NIMBEX,magnesium,effect,Moderate,1,"Other drugs which may enhance the neuromuscular blocking action of nondepolarizing agents such as NIMBEX include certain antibiotics (e. g., aminoglycosides, tetracyclines, bacitracin, polymyxins, lincomycin, clindamycin, colistin, and sodium colistemethate), magnesium salts, lithium, local anesthet"
quinolones,Videx,mechanism,High,3,"and Videx , (Didanosine), chewable/buffered tablets or the pediatric powder for oral solution may substantially interfere with the absorption of quinolones, resulting in systemic levels considerably lower than desired."
Fluvoxamine,MAOI,advise,Moderate,2,"Therefore, it is recommended that Fluvoxamine Tablets not be used in combination with MAOIs, or within 14 days of discontinuing treatment with a MAOI."
Nalfon,loop diuretics,effect,Moderate,1,Patients treated with Nalfon may be resistant to the effects of loop diuretics.
adenosine,dipyridamole,effect,Moderate,3,Adenosine effects are potentiated by dipyridamole.
carbamazepine,tricyclic antidepressant,effect,Moderate,1,We report the case of an adolescent with altered consciousness caused by carbamazepine overdose with a positive tricyclic antidepressant level to alert clinicians to the cross-reactivity of carbamazepine with a toxicology screen for tricyclic antidepressants.
tetracyclines,heparin sodium,effect,Moderate,1,"Drugs Decreasing Heparin Effect: Digitalis, tetracyclines, nicotine, or antihistamines may partially counteract the anticoagulant action of heparin sodium."
levothyroxine sodium,methadone,mechanism,High,1,"Binding to Serum Proteins: The following agents may either inhibit levothyroxine sodium binding to serum proteins or alter the concentrations of serum binding proteins: androgens and related anabolic hormones, asparaginase, clofibrate, estrogens and estrogen-containing compounds, 5-fluorouracil, fur"
steroidal anti-inflammatory agent,thiazide diuretics,effect,Moderate,1,"(In some patients, the steroidal anti-inflammatory agent can reduce the diuretic, natriuretic, and antihypertensive effects of loop, potassium sparing, and thiazide diuretics."
sirolimus,SPRYCEL,advise,Moderate,1,"Therefore, CYP3A4 substrates known to have a narrow therapeutic index such as alfentanil, astemizole, terfenadine, cisapride, cyclosporine, fentanyl, pimozide, quinidine, sirolimus, tacrolimus, or ergot alkaloids (ergotamine, dihydroergotamine) should be administered with caution in patients receivi"
cinoxacin,nonsteroidal anti-inflammatory agents,advise,Moderate,1,Physicians are provided this information to increase awareness of the potential for serious interactions when cinoxacin and certain nonsteroidal anti-inflammatory agents are administered concomitantly.
Etonogestrel,morphine,int,Low,1,"Etonogestrel may interact with the following medications: acetaminophen (Tylenol), antibiotics such as ampicillin and tetracycline, anticonvulsants (Dilantin, Phenobarbital, Tegretol, Trileptal, Topamax, Felbatol), antifungals (Gris-PEG, Nizoral, Sporanox), atorvastatin (Lipitor), clofibrate (Atromi"
nitroglycerin,vasodilators,effect,Moderate,1,The vasodilating effects of nitroglycerin may be additive with those of other vasodilators.
Videx,lomefloxacin,mechanism,High,1,"Antacids and sucralfate: Sucralfate and antacids containing magnesium or aluminum, as well as formulations containing divalent and trivalent cations such as Videx  (didanosine), chewable/buffered tablets or the pediatric powder for oral solution can form chelation complexes with lomefloxacin and int"
Colchicine,acidifying agents,mechanism,High,1,Colchicine is inhibited by acidifying agents.
isoniazid,acetaminophen,effect,Moderate,3,It is believed that the toxicity may have resulted from a previously unrecognized interaction between isoniazid and acetaminophen and a molecular basis for this interaction has been proposed.
ZEBETA,benzothiazepine,advise,Moderate,1,"ZEBETA should be used with care when myocardial depressants or inhibitors of AV conduction, such as certain calcium antagonists (particularly of the phenylalkylamine [verapamil] and benzothiazepine [diltiazem] classes), or antiarrhythmic agents, such as disopyramide, are used concurrently."
diuretic,lithium,effect,Moderate,3,"If a diuretic is also used, the risk of lithium toxicity may be increased."
lamivudine,zalcitabine,effect,Moderate,6,"These in vitro studies suggest that concomitant administration of zalcitabine and lamivudine in humans may result in sub-therapeutic concentrations of active phosphorylated zalcitabine, which may lead to a decreased antiretroviral effect of zalcitabine."
benzodiazepines,narcotics,effect,Moderate,2,"The action of the benzodiazepines may be potentiated by anticonvulsants, antihistamines, alcohol, barbiturates, monoamine oxidase inhibitors, narcotics, phenothiazines, psychotropic medications, or other drugs that produce CNS depression."
levothyroxine sodium,tamoxifen,mechanism,High,1,"Binding to Serum Proteins: The following agents may either inhibit levothyroxine sodium binding to serum proteins or alter the concentrations of serum binding proteins: androgens and related anabolic hormones, asparaginase, clofibrate, estrogens and estrogen-containing compounds, 5-fluorouracil, fur"
epinephrine,halothane,effect,Moderate,1,"Administration of epinephrine to patients receiving cyclopropane or halogenated hydrocarbon general anesthetics such as halothane which sensitize the myocardium, may induce cardiac arrhythmia.."
INDOCIN,diflunisal,advise,Moderate,2,"Therefore, diflunisal and INDOCIN should not be used concomitantly."
antihistamines,CNS depressants,effect,Moderate,3,"Antihistamines may have additive effects with alcohol and other CNS depressants, e.g., hypnotics, sedatives, tranquilizers, antianxiety agents."
anticoagulant,vitamin C,effect,Moderate,1,"Drugs that have been reported to diminish oral anticoagulant response, ie, decreased prothrom-bin time response, in man significantly include: adrenocortical steroids;alcohol*;antacids;antihistamines;barbiturates;carbamazepine;chloral hydrate*;chlordiazepoxide;cholestyramine;diet high in vitamin K;d"
catecholamines,Bretylium Tosylate,effect,Moderate,1,The pressor effects of catecholamines such as dopamine or norepinephrine are enhanced by Bretylium Tosylate.
alcohol,WELLBUTRIN,advise,Moderate,2,The consumption of alcohol during treatment with WELLBUTRIN should be minimized or avoided (also see  a href= bupropz_od.htm#CI CONTRAINDICATIONS)
EQUETROTM,azole antifungals,mechanism,High,1,"Agents that are CYP3A4 inhibitors that have been found, or are expected, to increase plasma levels of EQUETROTM are the following: Acetazolamide, azole antifungals, cimetidine, clarithromycin(1), dalfopristin, danazol, delavirdine, diltiazem, erythromycin(1), fluoxetine, fluvoxamine, grapefruit juic"
quinidine,aripiprazole,mechanism,High,3,"Quinidine: Coadministration of a 10-mg single dose of aripiprazole with quinidine (166 mg/day for 13 days), a potent inhibitor of CYP2D6, increased the AUC of aripiprazole by 112% but decreased the AUC of its active metabolite, dehydroaripiprazole, by 35%."
diflunisal,acenocoumarol,effect,Moderate,1,"Oral Anticoagulants: In some normal volunteers, the concomitant administration of diflunisal and warfarin, acenocoumarol, or phenprocoumon resulted in prolongation of prothrombin time."
aspirin,ardeparin,effect,Moderate,1,"Anticoagulants including coumarin derivatives, indandione derivatives, and platelet aggregation inhibitors such as nonsteroidal anti-inflammatory drugs (NSAIDs), and aspirin may increase the risk of bleeding when administered concomitantly with ardeparin."
succinylcholine,TRACRIUM,advise,Moderate,2,TRACRIUM should not be administered until a patient has recovered from succinylcholine-induced neuromuscular block.
dextromethorphan,monoamine oxidase inhibitors,effect,Moderate,1,Serious toxicity may result if dextromethorphan is coadministered with monoamine oxidase inhibitors (MAOIs).
Tagamet,chlordiazepoxide,mechanism,High,1,"Tagamet, apparently through an effect on certain microsomal enzyme systems, has been reported to reduce the hepatic metabolism of warfarin-type anticoagulants, phenytoin, propranolol, nifedipine, chlordiazepoxide, diazepam, certain tricyclic antidepressants, lidocaine, theophylline and metronidazole"
eszopiclone,olanzapine,effect,Moderate,1,Olanzapine: Coadministration of eszopiclone 3 mg and olanzapine 10 mg produced a decrease in DSST scores.
VISTIDE,non-steroidal anti-inflammatory agents,advise,Moderate,1,"Nephrotoxic agents : Concomitant administration of VISTIDE and agents with nephrotoxic potential [e.g., intravenous aminoglycosides (e.g., tobramycin, gentamicin, and amikacin), amphotericin B, foscarnet, intravenous pentamidine, vancomycin, and non-steroidal anti-inflammatory agents] is contraindic"
alprazolam,digoxin,mechanism,High,1,"Quinidine, verapamil, amiodarone, propafenone, indomethacin, itraconazole, alprazolam, and spironolactone raise the serum digoxin concentration due to a reduction in clearance and/or in volume of distribution of the drug, with the implication that digitalis intoxication may result."
Etonogestrel,Agenerase,int,Low,1,"Etonogestrel may interact with the following medications: acetaminophen (Tylenol), antibiotics such as ampicillin and tetracycline, anticonvulsants (Dilantin, Phenobarbital, Tegretol, Trileptal, Topamax, Felbatol), antifungals (Gris-PEG, Nizoral, Sporanox), atorvastatin (Lipitor), clofibrate (Atromi"
aluminum,lomefloxacin,mechanism,High,2,"Magnesium- and aluminum-containing antacids, administered concomitantly with lomefloxacin, significantly decreased the bioavailability (48%) of lomefloxacin."
cimetidine,verografine,mechanism,High,1,[The effect of cimetidine on the renal excretion of verografin and iodamide in dogs] The intravenous injection of cimetidine in a dose of 20 mg/kg enhanced verografine and iodamide excretion in chronic canine experiments.
Itraconazole,phenytoin,mechanism,High,3,"When Itraconazole was coadministered with phenytoin, rifampin, or H2antagonists, reduced plasma concentrations of itraconazole were reported."
HMG-CoA reductase inhibitors,cyclosporine,effect,Moderate,1,Rhabdomyolysis has been observed in patients receiving HMG-CoA reductase inhibitors administered alone (at recommended dosages) or concomitantly with immunosuppressive drugs including cyclosporine.
tricyclic antidepressants,guanethidine,effect,Moderate,2,Tricyclic antidepressants may block the antihypertensive action of guanethidine and similarly acting compounds.
dopamine,beta-adrenergic blocking agents,effect,Moderate,1,"Cardiac effects of dopamine are antagonized by beta-adrenergic blocking agents, such as propranolol and metoprolol."
aprepitant,paroxetine,mechanism,High,1,"Paroxetine: Coadministration of once daily doses of aprepitant, as a tablet formulation comparable to 85 mg or 170 mg of the capsule formulation, with paroxetine 20 mg once daily, resulted in a decrease in AUC by approximately 25% and Cmax, by approximately 20% of both aprepitant and paroxetine."
Quinidine,digoxin,mechanism,High,1,"Quinidine, verapamil, amiodarone, propafenone, indomethacin, itraconazole, alprazolam, and spironolactone raise the serum digoxin concentration due to a reduction in clearance and/or in volume of distribution of the drug, with the implication that digitalis intoxication may result."
dihydroergotamine,SPRYCEL,advise,Moderate,1,"Therefore, CYP3A4 substrates known to have a narrow therapeutic index such as alfentanil, astemizole, terfenadine, cisapride, cyclosporine, fentanyl, pimozide, quinidine, sirolimus, tacrolimus, or ergot alkaloids (ergotamine, dihydroergotamine) should be administered with caution in patients receivi"
diuretic,PRINIVIL,effect,Moderate,3,"When a diuretic is added to the therapy of a patient receiving PRINIVIL, an additional antihypertensive effect is usually observed."
tricyclic antidepressants,tricyclic antidepressants,effect,Moderate,1,"Several tricyclic antidepressants have been reported to block the pharmacologic effects of guanethidine, clonidine, or similar agents, and such an effect may be anticipated with CMI because of its structural similarity to other tricyclic antidepressants."
Agents with b-blocking properties,hypoglycemics,effect,Moderate,1,Insulin or Oral Hypoglycemics: Agents with b-blocking properties may enhance the blood-sugar-reducing effect of insulin and oral hypoglycemics.
Phospholine Iodide,cholinesterase inhibitors,effect,Moderate,1,Phospholine Iodide potentiates other cholinesterase inhibitors such as succinylcholine or organophosphate and carbamate insecticides.
pimozide,saquinavir,mechanism,High,1,"Although specific studies have not been performed, coadministration with drugs that are mainly metabolized by CYP3A4 (eg, calcium channel blockers, dapsone, disopyramide, quinine, amiodarone, quinidine, warfarin, tacrolimus, cyclosporine, ergot derivatives, pimozide, carbamazepine, fentanyl, alfenta"
Factrel,dopamine antagonists,effect,Moderate,1,The response to Factrel may be blunted by phenothiazines and dopamine antagonists which cause a rise in prolactin.
WELLBUTRIN,theophylline,advise,Moderate,1,"Drugs that Lower Seizure Threshold: Concurrent administration of WELLBUTRIN and agents (e.g., antipsychotics, other antidepressants, theophylline, systemic steroids, etc.) that lower seizure threshold should be undertaken only with extreme caution."
SSRIs,Imitrex,effect,Moderate,1,"A rare, but serious, constellation of symptoms, termed serotonin syndrome, has been reported with the concomitant use of selective serotonin reuptake inhibitors (SSRIs) and agents for migraine therapy, such as Imitrex (sumatriptan succinate) and dihydroergotamine."
Simulect,mycophenolate mofetil,mechanism,High,1,"Total body clearance of Simulect was reduced by an average 22% and 51% when azathioprine and mycophenolate mofetil, respectively, were added to a regimen consisting of cyclosporine, USP (MODIFIED) and corticosteroids."
Butalbital,sedative-hypnotics,effect,Moderate,1,"Butalbital, acetaminophen and caffeine may enhance the effects of: other narcotic analgesics, alcohol, general anesthetics, tranquilizers such as chlordiazepoxide, sedative-hypnotics, or other CNS depressants, causing increased CNS depression."
xanthine bronchodilators,sympathomimetic bronchodilators,effect,Moderate,1,"Synergism between xanthine bronchodilators (e.g., theophylline), ephedrine, and other sympathomimetic bronchodilators has been reported."
RR,InsP(3),effect,Moderate,2,Administering InsP(3) together with RR (100-500 microM) inhibited InsP(3)-induced responses (both Ca(2+) and current responses) in a dose-dependent fashion.
dantrolene sodium,verapamil,advise,Moderate,1,"It is recommended that the combination of intravenous dantrolene sodium and calcium channel blockers, such as verapamil, not be used together during the management of malignant hyperthermia crisis until the relevance of these findings to humans is established."
Antihistamines,heparin,effect,Moderate,1,Antihistamines may partially counteract the anticoagulation effects of heparin or warfarin.
Cimetidine,quinolones,mechanism,High,1,Cimetidine: Cimetidine has been demonstrated to interfere with the elimination of other quinolones.
naproxen sodium,methotrexate,mechanism,High,1,"Naproxen, naproxen sodium and other NSAIDs have been reported to reduce the tubular secretion of methotrexate in an animal model, possibly increasing the toxicity of methotrexate."
sirolimus,diltiazem,mechanism,High,5,"Apparent oral clearance and volume of distribution of sirolimus decreased with 38% and 45%, respectively, when sirolimus was given with diltiazem."
BROVANA,tricyclic antidepressants,advise,Moderate,1,"BROVANA, as with other beta2-agonists, should be administered with extreme caution to patients being treated with monoamine oxidase inhibitors, tricyclic antidepressants, or drugs known to prolong the QTc interval because the action of adrenergic agonists on the cardiovascular system may be potentia"
tricyclic antidepressants,fluoxetine,mechanism,High,2,"plasma levels of several closely related tricyclic antidepressants have been reported to be increased by the concomitant administration of methylphenidate or hepatic enzyme inhibitors (e.g., cimetidine, fluoxetine) and decreased by the concomitant administration of hepatic enzyme inducers (e.g., bar"
diclofenac,digoxin,mechanism,High,2,Ingestion of diclofenac may increase serum concentrations of digoxin and methotrexate and increase cyclosporine s nephrotoxicity.
INDOCIN,methotrexate,mechanism,High,2,INDOCIN has been reported to decrease the tubular secretion of methotrexate and to potentiate its toxicity.
Vitamin K,warfarin,effect,Moderate,1,Warfarin-Vitamin K can antagonize the effect of warfarin
ketoconazole,fexofenadine,mechanism,High,2,"This observed increase in the bioavailability of fexofenadine may be due to transport-related effects, such as p-glycoprotein. in vivo animal studies also suggest that in addition to enhancing absorption, ketoconazole decreases fexofenadine gastrointestinal secretion, while erythromycin may also dec"
Gleevec,benzodiazepines,mechanism,High,1,"Gleevec will increase plasmaconcentration of other CYP3A4 metabolized drugs (e.g., triazolo-benzodiazepines, dihydropyridine calcium channel blockers, certain HMG-CoA reductase inhibitors, etc.)."
pyridoxine,HEXALEN,advise,Moderate,1,"however, it adversely affected response duration suggesting that pyridoxine should not be administered with HEXALEN and/or cisplatin.1"
allopurinol,dicumarol,mechanism,High,1,"Dicumarol: It has been reported that allopurinol prolongs the half-life of the anticoagulant, dicumarol."
BREVIBLOC,dopamine,advise,Moderate,1,"Additionally, BREVIBLOC should not be used to control supraventricular tachycardia in the presence of agents which are vasoconstrictive and inotropic such as dopamine, epinephrine, and norepinephrine because of the danger of blocking cardiac contractility when systemic vascular resistance is high."
4-methylpyrazole,"1,3-difluoro-2-propanol",effect,Moderate,2,"Prior administration of 4-methylpyrazole (90 mg kg(-1) body weight) was shown to prevent the conversion of 1,3-difluoro-2-propanol (100 mg kg(-1) body weight) to (-)-erythro-fluorocitrate in vivo and to eliminate the fluoride and citrate elevations seen in 1,3-difluoro-2-propanol-intoxicated animals"
digoxin,nifedipine,advise,Moderate,3,"Digitalis: Immediate Release Capsules: Since there have been isolated reports of patients with elevated digoxin levels, and there is a possible interaction between digoxin and nifedipine, it is recommended that digoxin levels be monitored when initiating, adjusting, and discontinuing nifedipine to a"
TARCEVA,nefazodone,advise,Moderate,1,"Caution should be used when administering or taking TARCEVA with ketoconazole and other strong CYP3A4 inhibitors such as, but not limited to, atazanavir, clarithromycin, indinavir, itraconazole, nefazodone, nelfinavir, ritonavir, saquinavir, telithromycin, troleandomycin (TAO), and voriconazole ."
amoxicillin,allopurinol,effect,Moderate,1,Ampicillin/Amoxicillin: An increase in the frequency of skin rash has been reported among patients receiving ampicillin or amoxicillin concurrently with allopurinol compared to patients who are not receiving both drugs.
levothyroxine sodium,salicylates,mechanism,High,1,"Binding to Serum Proteins: The following agents may either inhibit levothyroxine sodium binding to serum proteins or alter the concentrations of serum binding proteins: androgens and related anabolic hormones, asparaginase, clofibrate, estrogens and estrogen-containing compounds, 5-fluorouracil, fur"
ketoconazole,terfenadine,mechanism,High,5,"The following drug interactions have been identified involving NIZORAL Tablets and other drugs metabolized by the cytochrome P450 3A4 enzyme system: Ketoconazole tablets inhibit the metabolism of terfenadine, resulting in an increased plasma concentration of terfenadine and a delay in the eliminatio"
quinolones,cyclosporine,mechanism,High,5,"Some quinolones, including ciprofloxacin, have been associated with transient elevations in serum creatinine in patients receiving cyclosporine concomitantly."
Probenecid,naproxen,mechanism,High,1,Probenecid given concurrently increases naproxen anion plasma levels and extends its plasma half-life significantly.
warfarin,Lodine,mechanism,High,1,"Short-term pharmacokinetic studies have demonstrated that concomitant administration of warfarin and Lodine  (etodolac capsules and tablets) results in reduced protein binding of warfarin, but there was no change in the clearance of free warfarin."
Grepafloxacin,theobromine,mechanism,High,1,"Caffeine Theobromine Grepafloxacin, like other quinolones, may inhibit the metabolism of caffeine and theobromine."
paroxetine,atomoxetine,mechanism,High,1,"In EM individuals treated with paroxetine or fluoxetine, the AUC of atomoxetine is approximately 6- to 8-fold and Css,max is about 3- to 4-fold greater than atomoxetine alone."
cytotoxic agents,allopurinol,effect,Moderate,1,"Cytotoxic Agents: Enhanced bone marrow suppression by cyclophosphamide and other cytotoxic agents has been reported among patients with neoplastic disease, except leukemia, in the presence of allopurinol."
ciprofloxacin,morphine,mechanism,High,1,Previous studies have demonstrated a significant reduction in the oral bioavailability of trovafloxacin and ciprofloxacin when administered concomitantly with an intravenous opiate such as morphine.
ketoprofen,warfarin,advise,Moderate,1,"Because prostaglandina play an important role in hemostasis and ketoprofen has an effect on platelet function as well, concurent therapy with ketoprofen and warfarin requires close monitoring of patients on both drugs."
Mefloquine,live typhoid vaccines,effect,Moderate,1,"When Mefloquine is taken concurrently with oral live typhoid vaccines, attenuation of immunization cannot be excluded."
anticoagulant,pentoxifylline,effect,Moderate,1,"Drugs that reportedly may increase oral anticoagulant response, ie, increased prothrombin response, in man include:alcohol*;allopurinol;aminosalicylic acid;amiodarone;anabolic steroids;antibiotics;bromelains;chloral hydrate*;chlorpropamide;chymotrypsin;cimetidine;cinchophen;clofibrate;dextran;dextro"
Etonogestrel,cyclosporine,int,Low,1,"Etonogestrel may interact with the following medications: acetaminophen (Tylenol), antibiotics such as ampicillin and tetracycline, anticonvulsants (Dilantin, Phenobarbital, Tegretol, Trileptal, Topamax, Felbatol), antifungals (Gris-PEG, Nizoral, Sporanox), atorvastatin (Lipitor), clofibrate (Atromi"
SUSTIVA,ritonavir,advise,Moderate,2,A dose increase of lopinavir/ritonavir to 533/133 mg (4 capsules or 6.5 mL) twice daily taken with food is recommended when used in combination with SUSTIVA.
pentazocine,tripelennamine,effect,Moderate,2,"Dose-response curves (derived from the results of using the tablets as well as pure powders) showed that tripelennamine was responsible for the inhibitory activity, which was partially antagonized by pentazocine."
tetracyclines,magnesium,mechanism,High,2,"Absorption of tetracyclines is impaired by antacids containing aluminum, calcium, or magnesium, and iron-containing preparations."
Ethopropazine,CNS depressants,effect,Moderate,1,"Ethopropazine may interact with alcohol or other CNS depressants, causing increased sedative effects."
EQUETROTM,felbamate,mechanism,High,2,"Agents that have been found, or are expected to have decreased plasma levels in the presence of EQUETROTM due to induction of CYP enzymes are the following: Acetaminophen, alprazolam, amitriptyline, bupropion, buspirone, citalopram, clobazam, clonazepam, clozapine, cyclosporin, delavirdine, desipram"
benzodiazepine class,antianxiety agents,effect,Moderate,1,"Pharmacodynamic Interactions: The CNS-depressant action of the benzodiazepine class of drugs may be potentiated by alcohol, narcotics, barbiturates, nonbarbiturate hypnotics, antianxiety agents, the phenothiazines, thioxanthene and butyrophenone classes of antipsychotic agents, monoamine oxidase inh"
ZEBETA,beta-blocking agents,advise,Moderate,1,ZEBETA should not be combined with other beta-blocking agents.
INSPRA,ketoconazole,mechanism,High,1,"A pharmacokinetic study evaluating the administration of a single dose of INSPRA 100 mg with ketoconazole 200 mg BID, a potent inhibitor of the CYP3A4 pathway, showed a 1.7-fold increase in Cmax of eplerenone and a 5.4-fold increase in AUC of eplerenone."
Mefloquine,phenothiazines,effect,Moderate,1,"This appears to be the only clinically relevant interaction of this kind with Mefloquine, although theoretically, coadministration of other drugs known to alter cardiac conduction (eg, anti-arrhythmic or beta-adrenergic blocking agents, calcium channel blockers, antihistamines or H1-blocking agents,"
thiazide diuretics,ergocalciferol,effect,Moderate,1,Administration of thiazide diuretics to hypoparathyroid patients who are concurrently being treated with ergocalciferol may cause hypercalcemia.
lithium,escitalopram,effect,Moderate,1,"Because lithium may enhance the serotonergic effects of escitalopram, caution should be exercised when LEXAPRO and lithium are coadministered."
LEXAPRO,metoprolol,mechanism,High,1,Metoprolol - Administration of 20 mg/day LEXAPRO for 21 days in healthy volunteers resulted in a 50% increase in Cmax and 82% increase in AUC of the beta-adrenergic blocker metoprolol (given in a single dose of 100 mg).
bosentan,simvastatin,mechanism,High,1,"Simvastatin and Other Statins: Co-administration of bosentan decreased the plasma concentrations of simvastatin (a CYP3A4 substrate), and its active  -hydroxy acid metabolite, by approximately 50%."
REVIA,thioridazine,effect,Moderate,1,Lethargy and somnolence have been reported following doses of REVIA and thioridazine.
tranquilizers,INAPSINE,effect,Moderate,1,"Other CNS depressant drugs (e.g. barbiturates, tranquilizers, opioids and general anesthetics) have additive or potentiating effects with INAPSINE."
TRISENOX,diuretics,advise,Moderate,1,Caution is advised when TRISENOX is coadministered with other medications that can prolong the QT interval (e.g. certain antiarrhythmics or thioridazine) or lead to electrolyte abnormalities (such as diuretics or amphotericin B).
erythromycin,alfentanil,int,Low,2,"There have been reports of interactions of erythromycin with carbamazepine, cyclosporine, tacrolimus, hexobarbital, phenytoin, alfentanil, cisapride, disopyramide, lovastatin, bromocriptine, valproate, terfenadine, and astemizole."
ENABLEX,nelfinavir,advise,Moderate,1,"The daily dose of ENABLEX should not exceed 7.5 mg when coadministered with potent CYP3A4 inhibitors (e.g., ketoconazole, itraconazole, ritonavir, nelfinavir, clarithromycin and nefazadone) ."
Amphetamines,ethosuximide,mechanism,High,2,Ethosuximide: Amphetamines may delay intestinal absorption of ethosuximide.
fenofibrate,bile acid binding resin,advise,Moderate,1,"Therefore, fenofibrate should be taken at least 1 hour before or 4-6 hours after a bile acid binding resin to avoid impeding its absorption ."
proton pump inhibitors,sucralfate,mechanism,High,2,"In a single-dose crossover study examining lansoprazole 30 mg and omeprazole 20 mg each administered alone and concomitantly with sucralfate 1 gram, absorption of the proton pump inhibitors was delayed and their bioavailability was reduced by 17% and 16%, respectively, when administered concomitantl"
Lithium,bumetanide,advise,Moderate,1,- Lithium: Lithium should generally not be given with diuretics (such as bumetanide) because they reduce its renal clearance and add a high risk of lithium toxicity.
Acetazolamide,lithium,mechanism,High,1,Acetazolamide increases lithium excretion and the lithium may be decreased.
bosentan,Ortho-Novum,mechanism,High,1,"Hormonal Contraceptives, Including Oral, Injectable, Transdermal, and Implantable Contraceptives: An interaction study demonstrated that co-administration of bosentan and the oral hormonal contraceptive Ortho-Novum produced average decreases of norethindrone and ethinyl estradiol levels of 14% and 3"
Thyroxine,epinephrine,effect,Moderate,1,Vasopressors: Thyroxine increases the adrenergic effect of catecholamines such as epinephrine and norepinephrine.
chlorprothixene,tricyclic antidepressants,advise,Moderate,1,"Exert particular caution in combining chlorprothixene with other anticholinergic drugs (tricyclic antidepressants and antiparkinsonian agents): Particularly the elderly may develop delirium, high fever, severe obstipation, even ileus and glaucoma."
99mTc-methylene diphosphonate,gentamicin,effect,Moderate,1,Therapeutic drug monitoring can avoid iatrogenic alterations caused by 99mTc-methylene diphosphonate (MDP)-gentamicin interaction.
Cyclopentolate,carbachol,effect,Moderate,1,Cyclopentolate may interfere with the anti-glaucoma action of carbachol or pilocarpine;
ARAVA,rifampin,mechanism,High,2,"Rifampin: Following concomitant administration of a single dose of ARAVA to subjects receiving multiple doses of rifampin, M1 peak levels were increased (~40%) over those seen when ARAVA was given alone."
fentanyl,saquinavir,mechanism,High,1,"Although specific studies have not been performed, coadministration with drugs that are mainly metabolized by CYP3A4 (eg, calcium channel blockers, dapsone, disopyramide, quinine, amiodarone, quinidine, warfarin, tacrolimus, cyclosporine, ergot derivatives, pimozide, carbamazepine, fentanyl, alfenta"
caffeine,narcotic analgesic,effect,Moderate,1,"Butalbital, acetaminophen and caffeine may enhance the effects of: other narcotic analgesics, alcohol, general anesthetics, tranquilizers such as chlordiazepoxide, sedative-hypnotics, or other CNS depressants, causing increased CNS depression."
tetracyclines,LEVULAN KERASTICK,effect,Moderate,1,"It is, however, possible that concomitant use of other known photosensitizing agents such as griseofulvin, thiazide diuretics, sulfonylureas, phenothiazines, sulfonamides and tetracyclines might increase the photosensitivity reaction of actinic keratoses treated with the LEVULAN KERASTICK for Topica"
psychotropic drugs,aspirin,effect,Moderate,1,Epidemiological studies of the case-control and cohort design that have demonstrated an association between use of psychotropic drugs that interfere with serotonin reuptake and the occurrence of upper gastrointestinal bleeding have also shown that concurrent use of an NSAID or aspirin potentiated th
Dopamine D2 receptor antagonists,levodopa,effect,Moderate,1,"Dopamine D2 receptor antagonists (e.g., phenothiazines, butyrophenones, risperidone) and isoniazid may reduce the therapeutic effects of levodopa."
FACTIVE,omeprazole,mechanism,High,1,"Concomitant administration of FACTIVE and calcium carbonate, cimetidine, omeprazole, or an estrogen/progesterone oral contraceptive produced minor changes in the pharmacokinetics of gemifloxacin, which were considered to be without clinical significance."
serotonin reuptake inhibitors,TIKOSYN,advise,Moderate,1,"Inhibitors of this isoenzyme (e.g., macrolide antibiotics, azole antifungal agents, protease inhibitors, serotonin reuptake inhibitors, amiodarone, cannabinoids, diltiazem, grapefruit juice, nefazadone, norfloxacin, quinine, zafirlukast) should be cautiously coadministered with TIKOSYN as they can p"
benzodiazepine class,barbiturates,effect,Moderate,1,"Pharmacodynamic Interactions: The CNS-depressant action of the benzodiazepine class of drugs may be potentiated by alcohol, narcotics, barbiturates, nonbarbiturate hypnotics, antianxiety agents, the phenothiazines, thioxanthene and butyrophenone classes of antipsychotic agents, monoamine oxidase inh"
mefloquine,carbamazepine,effect,Moderate,2,"In patients taking an anticonvulsant (eg, valproic acid, carbamazepine, phenobarbital or phenytoin), the concomitant use of Mefloquine may reduce seizure control by lowering the plasma levels of the anticonvulsant."
disopyramide,verapamil,advise,Moderate,1,"Until data on possible interactions between verapamil and disopyramide phosphate are obtained, disopyramide should not be administered within 48 hours before or 24 hours after verapamil administration."
anticoagulant,cinchophen,effect,Moderate,1,"Drugs that reportedly may increase oral anticoagulant response, ie, increased prothrombin response, in man include:alcohol*;allopurinol;aminosalicylic acid;amiodarone;anabolic steroids;antibiotics;bromelains;chloral hydrate*;chlorpropamide;chymotrypsin;cimetidine;cinchophen;clofibrate;dextran;dextro"
hormonal contraceptives,salicylic acid,mechanism,High,1,Salicylic acid: Combination hormonal contraceptives may increase the clearance of salicylic acid.
diflunisal,acetaminophen,effect,Moderate,3,"Concomitant administration of diflunisal and acetaminophen in dogs, but not in rats, at approximately 2 times the recommended maximum human therapeutic dose of each (40 to 52 mg/kg/day of diflunisal/acetaminophen) resulted in greater gastrointestinal toxicity than when either drug was administered a"
NIMBEX,succinylcholine,effect,Moderate,3,The time to onset of maximum block following NIMBEX is approximately 2 minutes faster with prior administration of succinylcholine.
MAO inhibitors,antihistamines,effect,Moderate,4,MAO inhibitors prolong and intensify the anticholinergic effects of antihistamines.
EQUETROTM,praziquantel,mechanism,High,1,"Agents that have been found, or are expected to have decreased plasma levels in the presence of EQUETROTM due to induction of CYP enzymes are the following: Acetaminophen, alprazolam, amitriptyline, bupropion, buspirone, citalopram, clobazam, clonazepam, clozapine, cyclosporin, delavirdine, desipram"
clorazepate dipotassium,ethyl alcohol,effect,Moderate,1,"Animal experience indicates that clorazepate dipotassium prolongs the sleeping time after hexobarbital or after ethyl alcohol, increases the inhibitory effects of chlorpromazine, but does not exhibit monoamine oxidase inhibition."
antipsychotic agents,opiates,effect,Moderate,1,"As with other antipsychotic agents, it should be noted that HALDOL may be capable of potentiating CNS depressants such as anesthetics, opiates, and alcohol."
ciprofloxacin,sucralfate,mechanism,High,1,"Multivalent Cation-Containing Products: Concurrent administration of a quinolone, including ciprofloxacin, with multivalent cation-containing products such as magnesium or aluminum antacids, sucralfate, VIDEX chewable/buffered tablets or pediatric powder, or products containing calcium, iron, or zin"
Fluconazole,losartan,mechanism,High,1,"Fluconazole, an inhibitor of P450 2C9, decreased active metabolite concentration and increased losartan concentration."
WELLBUTRIN,amantadine,advise,Moderate,1,"Administration of WELLBUTRIN Tablets to patients receiving either levodopa or amantadine concurrently should be undertaken with caution, using small initial doses and small gradual dose increases."
non- steroidal antiinflammatory agent,potassium- sparing diuretics,effect,Moderate,1,"In some patients, the administration of a non- steroidal antiinflammatory agent can reduce the diuretic, natriuretic, and antihypertensive effects of loop, potassium- sparing and thiazide diuretics."
Gleevec,clarithromycin,advise,Moderate,1,"Drugs that may alter imatinib plasma concentrations Drugs that may increase imatinib plasma concentrations: Caution is recommended when administering Gleevec with inhibitors of the CYP3A4 family (e.g., ketoconazole, itraconazole, erythromycin, clarithromycin)."
non-selective beta-adrenergic-blocking agents,antidiabetic drugs,effect,Moderate,1,"Certain drugs, including nonsteroidal anti-inflammatory agents (NSAIDs), salicylates, monoamine oxidase inhibitors, and non-selective beta-adrenergic-blocking agents may potentiate the hypoglycemic action of Starlix and other oral antidiabetic drugs."
heroin,benzodiazepines,effect,Moderate,1,"Toxicology studies of heroin-related deaths reveal frequent involvement of other central nervous system depressants, including alcohol, benzodiazepines such as diazepam (Valium), and, to a rising degree, methadone."
FACTIVE,estrogen,mechanism,High,1,"Concomitant administration of FACTIVE and calcium carbonate, cimetidine, omeprazole, or an estrogen/progesterone oral contraceptive produced minor changes in the pharmacokinetics of gemifloxacin, which were considered to be without clinical significance."
kaolin,digoxin,mechanism,High,1,"Antacids, kaolin-pectin, sulfasalazine, neomycin, cholestyramine, certain anticancer drugs, and metoclopramide may interfere with intestinal digoxin absorption, resulting in unexpectedly low serum concentrations."
NIMBEX,bacitracin,effect,Moderate,1,"Other drugs which may enhance the neuromuscular blocking action of nondepolarizing agents such as NIMBEX include certain antibiotics (e. g., aminoglycosides, tetracyclines, bacitracin, polymyxins, lincomycin, clindamycin, colistin, and sodium colistemethate), magnesium salts, lithium, local anesthet"
tricyclic antidepressants,phenytoin,mechanism,High,1,"plasma levels of several closely related tricyclic antidepressants have been reported to be increased by the concomitant administration of methylphenidate or hepatic enzyme inhibitors (e.g., cimetidine, fluoxetine) and decreased by the concomitant administration of hepatic enzyme inducers (e.g., bar"
Acetazolamide,folic acid antagonists,effect,Moderate,1,Acetazolamide may increase the effects of other folic acid antagonists.
Cholestyramine,fat soluble vitamins,mechanism,High,3,"Interactions for vitamin D analogues (Vitamin D2, Vitamin D3, Calcitriol, and Calcidiol): Cholestyramine: Cholestyramine has been reported to reduce intestinal absorption of fat soluble vitamins;"
cyclosporine,quinolone class,mechanism,High,2,Cyclosporine: Elevated serum levels of cyclosporine have been reported with concomitant use of cyclosporine with other members of the quinolone class.
Felbatol,AEDs,mechanism,High,1,Use in Conjunction with Other Antiepileptic Drugs: The addition of Felbatol  to antiepileptic drugs (AEDs) affects the steady-state plasma concentrations of AEDs.
DURAGESIC,skeletal muscle relaxants,effect,Moderate,1,"Central Nervous System Depressants: The concomitant use of DURAGESIC  (fentanyl transdermal system) with other central nervous system depressants, including but not limited to other opioids, sedatives, hypnotics, tranquilizers (e.g., benzodiazepines), general anesthetics, phenothiazines, skeletal mu"
MPTP,apomorphine,effect,Moderate,1,The MPTP-induced neuronal damage produced a tolerance to the disruptive effects of amphetamine and a supersensitivity to the disruptive effects of apomorphine in rats responding in a schedule controlled paradigm.
ORENCIA,anakinra,advise,Moderate,1,"There is insufficient experience to assess the safety and efficacy of ORENCIA administered concurrently with anakinra, and therefore such use is not recommended."
FOSCAVIR,aminoglycosides,advise,Moderate,1,"Because of foscarnets tendency to cause renal impairment, the use of FOSCAVIR should be avoided in combination with potentially nephrotoxic drugs such as aminoglycosides, amphotericin B and intravenous pentamidine unless the potential benefits outweigh the risks to the patient."
glimepiride,Pepto-Bismol,advise,Moderate,1,"Before taking glimepiride, tell your doctor if you are taking any of the following medicines: - aspirin or another salicylate such as magnesium/choline salicylate (Trilisate), salsalate (Disalcid, others), choline salicylate (Arthropan), magnesium salicylate (Magan), or bismuth subsalicylate (Pepto-"
quinolones,iron,mechanism,High,3,"Administration of quinolones with antacids containing aluminum, magnesium, or calcium, with sucralfate, with metal cations such as iron, or with multivitamins containing iron or zinc, or with formulations containing divalent and trivalent cations such as VIDEX (didanosine) chewable/buffered tablets "
Vardenafil,ritonavir,mechanism,High,5,"The interaction is a consequence of blocking hepatic metabolism of vardenafil by ritonavir, a highly potent CYP3A4 inhibitor, which also inhibits CYP2C9."
PRECEDEX,sedatives,effect,Moderate,1,"Anesthetics/Sedatives/Hypnotics/Opioids: Co-administration of PRECEDEX with anesthetics, sedatives, hypnotics, and opioids is likely to lead to an enhancement of effects."
SPRYCEL,ketoconazole,mechanism,High,1,"Concomitant use of SPRYCEL and drugs that inhibit CYP3A4 (eg, ketoconazole, itraconazole, erythromycin, clarithromycin, ritonavir, atazanavir, indinavir, nefazodone, nelfinavir, saquinavir, telithromycin) may increase exposure to dasatinib and should be avoided."
fentanyl,benzodiazepines,effect,Moderate,1,"Central Nervous System Depressants: The concomitant use of DURAGESIC  (fentanyl transdermal system) with other central nervous system depressants, including but not limited to other opioids, sedatives, hypnotics, tranquilizers (e.g., benzodiazepines), general anesthetics, phenothiazines, skeletal mu"
apomorphine,ondansetron,advise,Moderate,2,"5HT3 Antagonists: Based on reports of profound hypotension and loss of consciousness when apomorphine was administered with ondansetron, the concomitant use of apomorphine with drugs of the 5HT3 antagonist class (including, for example, ondansetron, granisetron, dolasetron, palonosetron, and alosetr"
benzodiazepines,nifedipine,int,Low,1,"Data from in vitro studies of benzodiazepines other than alprazolam suggest a possible drug interaction for the following: ergotamine, cyclosporine, amiodarone, nicardipine, and nifedipine."
acetaminophen,narcotic analgesic,effect,Moderate,1,"Butalbital, acetaminophen and caffeine may enhance the effects of: other narcotic analgesics, alcohol, general anesthetics, tranquilizers such as chlordiazepoxide, sedative-hypnotics, or other CNS depressants, causing increased CNS depression."
Hydrochlorothiazide,non-steroidal anti-inflammatory agents,advise,Moderate,1,"Therefore, when Hydrochlorothiazide and non-steroidal anti-inflammatory agents are used concomitantly, the patient should be observed closely to determine if the desired effect of the diuretic is obtained."
amphetamines,methenamine,mechanism,High,1,"Methenamine therapy Urinary excretion of amphetamines is increased, and efficacy is reduced by acidifying agents used in methenamine therapy."
retinoids,insulin,effect,Moderate,1,"These results suggest that both dexamethasone and retinyl acetate, and possibly other glucocorticoids and retinoids, may regulate the proliferation of prostate epithelium by a dose-dependent modification of the activity of insulin and EGF."
D.H.E. 45,macrolide class,mechanism,High,1,"Macrolide Antibiotics (e. g. erythromycin and troleandomycin): Agents of the ergot alkaloid class, of which D.H.E. 45  (dihydroergotamine mesylate) Injection, USP is a member, have been shown to interact with antibiotics of the macrolide class, resulting in increased plasma levels of unchanged alkal"
diclofenac,prednisolone,mechanism,High,1,"Protein Binding In vitro, diclofenac interferes minimally or not at all with the protein binding of salicylic acid (20% decrease in binding), tolbutamide, prednisolone (10% decrease in binding), or warfarin."
indinavir,ritonavir,effect,Moderate,1,Preliminary clinical data suggest that the incidence of nephrolithiasis is higher in patients receiving indinavir in combination with ritonavir than those receiving CRIXIVAN 800 mg q8h.
EQUETROTM,clarithromycin,mechanism,High,1,"Agents that are CYP3A4 inhibitors that have been found, or are expected, to increase plasma levels of EQUETROTM are the following: Acetazolamide, azole antifungals, cimetidine, clarithromycin(1), dalfopristin, danazol, delavirdine, diltiazem, erythromycin(1), fluoxetine, fluvoxamine, grapefruit juic"
ACE inhibitors,lithium,effect,Moderate,6,"Lithium: Lithium toxicity has been reported in patients receiving lithium concomitantly with drugs which cause elimination of sodium, including ACE inhibitors."
hypoglycemic medications,thiazide diuretic,advise,Moderate,1,"for adult-onset diabetics, dosage adjustment of hypoglycemic medications may be necessary during and after thiazide diuretic therapy;"
LEVSIN,haloperidol,effect,Moderate,1,"Additive adverse effects resulting from cholinergic blockade may occur when LEVSIN is administered concomitantly with other antimuscarinics, amantadine, haloperidol, phenothiazines, monoamine oxidase (MAO) inhibitors, tricyclic antidepressants or some antihistamines."
phenytoin,CANCIDAS,advise,Moderate,2,"When CANCIDAS is co-administered with inducers of drug clearance, such as efavirenz, nevirapine, phenytoin, dexamethasone, or carbamazepine, use of a daily dose of 70 mg of CANCIDAS should be considered"
cilostazol,diltiazem,mechanism,High,1,"Population pharmacokinetic studies showed higher concentrations of cilostazol among patients concurrently treated with diltiazem, an inhibitor of C.P.A.."
nortriptyline hydrochloride,sympathomimetic drugs,advise,Moderate,1,Close supervision and careful adjustment of the dosage are required when nortriptyline hydrochloride is used with other anticholinergic drugs or sympathomimetic drugs.
milrinone,anagrelide,effect,Moderate,1,"The effects of medicinal products with similar properties such as inotropes milrinone, enoximone, amrinone, olprinone and cilostazol may be exacerbated by anagrelide."
VIOXX,theophylline,mechanism,High,2,"Theophylline VIOXX 12.5, 25, and 50 mg administered once daily for 7 days increased plasma theophylline concentrations (AUC(0- )) by 38 to 60% in healthy subjects administered a single 300-mg dose of theophylline."
benzodiazepines,ethyl alcohol,effect,Moderate,1,"Injection: Lorazepam injection, like other injectable benzodiazepines, produces depression of the central nervous system when administered with ethyl alcohol, phenothiazines, barbiturates, MAO inhibitors, and other antidepressants.When scopolamine is used concomitantly with injectable lorazepam, an "
nonsteroidal anti-inflammatory drugs,furosemide,int,Low,2,Experience with nonsteroidal anti-inflammatory drugs (NSAIDs) suggests the potential for interactions with furosemide and ACE inhibitors.
aminoglycoside,penicillin,mechanism,High,1,"Even when an aminoglycoside and a penicillin-type drug are administered separately by different routes, a reduction in aminoglycoside serum half-life or serum levels has been reported in patients with impaired renal function and in some patients with normal renal function."
Codeine,phenothiazines,effect,Moderate,1,"Codeine in combination with other narcotic analgesics, general anesthetics, phenothiazines, tranquilizers, sedative-hypnotics, or other CNS depressants (including alcohol) has additive depressant effects."
indomethacin,digoxin,mechanism,High,1,"Quinidine, verapamil, amiodarone, propafenone, indomethacin, itraconazole, alprazolam, and spironolactone raise the serum digoxin concentration due to a reduction in clearance and/or in volume of distribution of the drug, with the implication that digitalis intoxication may result."
Apraclonidine,MAO inhibitors,advise,Moderate,1,Apraclonidine should not be used in patients receiving MAO inhibitors..
BREVIBLOC,epinephrine,advise,Moderate,1,"Additionally, BREVIBLOC should not be used to control supraventricular tachycardia in the presence of agents which are vasoconstrictive and inotropic such as dopamine, epinephrine, and norepinephrine because of the danger of blocking cardiac contractility when systemic vascular resistance is high."
benzodiazepines,barbiturates,effect,Moderate,4,"The action of the benzodiazepines may be potentiated by anticonvulsants, antihistamines, alcohol, barbiturates, monoamine oxidase inhibitors, narcotics, phenothiazines, psychotropic medications, or other drugs that produce CNS depression."
itraconazole,bexarotene,mechanism,High,1,"On the basis of the metabolism of bexarotene by cytochrome P450 3A4, ketoconazole, itraconazole, erythromycin, gemfibrozil, grapefruit juice, and other inhibitors of cytochrome P450 3A4 would be expected to lead to an increase in plasma bexarotene concentrations."
EQUETROTM,citalopram,mechanism,High,1,"Agents that have been found, or are expected to have decreased plasma levels in the presence of EQUETROTM due to induction of CYP enzymes are the following: Acetaminophen, alprazolam, amitriptyline, bupropion, buspirone, citalopram, clobazam, clonazepam, clozapine, cyclosporin, delavirdine, desipram"
phenytoin,alcohol,mechanism,High,2,"The most commonly occurring drug interactions are listed below: - Drugs that may increase plasma phenytoin concentrations include: acute alcohol intake, amiodarone, chboramphenicol, chlordiazepoxide, cimetidine, diazepam, dicumarol, disulfiram, estrogens, ethosuximide, fluoxetine, H2-antagonists, ha"
stavudine,ribavirin,effect,Moderate,2,Stavudine and Zidovudine Ribavirin can antagonize the in vitro antiviral activity of stavudine and zidovudine against HIV.
EQUETROTM,olanzapine,mechanism,High,1,"Agents that have been found, or are expected to have decreased plasma levels in the presence of EQUETROTM due to induction of CYP enzymes are the following: Acetaminophen, alprazolam, amitriptyline, bupropion, buspirone, citalopram, clobazam, clonazepam, clozapine, cyclosporin, delavirdine, desipram"
digoxin,metoclopramide,mechanism,High,2,"Antacids, kaolin-pectin, sulfasalazine, neomycin, cholestyramine, certain anticancer drugs, and metoclopramide may interfere with intestinal digoxin absorption, resulting in unexpectedly low serum concentrations."
Folic acid,phenytoin,effect,Moderate,1,"Folic acid in large amounts may counteract the antiepileptic effect of phenobarbital, phenytoin and primidone, and increase the frequency of seizures in susceptible pediatric patients."
bupropion,propafenone,advise,Moderate,1,"Therefore, co-administration of bupropion with drugs that are metabolized by CYP2D6 isoenzyme including certain antidepressants (e.g., nortriptyline, imipramine, desipramine, paroxetine, fluoxetine, sertraline), antipsychotics (e.g., haloperidol, risperidone, thioridazine), beta-blockers (e.g., meto"
AKINETON,antihistamines,effect,Moderate,1,"Drug Interactions: The central anticholinergic syndrome can occur when anticholinergic agents such as AKINETON are administered concomitantly with drugs that have secondary anticholinergic actions, e.g., certain narcotic analgesics such as meperidine, the phenothiazines and other antipsychotics, tri"
Quinidine,nisoldipine,mechanism,High,2,"The immediate release, but not the coat-core formulation of nisoldipine increased plasma quinidine concentrations by about 20%."
WELLBUTRIN,levodopa,advise,Moderate,1,"Administration of WELLBUTRIN Tablets to patients receiving either levodopa or amantadine concurrently should be undertaken with caution, using small initial doses and small gradual dose increases."
Midazolam,indomethacin,effect,Moderate,1,"Midazolam used at doses of 1.25 mg/kg and 2.5 mg/kg decreased the antinociceptive effect of morphine, metamizol (only in the tail-flick test) and indomethacin."
anticoagulant,antibiotics,effect,Moderate,1,"Drugs that reportedly may increase oral anticoagulant response, ie, increased prothrombin response, in man include:alcohol*;allopurinol;aminosalicylic acid;amiodarone;anabolic steroids;antibiotics;bromelains;chloral hydrate*;chlorpropamide;chymotrypsin;cimetidine;cinchophen;clofibrate;dextran;dextro"
phenylbutazone,aspirin,effect,Moderate,2,"Uricosuric Agents: Aspirin may decrease the effects of probenecid, sulfinpyrazone, and phenylbutazone."
naloxone,(-)-NANM,effect,Moderate,2,"In monkeys, the effects of (-)-NANM, but not (+)-NANM or PCP, were antagonized by naloxone;"
ketoconazole,phenytoin,advise,Moderate,2,It is suggested to monitor both ketoconazole and phenytoin.
EQUETROTM,itraconazole,mechanism,High,2,"Agents that are CYP3A4 inhibitors that have been found, or are expected, to increase plasma levels of EQUETROTM are the following: Acetazolamide, azole antifungals, cimetidine, clarithromycin(1), dalfopristin, danazol, delavirdine, diltiazem, erythromycin(1), fluoxetine, fluvoxamine, grapefruit juic"
scopolamine,lorazepam,effect,Moderate,1,"Injection: Lorazepam injection, like other injectable benzodiazepines, produces depression of the central nervous system when administered with ethyl alcohol, phenothiazines, barbiturates, MAO inhibitors, and other antidepressants.When scopolamine is used concomitantly with injectable lorazepam, an "
carbamazepine,lithium,effect,Moderate,1,Pharmacological/Pharmacodynamic Interactions with Carbamazepine Concomitant administration of carbamazepine and lithium may increase the risk of neurotoxic side effects.
Ketoconazole,Isoniazid,mechanism,High,2,INH (Isoniazid) is also reported to affect ketoconazole concentrations adversely.
Etonogestrel,protease inhibitors,int,Low,1,"Etonogestrel may interact with the following medications: acetaminophen (Tylenol), antibiotics such as ampicillin and tetracycline, anticonvulsants (Dilantin, Phenobarbital, Tegretol, Trileptal, Topamax, Felbatol), antifungals (Gris-PEG, Nizoral, Sporanox), atorvastatin (Lipitor), clofibrate (Atromi"
pyridoxine,cisplatin,advise,Moderate,1,"however, it adversely affected response duration suggesting that pyridoxine should not be administered with HEXALEN and/or cisplatin.1"
EQUETROTM,nortriptyline,mechanism,High,1,"Agents that have been found, or are expected to have decreased plasma levels in the presence of EQUETROTM due to induction of CYP enzymes are the following: Acetaminophen, alprazolam, amitriptyline, bupropion, buspirone, citalopram, clobazam, clonazepam, clozapine, cyclosporin, delavirdine, desipram"
sympathomimetics,Starlix,effect,Moderate,1,"Certain drugs including thiazides, corticosteroids, thyroid products, and sympathomimetics may reduce the hypoglycemic action of Starlix and other oral antidiabetic drugs."
cyclosporine,caspofungin,mechanism,High,1,"In two clinical studies, cyclosporine (one 4 mg/kg dose or two 3 mg/kg doses) increased the AUC of caspofungin by approximately 35%."
tricyclic antidepressants,lofexidine,effect,Moderate,1,- Concomitant use of tricyclic antidepressants may reduce the efficacy of lofexidine.
erythromycin,lovastatin,int,Low,3,"Other drugs Drug interactions have been reported with concomitant administration of erythromycin and other medications, including cyclosporine, hexobarbital, carbamazepine, alfentanil, disopyramide, phenytoin, bromocriptine, valproate, astemizole, and lovastatin."
Butalbital,tranquilizers,effect,Moderate,1,"Butalbital, acetaminophen and caffeine may enhance the effects of: other narcotic analgesics, alcohol, general anesthetics, tranquilizers such as chlordiazepoxide, sedative-hypnotics, or other CNS depressants, causing increased CNS depression."
anticoagulant,ethacrynic acid,effect,Moderate,1,"Drugs that reportedly may increase oral anticoagulant response, ie, increased prothrombin response, in man include:alcohol*;allopurinol;aminosalicylic acid;amiodarone;anabolic steroids;antibiotics;bromelains;chloral hydrate*;chlorpropamide;chymotrypsin;cimetidine;cinchophen;clofibrate;dextran;dextro"
diflunisal,warfarin,effect,Moderate,1,"Oral Anticoagulants: In some normal volunteers, the concomitant administration of diflunisal and warfarin, acenocoumarol, or phenprocoumon resulted in prolongation of prothrombin time."
tricyclic antidepressants,propafenone,advise,Moderate,1,"Therefore, co-administration of tricyclic antidepressants with other drugs that are metabolized by this isoenzyme, including other antidepressants, phenothiazines, carbamazepine, and Type 1C antiarrhythmics (eg, propafenone, flecainide, and encainide), or that inhibit this enzyme (eg, quinidine), sh"
sertraline,sumatriptan,advise,Moderate,2,"If concomitant treatment with sumatriptan and an SSRI (e.g., fluoxetine, fluvoxamine, paroxetine, sertraline, citalopram, escitalopram) is clinically warranted, appropriate observation of the patient is advised."
ALLEGRA,magnesium,advise,Moderate,1,ALLEGRA should not be taken closely in time with aluminum and magnesium containing antacids.
quinolones,aluminum,mechanism,High,1,"Administration of quinolones with antacids containing aluminum, magnesium, or calcium, with sucralfate, with metal cations such as iron, or with multivitamins containing iron or zinc, or with formulations containing divalent and trivalent cations such as VIDEX (didanosine) chewable/buffered tablets "
Clozapine,alcohol,effect,Moderate,1,"Given the primary CNS effects of Clozapine, caution is advised in using it concomitantly with other CNS-active drugs or alcohol."
Cholestyramine,digitalis,mechanism,High,2,"Cholestyramine resin may interfere with the pharmacokinetics of drugs that undergo enterohepatic circulation, The discontinuance of cholestyramine resin could pose a hazard to health if a potentially toxic drug such as digitalis has been filtrated to a maintenance level while the patient was taking "
PRECEDEX,opioid,advise,Moderate,1,"However, due to possible pharmacodynamic interactions, when co-administered with PRECEDEX, a reduction in dosage of PRECEDEX on the concomitant anesthetic, sedative, hypnotic or opioid may be required."
vasopressor,oxytocic drugs,effect,Moderate,1,"The concomitant use of vasopressors, vasoconstricting agents (such as ergonovine) and some oxytocic drugs may result in severe hypertension."
citalopram,cimetidine,mechanism,High,1,"Cimetidine - In subjects who had received 21 days of 40 mg/day racemic citalopram, combined administration of 400 mg/day cimetidine for 8 days resulted in an increase in citalopram AUC and Cmax of 43% and 39%, respectively."
non-steroidal anti-inflammatory agent,thiazide diuretics,effect,Moderate,3,"Non-steroidal Anti-inflammatory Drugs: In some patients, the administration of a non-steroidal anti-inflammatory agent can reduce the diuretic, natriuretic, and antihypertensive effects of loop, potassium-sparing and thiazide diuretics."
Diphenhydramine hydrochloride,sedatives,effect,Moderate,1,"Diphenhydramine hydrochloride has additive effects with alcohol and other CNS depressants (hypnotics, sedatives, tranquilizers, etc)."
clindamycin,erythromycin,effect,Moderate,1,Antagonism has been demonstrated between clindamycin and erythromycin in vitro.
norfloxacin,warfarin,effect,Moderate,1,"Quinolones, including norfloxacin, may enhance the effects of oral anticoagulants, including warfarin or its derivatives or similar agents."
erythromycin,cilostazol,mechanism,High,1,Pharmacokinetic studies have demonstrated that omeprazole and erythromycin significantly increased the systemic exposure of cilostazol and/or its major metabolites.
anticoagulant,methylphenidate,effect,Moderate,1,"Drugs that reportedly may increase oral anticoagulant response, ie, increased prothrombin response, in man include:alcohol*;allopurinol;aminosalicylic acid;amiodarone;anabolic steroids;antibiotics;bromelains;chloral hydrate*;chlorpropamide;chymotrypsin;cimetidine;cinchophen;clofibrate;dextran;dextro"
benzodiazepines,Aprepitant,advise,Moderate,1,"The potential effects of increased plasma concentrations of midazolam or other benzodiazepines metabolized via CYP3A4 (alprazolam, triazolam) should be considered when coadministering these agents with Aprepitant."
Ethinyl estradiol,theophylline,mechanism,High,1,"Theophylline: Ethinyl estradiol may inhibit the metabolism of theophylline, leading to increased plasma concentrations."
aspirin,valdecoxib,effect,Moderate,1,Aspirin: Concomitant administration of aspirin with valdecoxib may result in an increased risk of GI ulceration and complications compared to valdecoxib alone.
Etonogestrel,anticonvulsants,int,Low,1,"Etonogestrel may interact with the following medications: acetaminophen (Tylenol), antibiotics such as ampicillin and tetracycline, anticonvulsants (Dilantin, Phenobarbital, Tegretol, Trileptal, Topamax, Felbatol), antifungals (Gris-PEG, Nizoral, Sporanox), atorvastatin (Lipitor), clofibrate (Atromi"
EQUETROTM,quetiapine,mechanism,High,1,"Agents that have been found, or are expected to have decreased plasma levels in the presence of EQUETROTM due to induction of CYP enzymes are the following: Acetaminophen, alprazolam, amitriptyline, bupropion, buspirone, citalopram, clobazam, clonazepam, clozapine, cyclosporin, delavirdine, desipram"
cefdinir,iron,mechanism,High,3,"Iron Supplements and Foods Fortified With Iron Concomitant administration of cefdinir with a therapeutic iron supplement containing 60 mg of elemental iron (as FeSO4) or vitamins supplemented with 10 mg of elemental iron reduced extent of absorption by 80% and 31%, respectively."
INDOCIN,NSAIDs,advise,Moderate,1,"The concomitant use of INDOCIN with other NSAIDs is not recommended due to the increased possibility of gastrointestinal toxicity, with little or no increase in efficacy."
cholestyramine,thyroid hormones,advise,Moderate,1,"Therefore, 4 to 5 hours should elapse between administration of cholestyramine and thyroid hormones."
lansoprazole,digoxin,mechanism,High,1,"therefore, it is theoretically possible that lansoprazole may interfere with the absorption of drugs where gastric pH is an important determinant of bioavailability (e.g. ketoconazole, ampicillin esters, iron salts, digoxin)."
ritonavir,VIRACEPT,mechanism,High,1,Ritonavir: Coadministration of ritonavir with VIRACEPT resulted in a 152% increase in nelfinavir plasma AUC and very little change in ritonavir plasma A.C.
MAO inhibitor,disulfiram,effect,Moderate,1,"In a single study, rats given high intraperitoneal doses of an MAO inhibitor plus disulfiram experienced severe toxicity, including convulsions and death."
terfenadine,dirithromycin,mechanism,High,2,"in one man, the C max of terfenadine was 8.1 ng/mL with terfenadine alone and 7.2 ng/mL with terfenadine plus dirithromycin."
anticholinergic,antihistamines,effect,Moderate,1,"Drug Interactions: The central anticholinergic syndrome can occur when anticholinergic agents such as AKINETON are administered concomitantly with drugs that have secondary anticholinergic actions, e.g., certain narcotic analgesics such as meperidine, the phenothiazines and other antipsychotics, tri"
intraconazole,budesonide,advise,Moderate,1,"If treatment with inhibitors of CYP3A4 activity (such as ketoconazole, intraconazole, ritonavir, indinavir, saquinavir, erythromycin, etc.) is indicated, reduction of the budesonide dose should be considered."
antacids,norfloxacin,advise,Moderate,1,"Multivitamins, or other products containing iron or zinc, antacids or sucralfate should not be administered concomitantly with, or within 2 hours of, the administration of norfloxacin, because they may interfere with absorption resulting in lower serum and urine levels of norfloxacin."
fluoxetine,atomoxetine,mechanism,High,1,"In EM individuals treated with paroxetine or fluoxetine, the AUC of atomoxetine is approximately 6- to 8-fold and Css,max is about 3- to 4-fold greater than atomoxetine alone."
EQUETROTM,quinine,mechanism,High,1,"Agents that are CYP3A4 inhibitors that have been found, or are expected, to increase plasma levels of EQUETROTM are the following: Acetazolamide, azole antifungals, cimetidine, clarithromycin(1), dalfopristin, danazol, delavirdine, diltiazem, erythromycin(1), fluoxetine, fluvoxamine, grapefruit juic"
escitalopram,desipramine,mechanism,High,1,"However, there are limited in vivo data suggesting a modest CYP2D6 inhibitory effect for escitalopram, i.e., coadministration of escitalopram (20 mg/day for 21 days) with the tricyclic antidepressant desipramine (single dose of 50 mg), a substrate for CYP2D6, resulted in a 40% increase in Cmax and a"
amphotericin B,flucytosine,effect,Moderate,1,"Flucytosine: while a synergistic relationship with amphotericin B has been reported, concomitant use may increase the toxicity of flucytosine by possibly increasing its cellular uptake and/or impairing its renal excretion."
aminoglycoside,antibiotics,effect,Moderate,1,In vitro mixing of an aminoglycoside with beta-lactamtype antibiotics (penicillins or cephalosporins) may result in a significant mutual inactivation.
Digitalis,heparin sodium,effect,Moderate,1,"Drugs Decreasing Heparin Effect: Digitalis, tetracyclines, nicotine, or antihistamines may partially counteract the anticoagulant action of heparin sodium."
simvastatin,clarithromycin,mechanism,High,2,"DISCUSSION: Clarithromycin is a potent inhibitor of CYP3A4, the major enzyme responsible for simvastatin metabolism."
gemifloxacin,aluminum,mechanism,High,1,The absorption of oral gemifloxacin is significantly reduced by the concomitant administration of an antacid containing aluminum and magnesium.
glucocorticoids,PROLEUKIN,effect,Moderate,1,"Although glucocorticoids have been shown to reduce PROLEUKIN-induced side effects including fever, renal insufficiency, hyperbilirubinemia, confusion, and dyspnea, concomitant administration of these agents with PROLEUKIN may reduce the antitumor effectiveness of PROLEUKIN and thus should be avoided"
anticoagulant,amiodarone,effect,Moderate,1,"Drugs that reportedly may increase oral anticoagulant response, ie, increased prothrombin response, in man include:alcohol*;allopurinol;aminosalicylic acid;amiodarone;anabolic steroids;antibiotics;bromelains;chloral hydrate*;chlorpropamide;chymotrypsin;cimetidine;cinchophen;clofibrate;dextran;dextro"
anticoagulants,disulfiram,advise,Moderate,1,It may be necessary to adjust the dosage of oral anticoagulants upon beginning or stopping disulfiram. since disulfiram may prolong prothrombin time.
fentanyl,calcium channel blocker,effect,Moderate,1,Fentanyl Anesthesia: Severe hypotension has been reported during fentanyl anesthesia with concomitant use of a beta blocker and a calcium channel blocker.
Butyrophenones,dopamine,effect,Moderate,1,Butyrophenones (such as haloperidol) and phenothiazines can suppress the dopaminergic renal and mesenteric vasodilation induced with low dose dopamine infusion.
neurotensin,tuftsin,effect,Moderate,3,"On the contrary, neurotensin and tuftsin were agonists in induction of analgesia."
Rifampin,digoxin,mechanism,High,1,"Rifampin may decrease serum digoxin concentration, especially in patients with renal dysfunction, by increasing the non-renal clearance of digoxin."
phenytoin,Norpace,mechanism,High,1,"If phenytoin or other hepatic enzyme inducers are taken concurrently with Norpace or Norpace CR, lower plasma levels of disopyramide may occur."
Aprepitant,tolbutamide,mechanism,High,2,"Tolbutamide: Aprepitant, when given as 125 mg on Day 1 and 80 mg/day on Days 2 and 3, decreased the AUC of tolbutamide (a CYP2C9 substrate) by 23% on Day 4, 28% on Day 8, and 15% on Day 15, when a single dose of tolbutamide 500 mg was admini,stered orally prior to the administration of the 3-day reg"
Sildenafil,short-acting nitrates,advise,Moderate,1,"Sildenafil is contraindicated in patients using long-acting nitrates or who may need to use short-acting nitrates, because the combination may cause a sharp fall of the blood pressure."
EQUETROTM,alcohol,advise,Moderate,1,"Because of its primary CNS effect, caution should be used when EQUETROTM is taken with other centrally acting drugs and alcohol."
nonsteroidal anti-inflammatory drugs,enalapril,effect,Moderate,1,"Non-steroidal Anti-inflammatory Agents: In some patients with compromised renal function who are being treated with nonsteroidal anti-inflammatory drugs, the co-administration of enalapril may result in a further deterioration of renal function."
coumarin anticoagulants,phenytoin,mechanism,High,2,"Presumably, phenytoin acts as a stimulator of coumarin metabolism and has been reported to cause decreased serum levels of the coumarin anticoagulants and increased prothrombin-proconvertin concentrations."
bupropion,desipramine,mechanism,High,2,"In a study of 15 male subjects (ages 19 to 35 years) who were extensive metabolizers of the CYP2D6 isoenzyme, daily doses of bupropion given as 150 mg twice daily followed by a single dose of 50 mg desipramine increased the Cmax, AUC, and t1/2 of desipramine by an average of approximately 2-, 5- and"
TORADOL,anticoagulants,advise,Moderate,1,"Although these results do not indicate a significant interaction between TORADOL and warfarin or heparin, the administration of TORADOL to patients taking anticoagulants should be done extremely cautiously, and patients should be closely monitored."
ERGOMAR,vasoconstrictor drugs,effect,Moderate,1,The pressor effects of ERGOMAR and other vasoconstrictor drugs can combine to cause dangerous hypertension.
anticoagulant,chlorpropamide,effect,Moderate,1,"Drugs that reportedly may increase oral anticoagulant response, ie, increased prothrombin response, in man include:alcohol*;allopurinol;aminosalicylic acid;amiodarone;anabolic steroids;antibiotics;bromelains;chloral hydrate*;chlorpropamide;chymotrypsin;cimetidine;cinchophen;clofibrate;dextran;dextro"
alcohol,bromocriptine mesylate,effect,Moderate,1,"The risk of using bromocriptine mesylate in combination with other drugs has not been systematically evaluated, but alcohol may potentiate the side effects of bromocriptine mesylate."
neuroleptics,dopamine agonists,advise,Moderate,1,"Patients with major psychotic disorders, treated with neuroleptics, should be treated with dopamine agonists only if the potential benefits outweigh the risks."
acetaminophen,tranquilizers,effect,Moderate,1,"Butalbital, acetaminophen and caffeine may enhance the effects of: other narcotic analgesics, alcohol, general anesthetics, tranquilizers such as chlordiazepoxide, sedative-hypnotics, or other CNS depressants, causing increased CNS depression."
Benzthiazide,Ibuprofen,int,Low,1,"Benzthiazide may interact with alcohol, blood thinners, decongestant drugs (allergy, cold, and sinus medicines), diabetic drugs, lithium, norepinephrine, NSAIDs like Aleve or Ibuprofen, and high blood pressure medications."
CANCIDAS,tacrolimus,mechanism,High,1,"CANCIDAS reduced the blood AUC0-12 of tacrolimus by approximately 20%, peak blood concentration (Cmax) by 16%, and 12-hour blood concentration (C12hr) by 26% in healthy subjects when tacrolimus (2 doses of 0.1 mg/kg 12 hours apart) was administered on the 10th day of CANCIDAS 70 mg daily, as compare"
propafenone,carvedilol,effect,Moderate,1,"poor metabolizers of debrisoquin: Interactions of carvedilol with strong inhibitors of CYP2D6 (such as quinidine, fluoxetine, paroxetine, and propafenone) have not been studied, but these drugs would be expected to increase blood levels of the R(+) enantiomer of carvedilol ."
Etonogestrel,Sandimmune,int,Low,1,"Etonogestrel may interact with the following medications: acetaminophen (Tylenol), antibiotics such as ampicillin and tetracycline, anticonvulsants (Dilantin, Phenobarbital, Tegretol, Trileptal, Topamax, Felbatol), antifungals (Gris-PEG, Nizoral, Sporanox), atorvastatin (Lipitor), clofibrate (Atromi"
NSAIDs,furosemide,effect,Moderate,7,"Furosemide: Clinical studies, as well as post-marketing observations, have shown that NSAIDs can reduce the natriuretic effect of furosemide and thiazides in some patients."
ethanol,disulfiram,effect,Moderate,1,Core temperature was decreased in rats in a dose-dependent manner when ethanol was administered to rats treated with disulfiram 8 hours before the ethanol challenge.
aspirin,CELEBREX,advise,Moderate,2,Aspirin: CELEBREX can be used with low dose aspirin.
Isoflurane,muscle relaxants,effect,Moderate,1,"Isoflurane potentiates the muscle relaxant effect of all muscle relaxants, most notably nondepolarizing muscle relaxants, and MAC (minimum alveolar concentration) is reduced by concomitant administration of N 2O."
hormonal contraceptives,lorazepam,mechanism,High,1,"Benzodiazepines: Combination hormonal contraceptives may decrease the clearance of some benzodiazepines (alprazolam, chlordiazepoxide, diazepam) and increase the clearance of others (lorazepam, oxazepam, temazepam)."
diuretics,beta2-agonists.,effect,Moderate,1,"Corticosteroids, Methylxanthines and Diuretics: Concomitant treatment with xanthine derivatives, steroids, or diuretics may potentiate a possible hypokalemic effect of  beta2-agonists."
diuretics,CAMPTOSAR,effect,Moderate,1,"In view of the potential risk of dehydration secondary to vomiting and/or diarrhea induced by CAMPTOSAR, the physician may wish to withhold diuretics during dosing with CAMPTOSAR and, certainly, during periods of active vomiting or diarrhea."
Vardenafil,erythromycin,mechanism,High,2,Erythromycin (500 mg t.i.d) produced a 4-fold increase in vardenafil AUC and a 3-fold increase in Cmax when co-administered with Vardenafil 5 mg in healthy volunteers.
guanfacine,phenobarbital,mechanism,High,1,The administration of guanfacine concomitantly with known microsomal enzyme inducer (phenobarbital or phenytoin) to two patients with renal impairment reportedly resulted in significant reductions in elimination half-life and plasma concentration.
paroxetine,aripiprazole,mechanism,High,1,"Inhibitors of CYP3A4 (eg, ketoconazole) or CYP2D6 (eg, quinidine, fluoxetine, or paroxetine) can inhibit aripiprazole elimination and cause increased blood levels."
Zalcitabine,ZDV,effect,Moderate,1,"Zalcitabine also has no significant effect on the intracellular phosphorylation of ZDV, as shown in vitro in peripheral blood mononuclear cells or in two other cell lines (U937 and Molt-4)."
antipsychotics,hydrocodone,effect,Moderate,1,"Patients receiving other narcotic analgesics, antipsychotics, antianxiety agents, or other CNS depressants (including alcohol) concomitantly with hydrocodone and acetaminophen tablets may exhibit an additive CNS depression."
TRICOR,bile acid binding resin,mechanism,High,1,"Resins: Since bile acid sequestrants may bind other drugs given concurrently, patients should take TRICOR at least 1 hour before or 4-6 hours after a bile acid binding resin to avoid impeding its absorption."
Probenecid,nonsteroidal anti-inflammatory,mechanism,High,1,"Probenecid : Probenecid is known to interact with the metabolism or renal tubular excretion of many drugs (e.g., acetaminophen, acyclovir, angiotensin-converting enzyme inhibitors, aminosalicylic acid, barbiturates, benzodiazepines, bumetanide, clofibrate, methotrexate, famotidine, furosemide, nonst"
caffeine,alcohol,effect,Moderate,1,"Butalbital, acetaminophen and caffeine may enhance the effects of: other narcotic analgesics, alcohol, general anesthetics, tranquilizers such as chlordiazepoxide, sedative-hypnotics, or other CNS depressants, causing increased CNS depression."
phenytoin,halothane,mechanism,High,1,"The most commonly occurring drug interactions are listed below: - Drugs that may increase plasma phenytoin concentrations include: acute alcohol intake, amiodarone, chboramphenicol, chlordiazepoxide, cimetidine, diazepam, dicumarol, disulfiram, estrogens, ethosuximide, fluoxetine, H2-antagonists, ha"
epinephrine,halogenated hydrocarbon general anesthetics,effect,Moderate,1,"Administration of epinephrine to patients receiving cyclopropane or halogenated hydrocarbon general anesthetics such as halothane which sensitize the myocardium, may induce cardiac arrhythmia.."
magnesium,VIDEX,effect,Moderate,1,Antacids: Concomitant administration of antacids containing magnesium or aluminum with VIDEX Chewable/Dispersible Buffered Tablets or Pediatric Powder for Oral Solution may potentiate adverse events associated with the antacid components.
paroxetine,5-HT1 agonists,effect,Moderate,2,"Selective serotonin reuptake inhibitors (SSRIs) (e.g., fluoxetine, fluvoxamine, paroxetine, sertraline) have been reported, rarely, to cause weakness, hyperreflexia, and incoordination when coadministered with 5-HT1 agonists."
Bentiromide,lidocaine,int,Low,1,"Bentiromide may interact with acetaminophen (e.g., Tylenol), chloramphenicol (e.g., Chloromycetin), local anesthetics (e.g., benzocaine and lidocaine), para-aminobenzoic acid (PABA)-containing preparations (e.g., sunscreens and some multivitamins), procainamide (e.g., Pronestyl), sulfonamides (sulfa"
ketoconazole,loratadine,mechanism,High,1,"After the coadministration of 200 mg oral ketoconazole twice daily and one 20 mg dose of loratadine to 11 subjects, the AUC and Cmax of loratadine averaged 302% (  142 S.D.) and 251% (  68 S.D.), respectively, of those obtained after co-treatment with placebo."
thyroid,contraceptives,advise,Moderate,1,"Therefore, patients without a functioning thyroid gland who are on thyroid replacement therapy may need to increase their thyroid dose if estrogens or estrogen-containing oral contraceptives are given."
alprazolam,nifedipine,int,Low,1,"Data from in vitro studies of benzodiazepines other than alprazolam suggest a possible drug interaction for the following: ergotamine, cyclosporine, amiodarone, nicardipine, and nifedipine."
non-steroidal anti-inflammatory agent,potassium-sparing diuretics,effect,Moderate,3,"Non-steroidal Anti-inflammatory Drugs: In some patients, the administration of a non-steroidal anti-inflammatory agent can reduce the diuretic, natriuretic, and antihypertensive effects of loop, potassium-sparing and thiazide diuretics."
dexfenfluramine,MAO inhibitor,advise,Moderate,3,At least 14 days should elapse between discontinuation of a MAO inhibitor and initiation of treatment with dexfenfluramine.
quinolones,caffeine,mechanism,High,7,"Some quinolones, including ciprofloxacin, have also been shown to interfere with the metabolism of caffeine."
cyclosporine,fibrate drugs,effect,Moderate,1,"Cyclosporine: Because cyclosporine can produce nephrotoxicity with decreases in creatinine clearance and rises in serum creatinine, and because renal excretion is the primary elimination route of fibrate drugs including TRICOR, there is a risk that an interaction will lead to deterioration."
VIRACEPT,triazolam,advise,Moderate,1,"Drugs That Should Not Be Coadministered With VIRACEPT Antiarrhythmics: amiodarone, quinidine Antihistamines: astemizole, terfenadine Antimigraine: ergot derivatives Antimycobacterial agents: rifampin Benzodiazepines midazolam, triazolam GI motility agents: cisapride"
dopamine,propranolol,effect,Moderate,2,"Cardiac effects of dopamine are antagonized by beta-adrenergic blocking agents, such as propranolol and metoprolol."
Barbiturates,coumarin drugs,advise,Moderate,1,Barbiturates and glutethimide should not be administered to patients receiving coumarin drugs.
anticoagulant,phenytoin,mechanism,High,2,"Because oral anticoagulants may interfere with the hepatic metabolism of phenytoin, toxic levels of the anticonvulsant may occur when an oral anticoagulant and phenytoin are administered concurrently."
Auranofin,Solganal,advise,Moderate,1,"Auranofin should be avoided by patients with a history of serious reaction to any gold medication, including Solganal and Myochrysine."
CASODEX,coumarin anticoagulants,advise,Moderate,1,"It is recommended that if CASODEX is started in patients already receiving coumarin anticoagulants, prothrombin times should be closely monitored and adjustment of the anticoagulant dose may be necessary."
dextromethorphan hydrobromide,psychotropics,effect,Moderate,1,"The use of dextromethorphan hydrobromide may result in additive CNS depressant effects when coadministered with alcohol, antihistamines, psychotropics or other drugs that produce CNS depression."
FLUOTHANE,aminoglycosides,effect,Moderate,1,FLUOTHANE augments the action of non-depolarising muscle relaxants and the muscle relaxant effects of aminoglycosides.
Diflunisal,furosemide,effect,Moderate,1,Diflunisal decreased the hyperuricemic effect of furosemide.
EQUETROTM,clobazam,mechanism,High,1,"Agents that have been found, or are expected to have decreased plasma levels in the presence of EQUETROTM due to induction of CYP enzymes are the following: Acetaminophen, alprazolam, amitriptyline, bupropion, buspirone, citalopram, clobazam, clonazepam, clozapine, cyclosporin, delavirdine, desipram"
reserpine,beta-blocking,effect,Moderate,1,"Catecholamine-depleting drugs (e.g., reserpine) may have an additive effect when given with beta-blocking agents."
SPRYCEL,telithromycin,mechanism,High,1,"Concomitant use of SPRYCEL and drugs that inhibit CYP3A4 (eg, ketoconazole, itraconazole, erythromycin, clarithromycin, ritonavir, atazanavir, indinavir, nefazodone, nelfinavir, saquinavir, telithromycin) may increase exposure to dasatinib and should be avoided."
bumetanide,aminoglycoside antibiotics,advise,Moderate,1,"- Drugs with ototoxic potential: Especially in the presence of impaired renal function, the use of parenterally administered bumetanide in patients to whom aminoglycoside antibiotics are also being given should be avoided, except in life-threatening conditions."
Aprepitant,nefazodone,advise,Moderate,1,"Consequently, concomitant administration of Aprepitant with strong CYP3A4 inhibitors (e.g., ketoconazole, itraconazole, nefazodone, troleandomycin, clarithromycin, ritonavir, nelfinavir) should be approached with caution."
DCG-IV,PCP,effect,Moderate,1,The effects of DCG-IV were very strong and completely depressed the PCP-induced hyperlocomotion.
Nevirapine,rifampin,advise,Moderate,1,Nevirapine and rifampin should not beadministered concomitantly becausedecreases in nevirapine plasmaconcentrations may reduce the efficacy ofthe drug.
Antacids,quinolones,mechanism,High,1,"Antacids or sucralfate substantially interfere with the absorption of some quinolones, resulting in low urine levels."
Trileptal,felodipine,mechanism,High,1,"Calcium Antagonists: After repeated co-administration of Trileptal, the AUC of felodipine was lowered by 28% [90% CI: 20-33]."
anticoagulant,rifampin,effect,Moderate,1,"Drugs that have been reported to diminish oral anticoagulant response, ie, decreased prothrom-bin time response, in man significantly include: adrenocortical steroids;alcohol*;antacids;antihistamines;barbiturates;carbamazepine;chloral hydrate*;chlordiazepoxide;cholestyramine;diet high in vitamin K;d"
sulfonylureas,probenecid,effect,Moderate,2,"Immediate and Extended Release Tablets The hypoglycemic action of sulfonylureas may be potentiated by certain drugs including nonsteroidal anti-inflammatory agents, some azoles and other drugs that are highly protein bound, salicylates, sulfonamides, chloramphenicol, probenecid, coumarins, monoamine"
Ethoxzolamide,quinidine,effect,Moderate,1,"Ethoxzolamide may increase the action of tricyclics, amphetamines, procainamide, and quinidine."
ritonavir,nevirapine,advise,Moderate,1,A dose increase of lopinavir/ritonavir to 533/133 mg twice daily with food isrecommended in combination with nevirapine.
BEXTRA,ACE-inhibitors,advise,Moderate,1,This interaction should be given consideration in patients taking BEXTRA concomitantly with ACE-inhibitors.
NSAIDs,beta-blockers,effect,Moderate,1,Naproxen and other NSAIDs can reduce the antihypertensive effect of propranolol and other beta-blockers.
Vardenafil,indinavir,mechanism,High,4,"HIV Protease Inhibitors: Indinavir (800 mg t.i.d.) co-administered with Vardenafil 10 mg resulted in a 16-fold increase in vardenafil AUC, a 7-fold increase in vardenafil Cmax and a 2-fold increase in vardenafil half-life."
pentazocine,Levo-Dromoran,advise,Moderate,1,"Interactions with Mixed Agonist/Antagonist Opioid Analgesics: Agonist/antagonist analgesics (eg, pentazocine, nalbuphine, butorphanol, dezocine and buprenorphine) should NOT be administered to a patient who has received or is receiving a course of therapy with a pure agonist opioid analgesic such as"
isradipine,cimetidine,mechanism,High,2,"Cimetidine: In a study in healthy volunteers, a one-week course of cimetidine at 400 mg b.i.d. with a single 5 mg dose of isradipine on the sixth day showed an increase in isradipine mean peak plasma concentrations (36%) and significant increase in area under the curve (50%)."
anticoagulant,alcohol,effect,Moderate,3,"Drugs that reportedly may increase oral anticoagulant response, ie, increased prothrombin response, in man include:alcohol*;allopurinol;aminosalicylic acid;amiodarone;anabolic steroids;antibiotics;bromelains;chloral hydrate*;chlorpropamide;chymotrypsin;cimetidine;cinchophen;clofibrate;dextran;dextro"
Rifampin,losartan,mechanism,High,1,"Rifampin, an inducer of drug metabolism, decreased the concentrations of losartan and its active metabolite."
anticoagulant,mefenamic acid,effect,Moderate,1,"Drugs that reportedly may increase oral anticoagulant response, ie, increased prothrombin response, in man include:alcohol*;allopurinol;aminosalicylic acid;amiodarone;anabolic steroids;antibiotics;bromelains;chloral hydrate*;chlorpropamide;chymotrypsin;cimetidine;cinchophen;clofibrate;dextran;dextro"
quinidine,SPRYCEL,advise,Moderate,1,"Therefore, CYP3A4 substrates known to have a narrow therapeutic index such as alfentanil, astemizole, terfenadine, cisapride, cyclosporine, fentanyl, pimozide, quinidine, sirolimus, tacrolimus, or ergot alkaloids (ergotamine, dihydroergotamine) should be administered with caution in patients receivi"
Cyclopropane,catecholamines,effect,Moderate,1,"Cyclopropane or halogenated hydrocarbon anesthetics increase cardiac autonomic irritability and may sensitize the myocardium to the action of certain intravenously administered catecholamines, such as dopamine."
triazolam,diltiazem,mechanism,High,3,"These pharmacokinetic effects seen during diltiazem coadministration can result in increased clinical effects (e.g., prolonged sodation)of both midazolam and triazolam."
anticoagulants,corticosteroids,effect,Moderate,4,There are reports of enhanced as well as diminished effects of anticoagulants when given concurrently with corticosteroids.
dopamine HCl,alpha-adrenergic blocking agents,effect,Moderate,1,The peripheral vasoconstriction caused by high doses of dopamine HCl is antagonized by alpha-adrenergic blocking agents.
Corticotropin,diuretic,effect,Moderate,2,Corticotropin may accentuate the electrolyte loss associated with diuretic therapy.
Haloperidol,PCP,effect,Moderate,1,"Haloperidol reduced or eliminated the increases in FI responding produced by intermediate doses of either (+)-NANM or PCP in pigeons, but did not antagonize the decreases in FI or FR responding produced by high doses of PCP or either stereoisomer of NANM."
bosentan,S-warfarin,mechanism,High,1,"Warfarin: Co-administration of bosentan 500 mg b.i.d. for 6 days decreased the plasma concentrations of both S-warfarin (a CYP2C9 substrate) and R-warfarin (a CYP3A4 substrate) by 29 and 38%, respectively."
warfarin,sedatives,int,Low,1,Clinical implications of warfarin interactions with five sedatives.
Levo-Dromoran,phenothiazines,effect,Moderate,1,"Interactions with Other CNS Agents: Concurrent use of Levo-Dromoran with all central nervous system depressants (eg, alcohol, sedatives, hypnotics, other opioids, general anesthetics, barbiturates, tricyclic antidepressants, phenothiazines, tranquilizers, skeletal muscle relaxants and antihistamines"
aminoglycoside antibiotics,cephalosporin antibiotics,effect,Moderate,1,Nephrotoxicity has been reported following concomitant administration of aminoglycoside antibiotics and cephalosporin antibiotics.
PRECEDEX,hypnotic,advise,Moderate,1,"However, due to possible pharmacodynamic interactions, when co-administered with PRECEDEX, a reduction in dosage of PRECEDEX on the concomitant anesthetic, sedative, hypnotic or opioid may be required."
isosorbide mononitrate,vasodilators,effect,Moderate,1,The vasodilating effects of isosorbide mononitrate may be additive with those of other vasodilators.
diflunisal,indomethacin,mechanism,High,4,Nonsteroidal Anti-Inflammatory Drugs: The administration of diflunisal to normal volunteers receiving indomethacin decreased the renal clearance and significantly increased the plasma levels of indomethacin.
Levo-Dromoran,MAO inhibitors,advise,Moderate,1,"Although no interaction between MAO inhibitors and Levo-Dromoran has been observed, it is not recommended for use with MAO inhibitors."
INDOCIN,thiazide diuretics,effect,Moderate,1,"In some patients, the administration of INDOCIN can reduce the diuretic, natriuretic, and antihypertensive effects of loop, potassium-sparing, and thiazide diuretics."
tricyclic antidepressants,flecainide,advise,Moderate,1,"Therefore, co-administration of tricyclic antidepressants with other drugs that are metabolized by this isoenzyme, including other antidepressants, phenothiazines, carbamazepine, and Type 1C antiarrhythmics (eg, propafenone, flecainide, and encainide), or that inhibit this enzyme (eg, quinidine), sh"
digoxin,nicardipine HCl,advise,Moderate,1,"Nicardipine HCl usually does not alter the plasma levels of digoxin, however, serum digoxin levels should be evaluated after concomitant therapy with nicardipine HCl is initiated."
antibiotics,anticholinesterase,advise,Moderate,1,"These antibiotics should be used in the myasthenic patient only where definitely indicated, and then careful adjustment should be made of adjunctive anticholinesterase dosage."
antineoplastic agents,anticoagulants,effect,Moderate,1,"Drugs that reduce the number of blood platelets by causing bone marrow depression (such as antineoplastic agents) or drugs which inhibit platelet function (eg, aspirin and other non-steroidal anti-inflammatory drugs, dipyridamole, hydrochloroquine, clofibrate, dextran) may increase the bleeding tend"
cyclosporine,diltiazem,advise,Moderate,3,"If these agents are to be administered concurrently, cyclosporine concentrations should be monitored, especially when diltiazem therapy is initiated, adjusted, or discontinued."
EQUETROTM,dicumarol,mechanism,High,1,"Agents that have been found, or are expected to have decreased plasma levels in the presence of EQUETROTM due to induction of CYP enzymes are the following: Acetaminophen, alprazolam, amitriptyline, bupropion, buspirone, citalopram, clobazam, clonazepam, clozapine, cyclosporin, delavirdine, desipram"
TRICOR,atorvastatin,mechanism,High,1,Concomitant administration of fenofibrate (equivalent to 145 mg TRICOR) with atorvastatin (20 mg) once daily for 10 days resulted in approximately 17% decrease (range from 67% decrease to 44% increase) in atorvastatin AUC values in 22 healthy males.
NUROMAX,magnesium,effect,Moderate,1,"Other drugs which may enhance the neuromuscular blocking action of nondepolarizing agents such as NUROMAX include certain antibiotics (e. g., aminoglycosides, tetracyclines, bacitracin, polymyxins, lincomycin, clindamycin, colistin, and sodium colistimethate), magnesium salts, lithium, local anesthe"
ibuprofen,lithium,mechanism,High,2,Lithium: Ibuprofen produced an elevation of plasma lithium levels and a reduction in renal lithium clearance in a study of eleven normal volunteers.
cholestyramine,vitamin K,mechanism,High,2,"For example, since cholestyramine may reduce the gastrointestinal absorption of both the oral anticoagulants and vitamin K, the net effects are unpredictable."
Tagamet,diazepam,mechanism,High,1,"Tagamet, apparently through an effect on certain microsomal enzyme systems, has been reported to reduce the hepatic metabolism of warfarin-type anticoagulants, phenytoin, propranolol, nifedipine, chlordiazepoxide, diazepam, certain tricyclic antidepressants, lidocaine, theophylline and metronidazole"
EQUETROTM,oxcarbazepine,mechanism,High,1,"Agents that have been found, or are expected to have decreased plasma levels in the presence of EQUETROTM due to induction of CYP enzymes are the following: Acetaminophen, alprazolam, amitriptyline, bupropion, buspirone, citalopram, clobazam, clonazepam, clozapine, cyclosporin, delavirdine, desipram"
Argatroban,antiplatelet agents,effect,Moderate,1,"Co-administration: Concomitant use of Argatroban with antiplatelet agents, thrombolytics, and other anticoagulants may increase the risk of bleeding."
azithromycin,zidovudine,mechanism,High,3,"Azithromycin had no significant impact on the Cmax and AUC of zidovudine, although it significantly decreased the zidovudine tmax by 44% and increased the intracellular exposure to phosphorylated zidovudine by 110%."
EQUETROTM,valproate,mechanism,High,2,"Agents that have been found, or are expected to have decreased plasma levels in the presence of EQUETROTM due to induction of CYP enzymes are the following: Acetaminophen, alprazolam, amitriptyline, bupropion, buspirone, citalopram, clobazam, clonazepam, clozapine, cyclosporin, delavirdine, desipram"
fenoprofen,aspirin,mechanism,High,2,The coadministration of aspirin decreases the biologic half-life of fenoprofen because of an increase in metabolic clearance that results in a greater amount of hydroxylated fenoprofen in the urine.
ENBREL,anakinra,effect,Moderate,2,"In a study in which patients with active RA were treated for up to 24 weeks with concurrent ENBREL  and anakinra therapy, a 7% rate of serious infections was observed, which was higher than that observed with ENBREL  alone (0%)."
sucralfate,norfloxacin,advise,Moderate,1,"Multivitamins, or other products containing iron or zinc, antacids or sucralfate should not be administered concomitantly with, or within 2 hours of, the administration of norfloxacin, because they may interfere with absorption resulting in lower serum and urine levels of norfloxacin."
EQUETROTM,doxycycline,mechanism,High,1,"Agents that have been found, or are expected to have decreased plasma levels in the presence of EQUETROTM due to induction of CYP enzymes are the following: Acetaminophen, alprazolam, amitriptyline, bupropion, buspirone, citalopram, clobazam, clonazepam, clozapine, cyclosporin, delavirdine, desipram"
phenytoin,doxycycline,effect,Moderate,2,"- Drugs whose efficacy is impaired by phenytoin include: anticoagulants, corticosteroids, coumarin, digitoxin, doxycycline, estrogens, furosemide, oral contraceptives, rifampin, quinidine, theophylline, vitamin D."
aluminum,VIDEX,effect,Moderate,1,Antacids: Concomitant administration of antacids containing magnesium or aluminum with VIDEX Chewable/Dispersible Buffered Tablets or Pediatric Powder for Oral Solution may potentiate adverse events associated with the antacid components.
anticoagulant,clofibrate,effect,Moderate,1,"Drugs that reportedly may increase oral anticoagulant response, ie, increased prothrombin response, in man include:alcohol*;allopurinol;aminosalicylic acid;amiodarone;anabolic steroids;antibiotics;bromelains;chloral hydrate*;chlorpropamide;chymotrypsin;cimetidine;cinchophen;clofibrate;dextran;dextro"
dorzolamide,carbonic anhydrase inhibitors,effect,Moderate,1,"Although acid-base and electrolyte disturbances were not reported in the clinical trials with dorzolamide, these disturbances have been reported with oral carbonic anhydrase inhibitors and have, in some instances, resulted in drug interactions (e.g., toxicity associated with high-dose salicylate the"
clozapine,fluoxetine,mechanism,High,1,"However, other published reports describe modest elevations (less than two-fold) of clozapine and metabolite concentrations when clozapine was taken with paroxetine, fluoxetine, and sertraline."
sulfonylureas,salicylates,effect,Moderate,2,"Immediate and Extended Release Tablets The hypoglycemic action of sulfonylureas may be potentiated by certain drugs including nonsteroidal anti-inflammatory agents, some azoles and other drugs that are highly protein bound, salicylates, sulfonamides, chloramphenicol, probenecid, coumarins, monoamine"
Propantheline,digoxin,mechanism,High,1,"Propantheline and diphenoxylate, by decreasing gut motility, may increase digoxin absorption."
anticoagulants,FLOLAN,effect,Moderate,1,"When other antiplatelet agents or anticoagulants are used concomitantly, there is the potential for FLOLAN to increase the risk of bleeding."
rifampin,corticosteroids,mechanism,High,3,"Hepatic Enzyme Inducers, Inhibitors and Substrates: Drugs which induce cytochrome P450 3A4 (CYP 3A4) enzyme activity (e.g., barbiturates, phenytoin, carbamazepine, rifampin) may enhance the metabolism of corticosteroids and require that the dosage of the corticosteroid be increased."
ketoconazole,cinacalcet,mechanism,High,1,"Co-administration of ketoconazole, a strong inhibitor of CYP3A4, increased cinacalcet exposure following a single 90 mg dose of Sensipar by 2.3 fold."
rifabutin,VIRACEPT,advise,Moderate,3,Rifabutin: Coadministration of rifabutin and VIRACEPT resulted in a 32% decrease in nelfinavir plasma AUC and a 207% increase in rifabutin plasma A.C.
bupropion,antidepressants,advise,Moderate,1,"Therefore, co-administration of bupropion with drugs that are metabolized by CYP2D6 isoenzyme including certain antidepressants (e.g., nortriptyline, imipramine, desipramine, paroxetine, fluoxetine, sertraline), antipsychotics (e.g., haloperidol, risperidone, thioridazine), beta-blockers (e.g., meto"
MONUROL,metoclopramide,mechanism,High,1,"Metoclopramide: When coadministered with MONUROL, metoclopramide, a drug which increases gastrointestinal motility, lowers the serum concentration and urinary excretion of fosfomycin."
Auranofin,gold medication,advise,Moderate,1,"Auranofin should be avoided by patients with a history of serious reaction to any gold medication, including Solganal and Myochrysine."
anticoagulant,influenza virus vaccine,effect,Moderate,1,"Drugs that reportedly may increase oral anticoagulant response, ie, increased prothrombin response, in man include:alcohol*;allopurinol;aminosalicylic acid;amiodarone;anabolic steroids;antibiotics;bromelains;chloral hydrate*;chlorpropamide;chymotrypsin;cimetidine;cinchophen;clofibrate;dextran;dextro"
imipramine,fluoxetine,mechanism,High,1,"The plasma concentration of imipramine may increase when the drug is given concomitantly with hepatic enzyme inhibitors (e.g., cimetidine, fluoxetine) and decrease by concomitant administration of hepatic enzyme inducers (e.g., barbiturates, phenytoin), and adjustment of the dosage of imipramine may"
calcium,EMCYT,mechanism,High,1,"Milk, milk products, and calcium-rich foods or drugs may impair the absorption of EMCYT."
bupropion,amantadine,effect,Moderate,1,Levodopa and Amantadine: Limited clinical data suggest a higher incidence of adverse experiences in patients receiving bupropion concurrently with either levodopa or amantadine.
ergotamine,AXERT,advise,Moderate,1,"Because there is a theoretical basis that these effects may be additive, use of ergotamine-containing or ergot-type medications (like dihydroergotamine or methysergide) and AXERT within 24 hours of each other should be avoided."
digoxin,conivaptan,mechanism,High,1,"Digoxin: Coadministration of digoxin, a P-glycoprotein substrate, with oral conivaptan resulted in a reduction in clearance and an increase in digoxin Cmax and AUC values."
Fenfluramine,methyldopa,effect,Moderate,1,"Fenfluramine may increase slightly the effect of antihypertensive drugs, e.g., guanethidine, methyldopa, reserpine."
ciprofloxacin,antacids,advise,Moderate,2,"This time window is different than for other oral formulations of ciprofloxacin, which are usually administered 2 hours before or 6 hours after antacids."
CNS depressant drugs,fenfluramine,advise,Moderate,1,"Other CNS depressant drugs should be used with caution in patients taking fenfluramine, since the effects may be additive."
Aspirin,antacids,advise,Moderate,1,"Antacids: Enteric Coated Aspirin should not be given concurrently with antacids, since an increase in the pH of the stomach may effect the enteric coating of the tablets."
Albendazole sulfoxide,cimetidine,mechanism,High,1,Cimetidine: Albendazole sulfoxide concentrations in bile and cystic fluid were increased (about 2-fold) in hydatid cyst patients treated with cimetidine (10 mg/kg/day) (n=7) compared with albendazole (20 mg/kg/day) alone (n=12).
Amphetamines,meperidine,effect,Moderate,2,Meperidine: Amphetamines potentiate the analgesic effect of meperidine.
nondepolarizing neuromuscular blocking agents,phenytoin,effect,Moderate,2,Resistance to the neuromuscular blocking action of nondepolarizing neuromuscular blocking agents has been demonstrated in patients chronically administered phenytoin or carbamazepine.
anticoagulant,bromelains,effect,Moderate,1,"Drugs that reportedly may increase oral anticoagulant response, ie, increased prothrombin response, in man include:alcohol*;allopurinol;aminosalicylic acid;amiodarone;anabolic steroids;antibiotics;bromelains;chloral hydrate*;chlorpropamide;chymotrypsin;cimetidine;cinchophen;clofibrate;dextran;dextro"
aspirin,anticoagulants,effect,Moderate,1,"Drugs that reduce the number of blood platelets by causing bone marrow depression (such as antineoplastic agents) or drugs which inhibit platelet function (eg, aspirin and other non-steroidal anti-inflammatory drugs, dipyridamole, hydrochloroquine, clofibrate, dextran) may increase the bleeding tend"
fluvoxamine,diazepam,advise,Moderate,4,Diazepam: The co-administration of Fluvoxamine Tablets and diazepam is generally not advisable.
alprazolam,fluvoxamine,int,Low,4,"Although it has not been definitively demonstrated that fluvoxamine is a potent IIIA4 inhibitor, it is likely to be, given the substantial interaction of fluvoxamine with alprazolam."
quinolone antibiotics,calcium,mechanism,High,1,"Plasma concentrations of quinolone antibiotics are decreased when administered with antacids containing magnesium, calcium, or aluminum."
HEMABATE,oxytocic agents,effect,Moderate,1,HEMABATE may augment the activity of other oxytocic agents.
Cholestyramine,thyroxine,mechanism,High,1,"Cholestyramine resin may delay or reduce the absorption of concomitant oral medication such as phenylbutazone, warfarin, thiazide diuretics (acidic) or propranolol (basic), as well as tetracycline penicillin G, phenobarbital, thyroid and thyroxine preparations, estrogens and progestins, and digitali"
methylxanthines,adrenergic agonists,effect,Moderate,1,"Concomitant treatment with methylxanthines (aminophylline, theophylline), steroids, or diuretics may potentiate any hypokalemic effect of adrenergic agonists."
nadolol,guanfacine,effect,Moderate,1,"Noncardioselective beta-blockers (nadolol,porpranolol,timolol) may exacerbate rebound hypertension when guanfacine is withdrawn."
disopyramide phosphate,erythromycin,mechanism,High,1,Patients taking disopyramide phosphate and erythromycin concomitantly may develop increased serum concentrations of disopyramide resulting in excessive widening of the QRS complex and/or prolongation of the Q-T interval.
amiodarone,flecainide,mechanism,High,1,"When amiodarone is added to flecainide therapy, plasma flecainide levels may increase two-fold or more in some patients, if flecainide dosage is not reduced."
VISTIDE,tobramycin,advise,Moderate,1,"Nephrotoxic agents : Concomitant administration of VISTIDE and agents with nephrotoxic potential [e.g., intravenous aminoglycosides (e.g., tobramycin, gentamicin, and amikacin), amphotericin B, foscarnet, intravenous pentamidine, vancomycin, and non-steroidal anti-inflammatory agents] is contraindic"
clindamycin,gentamicin,effect,Moderate,3,Combinations of clindamycin and gentamicin were indifferent for 16 and synergistic for 11 of the resistant strains.
phenytoin,exemestane,mechanism,High,1,"Co-medications that induce CYP 3A4 (e.g., rifampicin, phenytoin, carbamazepine, phenobarbital, or St. John s wort) may significantly decrease exposure to exemestane."
Chlorotrianisene,cyclosporine,int,Low,1,"Chlorotrianisene may interact with antidepressants, aspirin, barbiturates, bromocriptine, calcium supplements, corticosteroids, corticotropin, cyclosporine, dantrolene, nicotine, somatropin, tamoxifen, and warfarin."
aluminum,Ibandronate,mechanism,High,1,"Products containing calcium and other multivalent cations (such as aluminum, magnesium, iron) are likely to interfere with absorption of Ibandronate."
erythromycin,anticoagulants,effect,Moderate,2,There have been reports of increased anticoagulant effects when erythromycin and oral anticoagulants were used concomitantly.
verapamil,Adenocard,effect,Moderate,1,Digoxin and verapamil use may be rarely associated with ventricular fibrillation when combined with Adenocard.
retinoids,acitretin,advise,Moderate,1,Vitamin A and oral retinoids: Concomitant administration of vitamin A and/or other oral retinoids with acitretin must be avoided because of the risk of hypervitaminosis A.
Benzthiazide,decongestant drugs,int,Low,1,"Benzthiazide may interact with alcohol, blood thinners, decongestant drugs (allergy, cold, and sinus medicines), diabetic drugs, lithium, norepinephrine, NSAIDs like Aleve or Ibuprofen, and high blood pressure medications."
epinephrine,tricyclic antidepressants,effect,Moderate,4,"Avoid the use of preparations such as decongestants and local anesthetics which contain any sympathomimetic amine (e.g., epinephrine, norepinephrine), since it has been reported that tricyclic antidepressants can potentiate the effects of catecholamines."
benzodiazepine class,phenothiazines classes of antipsychotic agents,effect,Moderate,1,"Pharmacodynamic Interactions: The CNS-depressant action of the benzodiazepine class of drugs may be potentiated by alcohol, narcotics, barbiturates, nonbarbiturate hypnotics, antianxiety agents, the phenothiazines, thioxanthene and butyrophenone classes of antipsychotic agents, monoamine oxidase inh"
Cevimeline,beta adrenergic antagonists,advise,Moderate,1,"Cevimeline should be administered with caution to patients taking beta adrenergic antagonists, because of the possibility of conduction disturbances."
EQUETROTM,lorazepam,mechanism,High,1,"Agents that have been found, or are expected to have decreased plasma levels in the presence of EQUETROTM due to induction of CYP enzymes are the following: Acetaminophen, alprazolam, amitriptyline, bupropion, buspirone, citalopram, clobazam, clonazepam, clozapine, cyclosporin, delavirdine, desipram"
dirithromycin,H 2 -receptor antagonists,mechanism,High,1,"Antacids or H 2 receptor antagonists: When dirithromycin is administered immediately following antacids or H 2 -receptor antagonists, the absorption of dirithromycin is slightly enhanced."
Cardiac glycosides,bepridil hydrochloride,effect,Moderate,1,Cardiac glycosides could exaggerate the depression of AV nodal conduction observed with bepridil hydrochloride.
Tagamet,propranolol,mechanism,High,1,"Tagamet, apparently through an effect on certain microsomal enzyme systems, has been reported to reduce the hepatic metabolism of warfarin-type anticoagulants, phenytoin, propranolol, nifedipine, chlordiazepoxide, diazepam, certain tricyclic antidepressants, lidocaine, theophylline and metronidazole"
fentanyl,ritonavir,mechanism,High,1,"The concomitant use of transdermal fentanyl with ritonavir or other potent 3A4 inhibitors such as ketoconazole, itraconazole, troleandomycin, clarithromycin, nelfinavir, and nefazadone may result in an increase in fentanyl plasma concentrations."
Tricyclic antidepressants,tramadol,effect,Moderate,1,Tricyclic antidepressants may enhance the seizure risk in patients taking tramadol
Etonogestrel,Dilantin,int,Low,1,"Etonogestrel may interact with the following medications: acetaminophen (Tylenol), antibiotics such as ampicillin and tetracycline, anticonvulsants (Dilantin, Phenobarbital, Tegretol, Trileptal, Topamax, Felbatol), antifungals (Gris-PEG, Nizoral, Sporanox), atorvastatin (Lipitor), clofibrate (Atromi"
Anticonvulsants,progestins,mechanism,High,1,"Anticonvulsants (carbamazepine, felbamate, phenobarbital, phenytoin, topiramate): Increase the metabolism of ethinyl estradiol and/or some progestins, leading to possible decrease in contraceptive effectiveness."
macrolide antibiotics,corticosteroids,mechanism,High,1,"Drugs which inhibit CYP 3A4 (e.g., ketoconazole, macrolide antibiotics such as erythromycin) have the potential to result in increased plasma concentrations of corticosteroids."
enflurane,NUROMAX,mechanism,High,1,"Isoflurane, enflurane, and halothane decrease the ED50 of NUROMAX by 30% to 45%."
diclofenac,warfarin,advise,Moderate,2,"Because prostaglandins play an important role in hemostasis, and NSAIDs affect platelet function as well, concurrent therapy with all NSAIDs, including diclofenac, and warfarin requires close monitoring of patients to be certain that no change in their anticoagulant dosage is required."
felbamate,progestins,mechanism,High,1,"Anticonvulsants (carbamazepine, felbamate, phenobarbital, phenytoin, topiramate): Increase the metabolism of ethinyl estradiol and/or some progestins, leading to possible decrease in contraceptive effectiveness."
Flurbiprofen,propranolol,effect,Moderate,2,Flurbiprofen pretreatment attenuated the hypotensive effect of a single dose of propranolol but not atenolol.
STADOL NS,sumatriptan,mechanism,High,3,"These results suggest that the analgesic effect of STADOL NS may be diminished when it is administered shortly after sumatriptan nasal spray, but by 30 minutes any such reduction in effect should be minimal."
TAXOL,cisplatin,effect,Moderate,2,"In a Phase I trial using escalating doses of TAXOL (110-200 mg/m2) and cisplatin (50 or 75 mg/m2) given as sequential infusions, myelosuppression was more profound when TAXOL was given after cisplatin than with the alternate sequence (ie, TAXOL before cisplatin)."
Anticholinergic drugs,metoclopramide,effect,Moderate,3,"Anticholinergic drugs may antagonize the effects of the drugs that alter gastrointestinal motility, such as metoclopramide."
antifungal agents,clonazepam,advise,Moderate,1,"Although clinical studies have not been performed, based on the involvement of the cytochrome P-450 3A family in clonazepam metabolism, inhibitors of this enzyme system, notably oral antifungal agents, should be used cautiously in patients receiving clonazepam."
indomethacin,captopril,effect,Moderate,1,"Inhibitors Of Endogenous Prostaglandin Synthesis It has been reported that indomethacin may reduce the antihypertensive effect of captopril, especially in cases of low renin hypertension."
sucralfate,quinolones,mechanism,High,2,"Administration of quinolones with antacids containing aluminum, magnesium, or calcium, with sucralfate, with metal cations such as iron, or with multivitamins containing iron or zinc, or with formulations containing divalent and trivalent cations such as VIDEX (didanosine) chewable/buffered tablets "
Enalapril,thiazide-type diuretics,effect,Moderate,2,Agents Increasing Serum Potassium: Enalapril and enalapril IV attenuate potassium loss caused by thiazide-type diuretics.
acitretin,phenytoin,mechanism,High,1,"Phenytoin: If acitretin is given concurrently with phenytoin, the protein binding of phenytoin may be reduced."
benzodiazepines,phenothiazines,effect,Moderate,3,"The actions of the benzodiazepines may be potentiated by barbiturates, narcotics, phenothiazines, monoamine oxidase inhibitors or other antidepressants."
heparin,antithrombin III,effect,Moderate,2,The anticoagulant effect of heparin is enhanced by concurrent treatment with antithrombin III (human) in patients with hereditary antithrombin III deficiency.
valproic acid,phenobarbital,mechanism,High,2,"Valproic acid diminished binding of phenobarbital by a net change of 9.9% (percentage increase in FDF, 21.2%) at 1732 micromol/L."
Labetalol HCl,nitroglycerin,effect,Moderate,2,"If labetalol HCl is used with nitroglycerin in patients with angina pectoris, additional antihypertensive effects may occur."
corticosteroids,Starlix,effect,Moderate,1,"Certain drugs including thiazides, corticosteroids, thyroid products, and sympathomimetics may reduce the hypoglycemic action of Starlix and other oral antidiabetic drugs."
sympathomimetic agents,colchicine,effect,Moderate,1,Response to sympathomimetic agents may be enhanced by colchicine.
troleandomycin,cisapride,mechanism,High,1,"Antibiotics: In vitro and/or in vivo data show that clarithromycin, erythromycin, and troleandomycin markedly inhibit the metabolism of cisapride, which can result in an increase in plasma cisapride levels and prolongation of the QT interval on the ECG."
valdecoxib,glyburide,advise,Moderate,2,"Because changes in glucose concentrations with valdecoxib coadministration were within the normal variability and individual glucose concentrations were above or near 70 mg/dL, dose adjustment for glyburide (5 mg QD and 10 mg BID) with valdecoxib coadministration (up to 40 mg QD) is not indicated."
Cimetidine,ELLENCE,advise,Moderate,1,Cimetidine treatment should be stopped during treatment with ELLENCE.
estazolam,rifampin,mechanism,High,1,"While no in vivo drug-drug interaction studies were conducted between estazolam and inducers of CYP3A, compounds that are potent CYP3A inducers (such as carbamazepine, phenytoin, rifampin, and barbiturates) would be expected to decrease estazolam concentrations."
ALFENTA,tranquilizers,effect,Moderate,1,"Both the magnitude and duration of central nervous system and cardiovascular effects may be enhanced when ALFENTA is administered in combination with other CNS depressants such as barbiturates, tranquilizers, opioids, or inhalation general anesthetics."
zinc,norfloxacin,advise,Moderate,1,"Multivitamins, or other products containing iron or zinc, antacids or sucralfate should not be administered concomitantly with, or within 2 hours of, the administration of norfloxacin, because they may interfere with absorption resulting in lower serum and urine levels of norfloxacin."
imipramine,phenytoin,mechanism,High,1,"The plasma concentration of imipramine may increase when the drug is given concomitantly with hepatic enzyme inhibitors (e.g., cimetidine, fluoxetine) and decrease by concomitant administration of hepatic enzyme inducers (e.g., barbiturates, phenytoin), and adjustment of the dosage of imipramine may"
TARCEVA,ketoconazole,advise,Moderate,1,"Caution should be used when administering or taking TARCEVA with ketoconazole and other strong CYP3A4 inhibitors such as, but not limited to, atazanavir, clarithromycin, indinavir, itraconazole, nefazodone, nelfinavir, ritonavir, saquinavir, telithromycin, troleandomycin (TAO), and voriconazole ."
Probenecid,ciprofloxacin,mechanism,High,2,Probenecid: Probenecid interferes with renal tubular secretion of ciprofloxacin and produces an increase in the level of ciprofloxacin in serum.
ferrous sulfate,FACTIVE,advise,Moderate,1,"Magnesium- and/or aluminum-containing antacids, products containing ferrous sulfate (iron), multivitamin preparations containing zinc or other metal cations, or Videx (didanosine) chewable/buffered tablets or the pediatric powder for oral solution should not be taken within 3 hours before or 2 hours"
paroxetine,carvedilol,effect,Moderate,1,"poor metabolizers of debrisoquin: Interactions of carvedilol with strong inhibitors of CYP2D6 (such as quinidine, fluoxetine, paroxetine, and propafenone) have not been studied, but these drugs would be expected to increase blood levels of the R(+) enantiomer of carvedilol ."
Enoxacin,methylxanthines,mechanism,High,2,Caffeine: Enoxacin is a potent inhibitor of the cytochrome P-450 isozymes responsible for the metabolism of methylxanthines.
anticholinergic,quinidine,effect,Moderate,1,"Drug Interactions: The central anticholinergic syndrome can occur when anticholinergic agents such as AKINETON are administered concomitantly with drugs that have secondary anticholinergic actions, e.g., certain narcotic analgesics such as meperidine, the phenothiazines and other antipsychotics, tri"
Lincomycin,neuromuscular blocking agents,effect,Moderate,1,Lincomycin has been shown to have neuromuscular blocking properties that may enhance the action of other neuromuscular blocking agents.
diflunisal,aspirin,mechanism,High,1,"Aspirin: In normal volunteers, a small decrease in diflunisal levels was observed when multiple doses of diflunisal and aspirin were administered concomitantly."
Exjade,aluminum,advise,Moderate,1,"Although deferasirox has a lower affinity for aluminum than for iron, Exjade should not be taken with aluminum-containing antacid preparations."
quinolones,didanosine,mechanism,High,3,"and Videx , (Didanosine), chewable/buffered tablets or the pediatric powder for oral solution may substantially interfere with the absorption of quinolones, resulting in systemic levels considerably lower than desired."
Ketoconazole,vitamin D,mechanism,High,3,Ketoconazole: Ketoconazole may inhibit both synthetic and catabolic enzymes of vitamin D.
Midazolam,metamizol,effect,Moderate,1,"Midazolam used at doses of 1.25 mg/kg and 2.5 mg/kg decreased the antinociceptive effect of morphine, metamizol (only in the tail-flick test) and indomethacin."
Acetazolamide,quinidine,mechanism,High,1,Acetazolamide reduces urinary excretion of quinidine and may enhance its effect.
amiodarone,protease inhibitor,advise,Moderate,1,Monitoring for amiodarone toxicity and serial measurement of amiodarone serum concentration during concomitant protease inhibitor therapy should be considered.
anticoagulant,quinine,effect,Moderate,1,"Drugs that reportedly may increase oral anticoagulant response, ie, increased prothrombin response, in man include:alcohol*;allopurinol;aminosalicylic acid;amiodarone;anabolic steroids;antibiotics;bromelains;chloral hydrate*;chlorpropamide;chymotrypsin;cimetidine;cinchophen;clofibrate;dextran;dextro"
levothyroxine sodium,anabolic hormones,mechanism,High,1,"Binding to Serum Proteins: The following agents may either inhibit levothyroxine sodium binding to serum proteins or alter the concentrations of serum binding proteins: androgens and related anabolic hormones, asparaginase, clofibrate, estrogens and estrogen-containing compounds, 5-fluorouracil, fur"
Mineral oil,fat-soluble vitamins,mechanism,High,1,"Mineral oil interferes with the absorption of fat-soluble vitamins, including vitamin D preparations."
fentanyl,alcohol,effect,Moderate,1,"Central Nervous System Depressants: The concomitant use of DURAGESIC  (fentanyl transdermal system) with other central nervous system depressants, including but not limited to other opioids, sedatives, hypnotics, tranquilizers (e.g., benzodiazepines), general anesthetics, phenothiazines, skeletal mu"
phenytoin,digitoxin,effect,Moderate,1,"- Drugs whose efficacy is impaired by phenytoin include: anticoagulants, corticosteroids, coumarin, digitoxin, doxycycline, estrogens, furosemide, oral contraceptives, rifampin, quinidine, theophylline, vitamin D."
iloprost,vasodilators,effect,Moderate,1,"However, iloprost has the potential to increase the hypotensive effect of vasodilators and antihypertensive agents."
Nabilone,codeine,effect,Moderate,1,"Nabilone has been shown to have an additive CNS depressant effect when given with either diazepam, secobarbitone sodium, alcohol or codeine."
indomethacin,heparin sodium,effect,Moderate,1,"Platelet inhibitors: Drugs such as acetylsalicylic acid, dextran, phenylbutazone, ibuprofen, indomethacin, dipyridamole, hydroxychloroquine and others that interfere with platelet-aggregation reactions (the main hemostatic defense of heparinized patients) may induce bleeding and should be used with "
amphotericin,HIVID,effect,Moderate,1,"Amphotericin, Foscarnet, and Aminoglycosides: Drugs such as amphotericin, foscarnet, and aminoglycosides may increase the risk of developing peripheral neuropathy or other HIVID-associated adverse events by interfering with the renal clearance of zalcitabine (thereby raising systemic exposure)."
Anafranil,digoxin,mechanism,High,1,"Because Anafranil is highly bound to serum protein, the administration of Anafranil to patients taking other drugs that are highly bound to protein (e.g., warfarin, digoxin) may cause an increase in plasma concentrations of these drugs, potentially resulting in adverse effects."
PAH,procaine,effect,Moderate,1,"Renal clearance measurements of PAH cannot be made with any significant accuracy in patients receiving sulfonamides, procaine, or thiazolesulfone."
Ribavirin,zidovudine,effect,Moderate,1,Stavudine and Zidovudine Ribavirin can antagonize the in vitro antiviral activity of stavudine and zidovudine against HIV.
ketoconazole,budesonide,mechanism,High,2,Concomitant oral administration of ketoconazole (a known inhibitor of CYP3A4 activity in the liver and in the intestinal mucosa) caused an eight-fold increase of the systemic exposure to oral budesonide.
Aminosalicylic acid,Lanoxin,mechanism,High,1,"Aminosalicylic acid may decrease the amount of digoxin (Lanoxin, Lanoxicaps) that gets absorbed into your body."
PAH,thiazolesulfone,effect,Moderate,1,"Renal clearance measurements of PAH cannot be made with any significant accuracy in patients receiving sulfonamides, procaine, or thiazolesulfone."
cerivastatin sodium,cholestyramine,mechanism,High,2,"However, in the second study, administration of 12 g cholestyramine 1 hour before the evening meal and 0.3 mg cerivastatin sodium approximately 4 hours after the same evening meal resulted in a decrease in the cerivastatin AUC of less than 8%, and a decrease in Cmax of about 30% when compared to dos"
anticoagulant,cholestyramine,effect,Moderate,1,"Drugs that have been reported to diminish oral anticoagulant response, ie, decreased prothrom-bin time response, in man significantly include: adrenocortical steroids;alcohol*;antacids;antihistamines;barbiturates;carbamazepine;chloral hydrate*;chlordiazepoxide;cholestyramine;diet high in vitamin K;d"
antihistamines,tranquilizers,effect,Moderate,2,"Antihistamines may have additive effects with alcohol and other CNS depressants, e.g., hypnotics, sedatives, tranquilizers, antianxiety agents."
anakinra,TNF-blocking agents,effect,Moderate,1,"Therefore the, combination of anakinra with other TNF-blocking agents, including HUMIRA, may also result i n similar toxicities."
PRINIVIL,spironolactone,effect,Moderate,1,"Use of PRINIVIL with potassium-sparing diuretics (e.g., spironolactone, triamterene, or amiloride), potassium supplements, or potassium-containing salt substitutes may lead to significant increases in serum potassium."
ritonavir,almotriptan,advise,Moderate,1,"Although the interaction between almotriptan and other potent CYP3A4 inhibitors (e.g., itraconazole, ritonavir, and erythromycin) has not been studied, increased exposures to almotriptan may be expected when almotriptan is used concomitantly with these medications."
diclofenac,hypoglycemic agents,effect,Moderate,2,"There are rare reports, however, from marketing experiences, of changes in effects of insulin or oral hypoglycemic agents in the presence of diclofenac that necessitated changes in the doses of such agents."
neomycin,vitamin B-12,mechanism,High,1,"Oral neomycin inhibits the gastrointestinal absorption of penicillin V, oral vitamin B-12, methotrexate and 5-fluorouracil."
sedative-hypnotics,DILAUDID,effect,Moderate,1,"Patients receiving other narcotic analgesics, general anesthetics, phenothiazines, tranquilizers, sedative-hypnotics, tricyclic antidepressants or other CNS depressants (including alcohol) concomitantly with DILAUDID may exhibit an additive CNS depression."
Lofexidine,barbiturates,effect,Moderate,1,"- Lofexidine may enhance the CNS depressive effects of alcohol, barbiturates and other sedatives"
L-histidine,H1 blockers,effect,Moderate,1,"H1 and H2 Blockers - Although not reported, L-histidine, via its metabolism to histamine, might decrease the efficacy of H1 and H2 blockers."
probenecid,norfloxacin,mechanism,High,1,Diminished urinary excretion of norfloxacin has been reported during the concomitant administration of probenecid and norfloxacin.
EPA,aspirin,int,Low,1,Interactions may occur between EPA supplements and aspirin and other non-steroidal anti-inflammatory drugs and herbs such as garlic (Allium sativum) and ginkgo (Ginkgo biloba).
methotrexate,acitretin,advise,Moderate,1,"Consequently, the combination of methotrexate with acitretin is also contraindicated."
ketoconazole,cisapride,mechanism,High,9,"Human pharmacokinetic data indicate that oral ketoconazole markedly inhibits the metabolism of cisapride, resulting in a mean eight-fold increase in AUC of cisapride."
thiosulfate,cisplatin,mechanism,High,1,This study demonstrates that concurrent administration of thiosulfate permits at least a twofold increase in dose and total exposure to cisplatin.
zopiclone,ROMAZICON,effect,Moderate,1,"The effects of nonbenzodiazepine agonists at benzodiazepine receptors, such as zopiclone, triazolopyridazines and others, are also blocked by ROMAZICON."
tacrolimus,bosentan,mechanism,High,2,Co-administration of tacrolimus and bosentan resulted in markedly increased plasma concentrations of bosentan in animals.
Levo-Dromoran,hypnotics,effect,Moderate,1,"Interactions with Other CNS Agents: Concurrent use of Levo-Dromoran with all central nervous system depressants (eg, alcohol, sedatives, hypnotics, other opioids, general anesthetics, barbiturates, tricyclic antidepressants, phenothiazines, tranquilizers, skeletal muscle relaxants and antihistamines"
levothyroxine sodium,cholestyramine,mechanism,High,1,"Levothyroxine Sodium Absorption: The following agents may bind and decrease absorption of levothyroxine sodium from the gastrointestinal tract: aluminum hydoxide, cholestyramine resin, colestipol hydrochloride, ferrous sulfate, sodium polystyrene sulfonate, soybean flour (e.g., infant formula), sucr"
VIOXX,lithium,advise,Moderate,1,"Thus, when VIOXX and lithium are administered concurrently, subjects should be observed carefully for signs of lithium toxicity."
valproate,isoniazid,advise,Moderate,2,"Plasma valproate concentration should be monitored when isoniazid and valproate are co administered, and appropriate dosage adjustments of valproate should be made."
phenobarbital,flecainide,mechanism,High,1,"Limited data in patients receiving known enzyme inducers ( phenytoin, phenobarbital, carbamazepine ) indicate only a 30% increase in the rate of flecainide elimination."
amitriptyline,combination hormonal contraceptives,mechanism,High,1,"Tricyclic antidepressants (amitriptyline, imipramine, nortriptyline): Metabolism may be inhibited by combination hormonal contraceptives, increasing plasma levels of antidepressant;"
fluoxetine,5-HT1 agonists,effect,Moderate,2,"Selective serotonin reuptake inhibitors (SSRIs) (e.g., fluoxetine, fluvoxamine, paroxetine, sertraline) have been reported, rarely, to cause weakness, hyperreflexia, and incoordination when coadministered with 5-HT1 agonists."
Corticosteroids,amphotericin B,advise,Moderate,2,"Amphotericin B injection and potassium-depleting agents: When corticosteroids are administered concomitantly with potassium-depleting agents (e.g., amphotericin B, diuretics), patients should be observed closely for development of hypokalemia."
valdecoxib,Ortho-Novum,mechanism,High,1,"Coadministration of valdecoxib and Ortho-Novum 1/35  increased the exposure of norethindrone and ethinyl estradiol by 20% and 34%, respectively."
azithromycin,trimethoprim,mechanism,High,1,"When used in therapeutic doses, azithromycin had a modest effect on the pharmacokinetics of atorvastatin, carbamazepine, cetirizine, didanosine, efavirenz, fluconazole, indinavir, midazolam, rifabutin, sildenafil, theophylline (intravenous and oral), triazolam, trimethoprim/sulfamethoxazole or zidov"
Vardenafil,ketoconazole,advise,Moderate,3,A 5-mg Vardenafil dose should not be exceeded when used in combination with 200 mg once daily ketoconazole.
Amphetamines,tricyclic antidepressants,effect,Moderate,2,Amphetamines may enhance the effects of tricyclic antidepressants.
acitretin,tetracyclines,effect,Moderate,1,"Tetracyclines: Since both acitretin and tetracyclines can cause increased intracranial pressure, their combined use is contraindicated."
MAOIs,clidinium,effect,Moderate,1,"Amantadine, tricyclic antidepressants, and MAOIs may increase anticholinergic effect of clidinium."
Bentiromide,benzocaine,int,Low,1,"Bentiromide may interact with acetaminophen (e.g., Tylenol), chloramphenicol (e.g., Chloromycetin), local anesthetics (e.g., benzocaine and lidocaine), para-aminobenzoic acid (PABA)-containing preparations (e.g., sunscreens and some multivitamins), procainamide (e.g., Pronestyl), sulfonamides (sulfa"
risperidone,levodopa,effect,Moderate,1,"Dopamine D2 receptor antagonists (e.g., phenothiazines, butyrophenones, risperidone) and isoniazid may reduce the therapeutic effects of levodopa."
ethanol,tiagabine,advise,Moderate,1,"Because of the possible additive effects of drugs that may depress the nervous system, ethanol or triazolam should be used cautiously in combination with tiagabine."
felodipine,phenytoin,mechanism,High,1,"Anticonvulsants: In a pharmacokinetic study, maximum plasma concentrations of felodipine were considerably lower in epileptic patients on long-term anticonvulsant therapy (eg, phenytoin, carbamazepine, or phenobarbital) than in healthy volunteers."
acetaminophen,chlordiazepoxide,effect,Moderate,1,"Butalbital, acetaminophen and caffeine may enhance the effects of: other narcotic analgesics, alcohol, general anesthetics, tranquilizers such as chlordiazepoxide, sedative-hypnotics, or other CNS depressants, causing increased CNS depression."
ciprofloxacin,sulfonylurea,effect,Moderate,1,"Glyburide: The concomitant administration of ciprofloxacin with the sulfonylurea glyburide has, on rare occasions, resulted in severe hypoglycemia."
phenytoin,fluoxetine,mechanism,High,1,"The most commonly occurring drug interactions are listed below: - Drugs that may increase plasma phenytoin concentrations include: acute alcohol intake, amiodarone, chboramphenicol, chlordiazepoxide, cimetidine, diazepam, dicumarol, disulfiram, estrogens, ethosuximide, fluoxetine, H2-antagonists, ha"
itraconazole,midazolam,mechanism,High,2,Coadministration of Itraconazole with oral midazolam or triazolam has resulted in elevated plasma concentrations of the latter two drugs.
Aprepitant,ethinyl estradiol,mechanism,High,1,"Oral contraceptives: Aprepitant, when given once daily for 14 days as a 100-mg capsule with an oral contraceptive containing 35 mcg of ethinyl estradiol and 1 mg of norethindrone, decreased the AUC of ethinyl estradiol by 43%, and decreased the AUC of norethindrone by 8%;"
INDOCIN,captopril,effect,Moderate,1,INDOCIN can reduce the antihypertensive effects of captopril and losartan.
dextromethorphan,MAOIs,effect,Moderate,1,Serious toxicity may result if dextromethorphan is coadministered with monoamine oxidase inhibitors (MAOIs).
diflunisal,methotrexate,advise,Moderate,1,Methotrexate: Caution should be used if diflunisal is administered concomitantly with methotrexate.
Auranofin,Myochrysine,advise,Moderate,1,"Auranofin should be avoided by patients with a history of serious reaction to any gold medication, including Solganal and Myochrysine."
ENABLEX,itraconazole,advise,Moderate,1,"The daily dose of ENABLEX should not exceed 7.5 mg when coadministered with potent CYP3A4 inhibitors (e.g., ketoconazole, itraconazole, ritonavir, nelfinavir, clarithromycin and nefazadone) ."
ketoconazole,coumarin,effect,Moderate,1,"When taken orally , imidazole compounds like ketoconazole may enhance the anticoagulant effect of coumarin-like drugs."
phenobarbital,fenoprofen,mechanism,High,1,"Chronic administration of phenobarbital, a known enzyme inducer, may be associated with a decrease in the plasma half-life of fenoprofen."
FACTIVE,calcium carbonate,mechanism,High,1,"Concomitant administration of FACTIVE and calcium carbonate, cimetidine, omeprazole, or an estrogen/progesterone oral contraceptive produced minor changes in the pharmacokinetics of gemifloxacin, which were considered to be without clinical significance."
zinc,FACTIVE,advise,Moderate,1,"Magnesium- and/or aluminum-containing antacids, products containing ferrous sulfate (iron), multivitamin preparations containing zinc or other metal cations, or Videx (didanosine) chewable/buffered tablets or the pediatric powder for oral solution should not be taken within 3 hours before or 2 hours"
Furosemide,ethacrynic acid,advise,Moderate,1,Furosemide should not be used concomitantly with ethacrynic acid because of the possibility of ototoxicity.
diuretics,fosinopril sodium,effect,Moderate,1,"Diuretics: Patients on diuretics, especially those with intravascular volume depletion, may occasionally experience an excessive reduction of blood pressure after initiation of therapy with fosinopril sodium."
PROLEUKIN,cis-platinum,effect,Moderate,1,"Hypersensitivity reactions have been reported in patients receiving combination regimens containing sequential high dose PROLEUKIN and antineoplastic agents, specifically, dacarbazine, cis-platinum, tamoxifen and interferon-alfa."
zalcitabine,antacids,advise,Moderate,1,"The clinical significance of this reduction is not known, hence zalcitabine is not recommended to be ingested simultaneously with magnesium/aluminum-containing antacids."
Cytadren,dexamethasone,mechanism,High,1,Cytadren accelerates the metabolism of dexamethasone;
tetracyclines,calcium,mechanism,High,2,"Absorption of tetracyclines is impaired by antacids containing aluminum, calcium, or magnesium, and iron-containing preparations."
Etonogestrel,Sporanox,int,Low,1,"Etonogestrel may interact with the following medications: acetaminophen (Tylenol), antibiotics such as ampicillin and tetracycline, anticonvulsants (Dilantin, Phenobarbital, Tegretol, Trileptal, Topamax, Felbatol), antifungals (Gris-PEG, Nizoral, Sporanox), atorvastatin (Lipitor), clofibrate (Atromi"
rifampin,ZEBETA,mechanism,High,1,"Concurrent use of rifampin increases the metabolic clearance of ZEBETA, resulting in a shortened elimination half-life of ZEBETA."
norfloxacin,anticoagulants,effect,Moderate,1,"Quinolones, including norfloxacin, may enhance the effects of oral anticoagulants, including warfarin or its derivatives or similar agents."
hydroflumethiazide,nonsteroidal anti-inflammatory agents,advise,Moderate,1,"Therefore, when hydroflumethiazide and nonsteroidal anti-inflammatory agents are used concomitantly, the patient should be observed closely to determine if the desired effect of the diuretic is obtained.)"
triazolam,fluvoxamine,mechanism,High,1,"Other Potentially Important Drug Interactions: Benzodiazepines: Benzodiazepines metabolized by hepatic oxidation (e.g., alprazolam, midazolam, triazolam elc.) should be used with caution because the clearance of these drugs is likely to be reduced by fluvoxamine."
anticoagulant,phenylbutazone,effect,Moderate,1,"Drugs that reportedly may increase oral anticoagulant response, ie, increased prothrombin response, in man include:alcohol*;allopurinol;aminosalicylic acid;amiodarone;anabolic steroids;antibiotics;bromelains;chloral hydrate*;chlorpropamide;chymotrypsin;cimetidine;cinchophen;clofibrate;dextran;dextro"
Aprepitant,itraconazole,advise,Moderate,1,"Consequently, concomitant administration of Aprepitant with strong CYP3A4 inhibitors (e.g., ketoconazole, itraconazole, nefazodone, troleandomycin, clarithromycin, ritonavir, nelfinavir) should be approached with caution."
SPRYCEL,nefazodone,mechanism,High,1,"Concomitant use of SPRYCEL and drugs that inhibit CYP3A4 (eg, ketoconazole, itraconazole, erythromycin, clarithromycin, ritonavir, atazanavir, indinavir, nefazodone, nelfinavir, saquinavir, telithromycin) may increase exposure to dasatinib and should be avoided."
b-lactam antibiotics,cefditoren pivoxil,mechanism,High,1,"Probenecid: As with other b-lactam antibiotics, co-administration of probenecid with cefditoren pivoxil resulted in an increase in the plasma exposure of cefditoren, with a 49% increase in mean Cmax, a 122% increase in mean AUC, and a 53% increase in half-life."
felodipine,carbamazepine,mechanism,High,1,"Anticonvulsants: In a pharmacokinetic study, maximum plasma concentrations of felodipine were considerably lower in epileptic patients on long-term anticonvulsant therapy (eg, phenytoin, carbamazepine, or phenobarbital) than in healthy volunteers."
beta-blocker,clonidine,advise,Moderate,1,"Should it be decided to discontinue therapy in patients receiving beta-blockers and clonidine concurrently, the beta-blocker should be discontinued slowly over several days before the gradual withdrawal of clonidine."
Vardenafil,tamsulosin,effect,Moderate,2,Two of 16 subjects dosed simultaneously with Vardenafil 10 mg and tamsulosin 0.4 mg experienced a standing systolic blood pressure below 85 mm Hg.
indomethacin,furosemide,effect,Moderate,2,Literature reports indicate that coadministration of indomethacin may reduce the natriuretic and antihypertensive effects of furosemide in some patients by inhibiting prostaglandin synthesis.
fentanyl,hypnotics,effect,Moderate,1,"Central Nervous System Depressants: The concomitant use of DURAGESIC  (fentanyl transdermal system) with other central nervous system depressants, including but not limited to other opioids, sedatives, hypnotics, tranquilizers (e.g., benzodiazepines), general anesthetics, phenothiazines, skeletal mu"
Thyroid preparations,digitalis,effect,Moderate,1,Digitalis: Thyroid preparations may potentiate the toxic effects of digitalis.
Probenecid,furosemide,mechanism,High,1,"Probenecid : Probenecid is known to interact with the metabolism or renal tubular excretion of many drugs (e.g., acetaminophen, acyclovir, angiotensin-converting enzyme inhibitors, aminosalicylic acid, barbiturates, benzodiazepines, bumetanide, clofibrate, methotrexate, famotidine, furosemide, nonst"
diflunisal,phenprocoumon,effect,Moderate,1,"Oral Anticoagulants: In some normal volunteers, the concomitant administration of diflunisal and warfarin, acenocoumarol, or phenprocoumon resulted in prolongation of prothrombin time."
beta-blockers,Tiazac,effect,Moderate,1,Pharmacologic studies indicate that there may be additive effects in prolonging AV conduction when using beta-blockers or digitalis concomitantly with Tiazac.
Benzthiazide,alcohol,int,Low,1,"Benzthiazide may interact with alcohol, blood thinners, decongestant drugs (allergy, cold, and sinus medicines), diabetic drugs, lithium, norepinephrine, NSAIDs like Aleve or Ibuprofen, and high blood pressure medications."
bupropion,levodopa,effect,Moderate,1,Levodopa and Amantadine: Limited clinical data suggest a higher incidence of adverse experiences in patients receiving bupropion concurrently with either levodopa or amantadine.
neomycin sulfate,anticoagulants,effect,Moderate,1,Oral neomycin sulfate may enhance the effect of coumarin in anticoagulants by decreasing vitamin K availability.
Nalfon,salicylates,advise,Moderate,1,"Because Nalfon has not been shown to produce any additional effect beyond that obtained with aspirin alone and because aspirin increases the rate of excretion of Nalfon, the concomitant use of Nalfon and salicylates is not recommended."
Itraconazole,busulfan,mechanism,High,1,"Itraconazole decreases busulfan clearance by up to 25%, and may produce AUCs   1500  M min in some patients."
benzodiazepines,cyclosporine,int,Low,1,"Data from in vitro studies of benzodiazepines other than alprazolam suggest a possible drug interaction for the following: ergotamine, cyclosporine, amiodarone, nicardipine, and nifedipine."
alprazolam,erythromycin,int,Low,1,Drugs and other substances demonstrated to be CYP 3A inhibitors on the basis of clinical studies involving benzodiazepines metabolized similarly to alprazolam or on the basis of in vitro studies with alprazolam or other benzodiazepines (caution is recommended during coadministration with alprazolam)
ketamine,halothane,mechanism,High,4,Interaction of ketamine and halothane in rats.
Duloxetine,phenothiazines,advise,Moderate,1,"Therefore, co-administration of Duloxetine with other drugs that are extensively metabolized by this isozyme and which have a narrow therapeutic index, including certain antidepressants (tricyclic antidepressants [TCAs], such as nortriptyline, amitriptyline, and imipramine), phenothiazines and Type "
antipsychotic drug,trihexyphenidyl,effect,Moderate,1,"The concurrent use of two or more drugs with anticholinergic activity--such as an antipsychotic drug (eg, chlorpromazine), an antiparkinsonian drug (eg, trihexyphenidyl), and/or a tricyclic antidepressant (eg, amitriptyline)--commonly results in excessive anticholinergic effects, including dry mouth"
Rifampin,amprenavir,mechanism,High,2,"Rifampin markedly increases the metabolic clearance of amprenavir, and coadministration is contraindicated."
Diphenhydramine hydrochloride,tranquilizers,effect,Moderate,1,"Diphenhydramine hydrochloride has additive effects with alcohol and other CNS depressants (hypnotics, sedatives, tranquilizers, etc)."
Diuretic agents,lithium,mechanism,High,4,Diuretic agents reduce the renal clearance of lithium and add a high risk of lithium toxicity.
Amphetamines,veratrum alkaloids,effect,Moderate,2,Veratrum alkaloids: Amphetamines inhibit the hypotensive effect of veratrum alkaloids.
VIDEX,ganciclovir,mechanism,High,2,Ganciclovir: Administration of VIDEX 2 hours prior to or concurrent with oral ganciclovir was associated with a 111 (114)% increase in the steady-state AUC of didanosine (n = 12).
ALPHAGAN P,sedatives,advise,Moderate,1,"Although specific drug interaction studies have not been conducted with ALPHAGAN P, the possibility of an additive or potentiating effect with CNS depressants (alcohol, barbiturates, opiates, sedatives, or anesthetics) should be considered."
monoamine oxidase inhibitors,fluoxetine,effect,Moderate,1,"In patients receiving nonselective monoamine oxidase inhibitors (MAOIs) (e.g., selegiline hydrochloride) in combination with serotoninergic agents (e.g., fluoxetine, fluvoxamine, paroxetine, sertraline, venlafaxine), there have been reports of serious, sometimes fatal, reactions."
Amphetamines,sympathomimetic agents,effect,Moderate,2,"Antidepressants, tricyclic Amphetamines may enhance the activity of tricyclic antidepressants or sympathomimetic agents;"
butorphanol,tranquilizers,effect,Moderate,1,"Concurrent use of butorphanol with central nervous system depressants (e.g., alcohol, barbiturates, tranquilizers, and antihistamines) may result in increased central nervous system depressant effects."
Narcotic analgesics,clonidine,effect,Moderate,1,Narcotic analgesics may potentiate the hypotensive effects of clonidine.
Leucovorin,5-fluorouracil,mechanism,High,2,Leucovorin: The concentration of 5-fluorouracil is increased and its toxicity may be enhanced by leucovorin.
anticoagulant,anesthetics,effect,Moderate,1,"Drugs that reportedly may increase oral anticoagulant response, ie, increased prothrombin response, in man include:alcohol*;allopurinol;aminosalicylic acid;amiodarone;anabolic steroids;antibiotics;bromelains;chloral hydrate*;chlorpropamide;chymotrypsin;cimetidine;cinchophen;clofibrate;dextran;dextro"
fluvoxamine,N-desmethyldiazepam,mechanism,High,1,"Because fluvoxamine reduces the clearance of both diazepam and its active metabolite, N-desmethyldiazepam, there is a strong likelihood of substantial accumulation of both species during chronic co-administration."
levothyroxine sodium,aluminum hydoxide,mechanism,High,1,"Levothyroxine Sodium Absorption: The following agents may bind and decrease absorption of levothyroxine sodium from the gastrointestinal tract: aluminum hydoxide, cholestyramine resin, colestipol hydrochloride, ferrous sulfate, sodium polystyrene sulfonate, soybean flour (e.g., infant formula), sucr"
EQUETROTM,diltiazem,mechanism,High,1,"Agents that are CYP3A4 inhibitors that have been found, or are expected, to increase plasma levels of EQUETROTM are the following: Acetazolamide, azole antifungals, cimetidine, clarithromycin(1), dalfopristin, danazol, delavirdine, diltiazem, erythromycin(1), fluoxetine, fluvoxamine, grapefruit juic"
phenytoin,fludrocortisone acetate,mechanism,High,1,"Barbiturates, phenytoin, or rifampin increased metabolic clearance of fludrocortisone acetate because of the induction of hepatic enzymes."
theophylline,phenytoin,effect,Moderate,4,"- Drugs whose efficacy is impaired by phenytoin include: anticoagulants, corticosteroids, coumarin, digitoxin, doxycycline, estrogens, furosemide, oral contraceptives, rifampin, quinidine, theophylline, vitamin D."
Mefloquine,antihistamines,effect,Moderate,1,"This appears to be the only clinically relevant interaction of this kind with Mefloquine, although theoretically, coadministration of other drugs known to alter cardiac conduction (eg, anti-arrhythmic or beta-adrenergic blocking agents, calcium channel blockers, antihistamines or H1-blocking agents,"
perchlorate,pertechnetate,mechanism,High,1,"An intravenous injection of perchlorate given later also produces a complete and immediately beginning depletion of pertechnetate already accumulated in the thyroid, within a period of 195 min after 99m-TcO-4-injection with a corresponding increase in blood levels."
propranolol,COLESTID,advise,Moderate,1,"Therefore, patients on propranolol should be observed when COLESTID Tablets are either added or deleted from a therapeutic regimen."
Barbiturates,theophylline,effect,Moderate,2,"Barbiturates may decrease the effectiveness of oral contraceptives, certain antibiotics, quinidine, theophylline, corticosteroids, anticoagulants, and beta blockers."
Antacids,digoxin,mechanism,High,1,"Antacids, kaolin-pectin, sulfasalazine, neomycin, cholestyramine, certain anticancer drugs, and metoclopramide may interfere with intestinal digoxin absorption, resulting in unexpectedly low serum concentrations."
macrolides,terfenadine,advise,Moderate,2,"In addition, most macrolides are contraindicated in patients receiving terfenadine therapy who have pre-existing cardiac abnormalities (arrhythmia, bradycardia, QT c interval prolongation, ischemic heart disease, congestive heart failure, etc.) or electrolyte disturbances."
zopiclone,rifampicin,mechanism,High,1,"Drugs That Induce CYP3A4 (Rifampicin) Racemic zopiclone exposure was decreased 80% by concomitant useof rifampicin, a potent inducer of CYP3A4."
levothyroxine sodium,perphenazine,mechanism,High,1,"Binding to Serum Proteins: The following agents may either inhibit levothyroxine sodium binding to serum proteins or alter the concentrations of serum binding proteins: androgens and related anabolic hormones, asparaginase, clofibrate, estrogens and estrogen-containing compounds, 5-fluorouracil, fur"
ephedrine,sympathomimetic bronchodilators,effect,Moderate,1,"Synergism between xanthine bronchodilators (e.g., theophylline), ephedrine, and other sympathomimetic bronchodilators has been reported."
fluconazole,cisapride,mechanism,High,4,"Antifungals: In vitro and/or in vivo data indicate that fluconazole, itraconazole, and oral ketoconazole markedly inhibit the metabolism of cisapride, which can result in an increase in plasma cisapride levels and prolongation of the QT interval on the ECG."
norfloxacin,glyburide,effect,Moderate,1,"The concomitant administration of quinolones including norfloxacin with glyburide (a sulfonylurea agent) has, on rare occasions, resulted in severe hypoglycemia."
probenecid,cefdinir,mechanism,High,1,"Probenecid: As with other b-lactam antibiotics, probenecid inhibits the renal excretion of cefdinir, resulting in an approximate doubling in A.C. a 54% increase in peak cefdinir plasma levels, and a 50% prolongation in the apparent elimination half-life."
SUSTIVA,itraconazole,mechanism,High,1,SUSTIVA has the potential to decrease plasma concentrations of itraconazole and ketoconazole.
Ethopropazine,chlorpromazine,mechanism,High,1,"Ethopropazine can interact with chlorpromazine, increasing the metabolism of chlorpromazine."
Amprenavir,combination hormonal contraceptives,mechanism,High,1,"Protease inhibitors: Amprenavir, lopinavir, nelfinavir, and ritonavir have been shown to decrease plasma levels of combination hormonal contraceptives;"
ketoconazole,erlotinib,mechanism,High,1,Co-treatment with the potent CYP3A4 inhibitor ketoconazole increases erlotinib AUC by 2/3.
Thiazide drugs,tubocurarine,effect,Moderate,2,(Thiazide drugs may increase the responsiveness to tubocurarine.)
CEFOTAN,aminoglycoside,effect,Moderate,1,"If CEFOTAN and an aminoglycoside are used concomitantly, renal function should be carefully monitored, because nephrotoxicity may be potentiated."
ZEBETA,myocardial depressants,advise,Moderate,1,"ZEBETA should be used with care when myocardial depressants or inhibitors of AV conduction, such as certain calcium antagonists (particularly of the phenylalkylamine [verapamil] and benzothiazepine [diltiazem] classes), or antiarrhythmic agents, such as disopyramide, are used concurrently."
valdecoxib,ketoconazole,mechanism,High,2,Concomitant single dose administration of valdecoxib 20 mg with multiple doses of ketoconazole and fluconazole produced a significant increase in exposure of valdecoxib.
NIMBEX,anesthetics,effect,Moderate,1,"Other drugs which may enhance the neuromuscular blocking action of nondepolarizing agents such as NIMBEX include certain antibiotics (e. g., aminoglycosides, tetracyclines, bacitracin, polymyxins, lincomycin, clindamycin, colistin, and sodium colistemethate), magnesium salts, lithium, local anesthet"
sulfasalazine,ENBREL,effect,Moderate,1,"Patients in a clinical study who were on established therapy with sulfasalazine, to which ENBREL was added, were noted to develop a mild decrease in mean neutrophil counts in comparison to groups treated with either ENBREL CI or sulfasalazine alone."
ketoprofen,lithium,advise,Moderate,1,It is recommended that plasma lithium levels be monitored when ketoprofen is coadministered with lithium.
probenecid,zalcitabine,mechanism,High,1,"Probenecid or Cimetidine: Concomitant administration of probenecid or cimetidine decreases the elimination of zalcitabine, most likely by inhibition of renal tubular secretion of zalcitabine."
Ephedrine,corticosteroids,mechanism,High,1,"Ephedrine: Ephedrine may enhance the metabolic clearance of corticosteroids, resulting in decreased blood levels and lessened physiologic activity, thus requiring an increase in corticosteroid dosage."
Zidovudine,probenecid,mechanism,High,2,"Probenecid : Probenecid is known to interact with the metabolism or renal tubular excretion of many drugs (e.g., acetaminophen, acyclovir, angiotensin-converting enzyme inhibitors, aminosalicylic acid, barbiturates, benzodiazepines, bumetanide, clofibrate, methotrexate, famotidine, furosemide, nonst"
UROXATRAL,alpha-blockers,advise,Moderate,1,"However, interactions may be expected, and UROXATRAL should NOT be used in combination with other alpha-blockers."
Sympathomimetic amines,veratrum alkaloids,effect,Moderate,1,"Sympathomimetic amines may reduce the antihypertensive effects of reserpine, veratrum alkaloids, methyldopa and mecamylamine."
azithromycin,nelfinavir,effect,Moderate,2,Co-administration of nelfinavir at steady-state with a single dose of azithromycin (2 x 600 mg tablets) results in increased azithromycin serum concentrations.
sucralfate,furosemide,advise,Moderate,2,The intake of furosemide and sucralfate should be separated by at least two hours.
Cimetidine,labetalol HCl,mechanism,High,1,Cimetidine has been shown to increase the bioavailability of labetalol HCl.
FLUOTHANE,tubocurarine,effect,Moderate,1,FLUOTHANE may augment the hypotension caused by the ganglionic-blocking effect of tubocurarine.
ciclesonide,ketoconazole,advise,Moderate,2,"Therefore, ketoconazole should be administered with caution with intranasal ciclesonide."
Duloxetine,flecainide,advise,Moderate,1,"Therefore, co-administration of Duloxetine with other drugs that are extensively metabolized by this isozyme and which have a narrow therapeutic index, including certain antidepressants (tricyclic antidepressants [TCAs], such as nortriptyline, amitriptyline, and imipramine), phenothiazines and Type "
DURAGESIC,benzodiazepines,effect,Moderate,1,"Central Nervous System Depressants: The concomitant use of DURAGESIC  (fentanyl transdermal system) with other central nervous system depressants, including but not limited to other opioids, sedatives, hypnotics, tranquilizers (e.g., benzodiazepines), general anesthetics, phenothiazines, skeletal mu"
acetaminophen,Gleevec,mechanism,High,1,Systemic exposure to acetaminophen is expected to be increased when coadministered with Gleevec.
Flupenthixol,Ethanol,effect,Moderate,1,"Drug Interactions: Flupenthixol may interact with some drugs, like Monoamine oxidase inhibitors (MAOI): MAOI could theoretically affect flupenthixol pharmacodynamics - Arecoline - Eproxindine - Ethanol: Flupenthixol and Ethanol cause additive CNS depression - Tricyclic antidepressants: Flupenthixol "
LEVSIN,monoamine oxidase (MAO) inhibitors,effect,Moderate,1,"Additive adverse effects resulting from cholinergic blockade may occur when LEVSIN is administered concomitantly with other antimuscarinics, amantadine, haloperidol, phenothiazines, monoamine oxidase (MAO) inhibitors, tricyclic antidepressants or some antihistamines."
interleukin-1 antagonist,TNF-blocking agent,effect,Moderate,1,"Anakinra: Concurrent administration of anakinra (an interleukin-1 antagonist) and another TNF-blocking agent has been associated with an increased risk of serious infections, an increased risk of neutropenia and no additional benefit compared to these medicinal products alone."
ciprofloxacin,opiate,mechanism,High,1,Previous studies have demonstrated a significant reduction in the oral bioavailability of trovafloxacin and ciprofloxacin when administered concomitantly with an intravenous opiate such as morphine.
sumatriptan,escitalopram,advise,Moderate,1,"If concomitant treatment with sumatriptan and an SSRI (e.g., fluoxetine, fluvoxamine, paroxetine, sertraline, citalopram, escitalopram) is clinically warranted, appropriate observation of the patient is advised."
theophylline,enoxacin,mechanism,High,2,Enoxacin interferes with the metabolism of theophylline resulting in a 42% to 74% dose-related decrease in theophylline clearance and a subsequent 260% to 350% increase in serum theophylline levels.
DURAGESIC,alcohol,effect,Moderate,1,"Central Nervous System Depressants: The concomitant use of DURAGESIC  (fentanyl transdermal system) with other central nervous system depressants, including but not limited to other opioids, sedatives, hypnotics, tranquilizers (e.g., benzodiazepines), general anesthetics, phenothiazines, skeletal mu"
tricyclic antidepressants,antidepressants,advise,Moderate,1,"Therefore, co-administration of tricyclic antidepressants with other drugs that are metabolized by this isoenzyme, including other antidepressants, phenothiazines, carbamazepine, and Type 1C antiarrhythmics (eg, propafenone, flecainide, and encainide), or that inhibit this enzyme (eg, quinidine), sh"
nicotine,Clozapine,mechanism,High,1,"Phenytoin, nicotine, and rifampin may decrease Clozapine plasma levels, resulting in a decrease in effectiveness of a previously effective Clozapine dose."
efavirenz,contraceptives,advise,Moderate,1,"Because the potential interaction of efavirenz with oral contraceptives has not been fully characterized, a reliable method of barrier contraception should be used in addition to oral contraceptives."
sulfonylureas,chloramphenicol,effect,Moderate,2,"Immediate and Extended Release Tablets The hypoglycemic action of sulfonylureas may be potentiated by certain drugs including nonsteroidal anti-inflammatory agents, some azoles and other drugs that are highly protein bound, salicylates, sulfonamides, chloramphenicol, probenecid, coumarins, monoamine"
bupropion,paroxetine,advise,Moderate,1,"Therefore, co-administration of bupropion with drugs that are metabolized by CYP2D6 isoenzyme including certain antidepressants (e.g., nortriptyline, imipramine, desipramine, paroxetine, fluoxetine, sertraline), antipsychotics (e.g., haloperidol, risperidone, thioridazine), beta-blockers (e.g., meto"
phenytoin,estrogens,mechanism,High,2,"The most commonly occurring drug interactions are listed below: - Drugs that may increase plasma phenytoin concentrations include: acute alcohol intake, amiodarone, chboramphenicol, chlordiazepoxide, cimetidine, diazepam, dicumarol, disulfiram, estrogens, ethosuximide, fluoxetine, H2-antagonists, ha"
VIRACEPT,Antimycobacterial agents,advise,Moderate,2,Drugs Which Require a Dose Reduction When Coadminstered With VIRACEPT Antimycobacterial agents: rifabutin
rifampicin,ofloxacin,effect,Moderate,1,"When combined with ofloxacin, KRM-1648 exhibited strong synergistic activity while only additive effects were observed with the combination of rifampicin (or rifabutin) and ofloxacin."
EQUETROTM,nefazodone,mechanism,High,1,"Agents that are CYP3A4 inhibitors that have been found, or are expected, to increase plasma levels of EQUETROTM are the following: Acetazolamide, azole antifungals, cimetidine, clarithromycin(1), dalfopristin, danazol, delavirdine, diltiazem, erythromycin(1), fluoxetine, fluvoxamine, grapefruit juic"
EQUETROTM,nicotinamide,mechanism,High,1,"Agents that are CYP3A4 inhibitors that have been found, or are expected, to increase plasma levels of EQUETROTM are the following: Acetazolamide, azole antifungals, cimetidine, clarithromycin(1), dalfopristin, danazol, delavirdine, diltiazem, erythromycin(1), fluoxetine, fluvoxamine, grapefruit juic"
Beta-adrenergic receptor antagonists,BROVANA,effect,Moderate,1,Beta-adrenergic receptor antagonists (beta-blockers) and BROVANA may interfere with the effect of each other when administered concurrently.
ketoconazole,VIRACEPT,mechanism,High,1,Ketoconazole: Coadministration of ketoconazole with VIRACEPT resulted in a 35% increase in nelfinavir plasma A.C.
lithium,ATACAND,mechanism,High,1,"An increase in serum lithium concentration has been reported during concomitant administration of lithium with ATACAND, so careful monitoring of serum lithium levels is recommended during concomitant use."
phenytoin,Mefloquine,effect,Moderate,1,"In patients taking an anticonvulsant (eg, valproic acid, carbamazepine, phenobarbital or phenytoin), the concomitant use of Mefloquine may reduce seizure control by lowering the plasma levels of the anticonvulsant."
levothyroxine sodium,sucralfate,mechanism,High,1,"Levothyroxine Sodium Absorption: The following agents may bind and decrease absorption of levothyroxine sodium from the gastrointestinal tract: aluminum hydoxide, cholestyramine resin, colestipol hydrochloride, ferrous sulfate, sodium polystyrene sulfonate, soybean flour (e.g., infant formula), sucr"
moclobemide,almotriptan,mechanism,High,1,Monoamine Oxidase Inhibitors: Coadministration of moclobemide resulted in a 27% decrease in almotriptan clearance and an increase in Cmax of approximately 6%.
Etonogestrel,Phenobarbital,int,Low,1,"Etonogestrel may interact with the following medications: acetaminophen (Tylenol), antibiotics such as ampicillin and tetracycline, anticonvulsants (Dilantin, Phenobarbital, Tegretol, Trileptal, Topamax, Felbatol), antifungals (Gris-PEG, Nizoral, Sporanox), atorvastatin (Lipitor), clofibrate (Atromi"
d-amphetamine,protriptyline,mechanism,High,2,d-amphetamine with desipramine or protriptyline and possibly other tricyclics cause striking and sustained increases in the concentration of d-amphetamine in the brain;
benzodiazepine class,anticonvulsant drugs,effect,Moderate,1,"Pharmacodynamic Interactions: The CNS-depressant action of the benzodiazepine class of drugs may be potentiated by alcohol, narcotics, barbiturates, nonbarbiturate hypnotics, antianxiety agents, the phenothiazines, thioxanthene and butyrophenone classes of antipsychotic agents, monoamine oxidase inh"
warfarin,saquinavir,mechanism,High,1,"Although specific studies have not been performed, coadministration with drugs that are mainly metabolized by CYP3A4 (eg, calcium channel blockers, dapsone, disopyramide, quinine, amiodarone, quinidine, warfarin, tacrolimus, cyclosporine, ergot derivatives, pimozide, carbamazepine, fentanyl, alfenta"
NUROMAX,phenytoin,effect,Moderate,1,"As with some other nondepolarizing neuromuscular blocking agents, the time of onset of neuromuscular block induced by NUROMAX is lengthened and the duration of block is shortened in patients receiving phenytoin or carbamazepine."
Grepafloxacin,caffeine,mechanism,High,1,"Caffeine Theobromine Grepafloxacin, like other quinolones, may inhibit the metabolism of caffeine and theobromine."
benzodiazepines,diltiazem,mechanism,High,1,"The following are examples of drugs known to inhibit the metabolism of other related benzodiazepines, presumably through inhibition of CYP3A: nefazodone, fluvoxamine, cimetidine, diltiazem, isoniazide, and some macrolide antibiotics."
etidronate,warfarin,effect,Moderate,1,There have been isolated reports of patients experiencing increases in their prothrombin times when etidronate was added to warfarin therapy.
cimetidine,diltiazem,mechanism,High,3,"The effect may be mediated by cimetidines known inhibition of hepatic cytochrome P-450, the enzyme system responsible for the first-pass metabolism of diltiazem."
colestipol hydrochloride,propranolol,mechanism,High,1,Repeated doses of colestipol hydrochloride given prior to a single dose of propranolol in human trials have been reported to decrease propranolol absorption.
griseofulvin,contraceptives,effect,Moderate,1,The concomitant administration of griseofulvin has been reported to reduce the efficacy of oral contraceptives and to increase the incidence of breakthrough bleeding.
levothyroxine,estrogens,mechanism,High,1,"In a patient with a nonfunctioning thyroid gland who is receiving thyroid replacement therapy, free levothyroxine may be decreased when estrogens are started thus increasing thyroid requirements."
Cimetidine,TIKOSYN,advise,Moderate,2,"If a patient requires TIKOSYN and anti-ulcer therapy, it is suggested that omeprazole, ranitidine, or antacids (aluminum and magnesium hydroxides) be used as alternatives to cimetidine, as these agents have no effect on the pharmacokinetic profile of TIKOSYN."
L-phenylalanine,non-selective MAO inhibitors,effect,Moderate,1,Concomitant use of L-phenylalanine and non-selective MAO inhibitors may cause hypertension.
Aprepitant,norethindrone,mechanism,High,1,"Oral contraceptives: Aprepitant, when given once daily for 14 days as a 100-mg capsule with an oral contraceptive containing 35 mcg of ethinyl estradiol and 1 mg of norethindrone, decreased the AUC of ethinyl estradiol by 43%, and decreased the AUC of norethindrone by 8%;"
sulphonylureas,Bezalip retard,effect,Moderate,1,- The action of sulphonylureas and insulin may be enhanced by Bezalip or Bezalip retard.
Quinolones,warfarin,effect,Moderate,8,"However, the systemic administration of some quinolones has been shown to elevate plasma concentrations of theophylline, interfere with the metabolism of caffeine, and enhance the effects of the oral anticoagulant warfarin and its derivatives, and has been associated with transient elevations in ser"
fenoldopam,beta-blockers,advise,Moderate,1,Drug Interactions with Beta-Blockers: Concomitant use of fenoldopam with beta-blockers should be avoided.
anticoagulant,ibuprofen,effect,Moderate,1,"Drugs that reportedly may increase oral anticoagulant response, ie, increased prothrombin response, in man include:alcohol*;allopurinol;aminosalicylic acid;amiodarone;anabolic steroids;antibiotics;bromelains;chloral hydrate*;chlorpropamide;chymotrypsin;cimetidine;cinchophen;clofibrate;dextran;dextro"
loracarbef,probenecid,mechanism,High,1,"Probenecid: As with other b-lactam antibiotics, renal excretion of loracarbef is inhibited by probenecid and resulted in an approximate 80% increase in the AUC for loracarbef."
pentobarbital,ouabain,effect,Moderate,1,"In a comparison of digitalis tolerance in dogs anesthetized with ketamine, Innovar Vet, or pentobarbital, the dosage of ouabain needed to cause ventricular tachycardia was significantly higher, as was the LD50 of ouabain, with ketamine or Innovar than with pentobarbital."
Corticosteroids,live attenuated vaccines,effect,Moderate,1,Corticosteroids may also potentiate the replication of some organisms contained in live attenuated vaccines.
Furosemide,antihypertensive drugs,effect,Moderate,1,Furosemide may add to or potentiate the therapeutic effect of other antihypertensive drugs.
cypermethrin,allopurinol,effect,Moderate,3,"Pretreatment of rats with allopurinol (100 mg/kg, ip) or Vitamin E (100 mg/kg per day, ig, for 3 days and a dose of 40 mg/kg on the 4th day) provided significant protection against the elevation of TBARS levels in cerebral and hepatic tissues, induced by single high dose of oral cypermethrin adminis"
ISUPREL,halothane,advise,Moderate,1,"ISUPREL should be used with caution, if at all, when potent inhalational anesthetics such as halothane are employed because of potential to sensitize the myocardium to effects of sympathomimetic amines."
Antacids,chloroquine,mechanism,High,1,Antacids and kaolin: Antacids and kaolin can reduce absorption of chloroquine;
cyclosporine,allopurinol sodium,mechanism,High,1,Cyclosporin: Reports indicate that cyclosporine levels may be increased during concomitant treatment with allopurinol sodium for injection.
thyroid,estrogens,advise,Moderate,1,"Therefore, patients without a functioning thyroid gland who are on thyroid replacement therapy may need to increase their thyroid dose if estrogens or estrogen-containing oral contraceptives are given."
clozapine,phenothiazines,advise,Moderate,1,"Therefore, co-administration of clozapine with other drugs that are metabolized by this isozyme, including antidepressants, phenothiazines, carbamazepine, and Type 1C antiarrhythmics (e.g., propafenone, flecainide and encainide), or that inhibit this enzyme (e.g., quinidine), should be approached wi"
methysergide,FROVA,advise,Moderate,1,"Due to a theoretical risk of a pharmacodynamic interaction, use of ergotamine-containing or ergot-type medications (like dihydroergotamine or methysergide) and FROVA within 24 hours of each other should be avoided (see  a href= frova_od.htm#CI CONTRAINDICATIONS)."
Robinul,antiparkinson drugs,effect,Moderate,1,"The concurrent use of Robinul Injection with other anticholinergics or medications with anticholinergic activity, such as phenothiazines, antiparkinson drugs, or tricyclic antidepressants, may intensify the antimuscarinic effects and may result in an increase in anticholinergic side effects."
estazolam,barbiturates,mechanism,High,1,"While no in vivo drug-drug interaction studies were conducted between estazolam and inducers of CYP3A, compounds that are potent CYP3A inducers (such as carbamazepine, phenytoin, rifampin, and barbiturates) would be expected to decrease estazolam concentrations."
indomethacin,beta blockers,effect,Moderate,1,"Concomitant use of prostaglandin synthase inhibiting drugs, eg, indomethacin, may decrease the hypotensive effects of beta blockers."
phenytoin,cimetidine,mechanism,High,1,"The most commonly occurring drug interactions are listed below: - Drugs that may increase plasma phenytoin concentrations include: acute alcohol intake, amiodarone, chboramphenicol, chlordiazepoxide, cimetidine, diazepam, dicumarol, disulfiram, estrogens, ethosuximide, fluoxetine, H2-antagonists, ha"
FLEXERIL,CNS depressants,effect,Moderate,1,"FLEXERIL may enhance the effects of alcohol, barbiturates, and other CNS depressants."
vitamin D,corticosteroids,effect,Moderate,1,"Corticosteroids: A relationship of functional antagonism exists between vitamin D analogues, which promote calcium absorption, and corticosteroids, which inhibit calcium absorption."
rifampin,ketoconazole,mechanism,High,1,Concomitant administration of rifampin with ketoconazole tablets reduces the blood levels of the latter.
Dexbrompheniramine,CNS depressants,int,Low,2,"Dexbrompheniramine can interact with alcohol or other CNS depressants (may potentiate the CNS depressant effects of either these medications or antihistamines), anticholinergics or other medications with anticholinergic activity (anticholinergic effects may be potentiated when these medications are "
phenytoin,isoniazid,mechanism,High,2,Phenytoin: Isoniazid may increase serum levels of phenytoin.
Vitamin D,digitalis,advise,Moderate,3,"Digitalis: Vitamin D dosage must be determined with care in patients undergoing treatment with digitalis, as hypercalcemia in such patients may precipitate cardiac arrhythmias."
ranitidine,cisapride,mechanism,High,1,The gastrointestinal absorption of cimetidine and ranitidine is accelerated when they are coadministered with cisapride.
antacid,SPRYCEL,advise,Moderate,1,"If antacid therapy is needed, the antacid dose should be administered at least 2 hours prior to or 2 hours after the dose of SPRYCEL."
Factrel,phenothiazines,effect,Moderate,1,The response to Factrel may be blunted by phenothiazines and dopamine antagonists which cause a rise in prolactin.
HMG-CoA reductase inhibitors,CRIXIVAN,advise,Moderate,1,"Use lowest possible dose of atorvastatin with careful monitoring, or consider HMG-CoA reductase inhibitors that are not primarily metabolized by CYP3A4, such as pravastatin, fluvastatin, or rosuvastatin in combination with CRIXIVAN."
idoxuridine,boric acid,mechanism,High,2,Boric acid may interact with the idoxuridine preparation causing a gritty substance to form or may interact with the preservative in the idoxuridine preparation causing a toxic effect in the eye.
proton pump inhibitors,dasatinib,effect,Moderate,1,"H2 Blockers/Proton Pump Inhibitors: Long-term suppression of gastric acid secretion by H2 blockers or proton pump inhibitors (eg, famotidine and omeprazole) is likely to reduce dasatinib exposure."
clonazepam,propantheline,mechanism,High,2,"In a study in which the 2 mg clonazepam orally disintegrating tablet was administered with and without propantheline (an anticholinergic agent with multiple effects on the GI tract) to healthy volunteers, the AUC of clonazepam was 10% lower and the Cmax of clonazepam was 20% lower when the orally di"
dopamine antagonists,metoclopramide,effect,Moderate,1,"Dopamine Antagonists: Since apomorphine is a dopamine agonist, it is possible that dopamine antagonists, such as the neuroleptics (phenothiazines, butyrophenones, thioxanthenes) or metoclopramide, may diminish the effectiveness of APOKYN."
aripiprazole,antihypertensive agents,effect,Moderate,1,"1- adrenergic receptor antagonism, aripiprazole has the potential to enhance the effect of certain antihypertensive agents."
Midazolam,morphine,effect,Moderate,1,"Midazolam used at doses of 1.25 mg/kg and 2.5 mg/kg decreased the antinociceptive effect of morphine, metamizol (only in the tail-flick test) and indomethacin."
benzodiazepines,nefazodone,mechanism,High,1,"The following are examples of drugs known to inhibit the metabolism of other related benzodiazepines, presumably through inhibition of CYP3A: nefazodone, fluvoxamine, cimetidine, diltiazem, isoniazide, and some macrolide antibiotics."
Cytosine arabinoside,flucytosine,effect,Moderate,1,"Cytosine arabinoside, a cytostatic agent, has been reported to inactivate the antifungal activity of flucytosine by competitive inhibition."
felbamate,phenytoin,mechanism,High,3,"Effects of Other Antiepileptic Drugs on Felbatol  Phenytoin: Phenytoin causes an approximate doubling of the clearance of Felbatol  (felbamate) at steady state and, therefore, the addition of phenytoin causes an approximate 45% decrease in the steady-state trough concentrations of Felbatol  as compa"
anticonvulsant,efavirenz,mechanism,High,1,Potential for reduction in anticonvulsant and/or efavirenz plasma levels;
nefazodone,cisapride,mechanism,High,1,"Antidepressants: In vitro data indicate that nefazodone inhibits the metabolism of cisapride, which can result in an increase in plasma cisapride levels and prolongation of the QT interval on the ECG."
Ethinyl estradiol,prednisolone,mechanism,High,1,"Prednisolone: Ethinyl estradiol may inhibit the metabolism of prednisolone, leading to increased plasma concentrations."
anticoagulant,dextrothyroxine,effect,Moderate,1,"Drugs that reportedly may increase oral anticoagulant response, ie, increased prothrombin response, in man include:alcohol*;allopurinol;aminosalicylic acid;amiodarone;anabolic steroids;antibiotics;bromelains;chloral hydrate*;chlorpropamide;chymotrypsin;cimetidine;cinchophen;clofibrate;dextran;dextro"
tetracycline,digoxin,mechanism,High,1,"Erythromycin and clarithromycin (and possibly other macrolide antibiotics) and tetracycline may increase digoxin absorption in patients who inactivate digoxin by bacterial metabolism in the lower intestine, so that digitalis intoxication may result."
buprenorphine,benzodiazepines,effect,Moderate,2,There have been a number of reports in the post-marketing experience of coma and death associated with the concomitant intravenous misuse of buprenorphine and benzodiazepines by addicts.
bupropion,phenelzine,effect,Moderate,1,MAO Inhibitors: Studies in animals demonstrate that the acute toxicity of bupropion is enhanced by the MAO inhibitor phenelzine .
buspirone,warfarin,effect,Moderate,1,"However, there has been one report of prolonged prothrombin time when buspirone was added to the regimen of a patient treated with warfarin."
Indinavir,nevirapine,mechanism,High,1,Indinavir concentrations may be decreased in the presence of nevirapine.
furosemide,acetylsalicylic acid,effect,Moderate,1,"Tablets, Injection, and Oral Solution One study in six subjects demonstrated that the combination of furosemide and acetylsalicylic acid temporarily reduced creatinine clearance in patients with chronic renal insufficiency."
EQUETROTM,lamotrigine,mechanism,High,1,"Agents that have been found, or are expected to have decreased plasma levels in the presence of EQUETROTM due to induction of CYP enzymes are the following: Acetaminophen, alprazolam, amitriptyline, bupropion, buspirone, citalopram, clobazam, clonazepam, clozapine, cyclosporin, delavirdine, desipram"
Etonogestrel,Felbatol,int,Low,1,"Etonogestrel may interact with the following medications: acetaminophen (Tylenol), antibiotics such as ampicillin and tetracycline, anticonvulsants (Dilantin, Phenobarbital, Tegretol, Trileptal, Topamax, Felbatol), antifungals (Gris-PEG, Nizoral, Sporanox), atorvastatin (Lipitor), clofibrate (Atromi"
EQUETROTM,phenobarbital,mechanism,High,1,"Agents that are CYP inducers that have been found, or are expected, to decrease plasma levels of EQUETROTM are the following: Cisplatin, doxorubicin HCL, felbamate, rifampin, phenobarbital, Phenytoin(2), primidone, methsuximide, and theophylline Thus, if a patient has been titrated to a stable dosag"
Mefloquine,chloroquine,effect,Moderate,1,"Concomitant administration of Mefloquine and other related compounds (eg, quinine, quinidine and chloroquine) may produce electrocardiographic abnormalities and increase the risk of convulsions."
EQUETROTM,protease inhibitors,mechanism,High,2,"Agents that have been found, or are expected to have decreased plasma levels in the presence of EQUETROTM due to induction of CYP enzymes are the following: Acetaminophen, alprazolam, amitriptyline, bupropion, buspirone, citalopram, clobazam, clonazepam, clozapine, cyclosporin, delavirdine, desipram"
Macrolide antibiotics,cerivastatin,mechanism,High,1,"CONCLUSIONS: Macrolide antibiotics inhibit the metabolism of HMG-CoA reductase inhibitors that are metabolized by CYP3A4 (i.e., atorvastatin, cerivastatin, lovastatin, simvastatin)."
anticoagulant,ranitidine,effect,Moderate,2,"Drugs that have been reported to diminish oral anticoagulant response, ie, decreased prothrom-bin time response, in man significantly include: adrenocortical steroids;alcohol*;antacids;antihistamines;barbiturates;carbamazepine;chloral hydrate*;chlordiazepoxide;cholestyramine;diet high in vitamin K;d"
digoxin,diltiazem hydrochloride,mechanism,High,2,Administration of diltiazem hydrochloride with digoxin in 24 healthy male subjects increased plasma digoxin concentrations approximately 20%.
anticoagulant,paraldehyde,effect,Moderate,1,"Drugs that have been reported to diminish oral anticoagulant response, ie, decreased prothrom-bin time response, in man significantly include: adrenocortical steroids;alcohol*;antacids;antihistamines;barbiturates;carbamazepine;chloral hydrate*;chlordiazepoxide;cholestyramine;diet high in vitamin K;d"
erythromycin,valproate,int,Low,2,"Other drugs Drug interactions have been reported with concomitant administration of erythromycin and other medications, including cyclosporine, hexobarbital, carbamazepine, alfentanil, disopyramide, phenytoin, bromocriptine, valproate, astemizole, and lovastatin."
anticoagulants,Fluvoxamine,advise,Moderate,1,Thus patients receiving oral anticoagulants and Fluvoxamine Tablets should have their prothrombin time monitored and their anticoagulant dose adjusted accordingly.
d-amphetamine,desipramine,mechanism,High,2,d-amphetamine with desipramine or protriptyline and possibly other tricyclics cause striking and sustained increases in the concentration of d-amphetamine in the brain;
glimepiride,Trilisate,advise,Moderate,1,"Before taking glimepiride, tell your doctor if you are taking any of the following medicines: - aspirin or another salicylate such as magnesium/choline salicylate (Trilisate), salsalate (Disalcid, others), choline salicylate (Arthropan), magnesium salicylate (Magan), or bismuth subsalicylate (Pepto-"
dobutamine,b-blocking drug,effect,Moderate,1,Animal studies indicate that dobutamine may be ineffective if the patient has recently received a b-blocking drug.
ibuprofen,coumarin-type anticoagulants,effect,Moderate,1,"However, because bleeding has been reported when ibuprofen and other nonsteroidal anti-inflammatory agents have been administered to patients on coumarin-type anticoagulants, the physician should be cautious when administering ibuprofen to patients on anticoagulants."
azithromycin,warfarin,advise,Moderate,1,"However, prudent medical practice dictates careful monitoring of prothrombin time in all patients treated with azithromycin and warfarin concomitantly."
diclofenac,aspirin,advise,Moderate,2,"Aspirin: Concomitant administration of diclofenac and aspirin is not recommended because diclofenac is displaced from its binding sites during the concomitant administration of aspirin, resulting in lower plasma concentrations, peak plasma levels, and AUC values."
anileridine,sedatives,advise,Moderate,1,"Caution should be observed when anileridine is coadministered with other opioids, sedatives, phenothiazines, or anesthetics, as these agents may increase respiratory and circulatory depression."
alosetron,voriconazole,advise,Moderate,1,"Coadministration of alosetron and strong CYP3A4 inhibitors, such as clarithromycin, telithromycin, protease inhibitors, voriconazole, and itraconazole has not been evaluated but should be undertaken with caution because of similar potential drug interactions."
Nabilone,narcotic analgesics,advise,Moderate,1,"Nabilone should be administered with caution to patients who are taking other psychoactive drugs or CNS depressants, including alcohol, barbiturates and narcotic analgesics, or to those with a history of psychiatric disorder (including manic-depressive illness and schizophrenia)."
Steroids,edetate calcium disodium,effect,Moderate,1,Steroids enhance the renal toxicity of edetate calcium disodium in animals. 7 Edetate calcium disodium interferes with the action of zinc insulin preparations by chelating the zinc. 7
anticoagulant,barbiturates,effect,Moderate,1,"Drugs that have been reported to diminish oral anticoagulant response, ie, decreased prothrom-bin time response, in man significantly include: adrenocortical steroids;alcohol*;antacids;antihistamines;barbiturates;carbamazepine;chloral hydrate*;chlordiazepoxide;cholestyramine;diet high in vitamin K;d"
naloxone,morphine,effect,Moderate,3,"On the other hand, intrathecal naloxone (12-120 micrograms) had only a very weak effect on the tail-flick inhibition induced by intraventricular morphine (40 micrograms)."
VIRACEPT,amiodarone,advise,Moderate,1,"Drugs That Should Not Be Coadministered With VIRACEPT Antiarrhythmics: amiodarone, quinidine Antihistamines: astemizole, terfenadine Antimigraine: ergot derivatives Antimycobacterial agents: rifampin Benzodiazepines midazolam, triazolam GI motility agents: cisapride"
Dexfenfluramine,serotoninergic agents,advise,Moderate,1,Dexfenfluramine should not be administered with other serotoninergic agents.
allopurinol,thiazide diuretics,advise,Moderate,2,"Although a causal mechanism and a cause-and-effect relationship have not been established, current evidence suggests that renal function should be monitored in patients on thiazide diuretics and allopurinol even in the absence of renal failure, and dosage levels should be even more conservatively ad"
Sulfapyridine,Acetaminophen,int,Low,1,"Sulfapyridine may interact with any of the following: - Acetaminophen (e.g., Tylenol) (with long-term, high-dose use) or"
phenytoin,dexamethasone,mechanism,High,1,"Phenytoin: In post-marketing experience, there have been reports of both increases and decreases in phenytoin levels with dexamethasone co-administration, leading to alterations in seizure control."
Magnesium,FACTIVE,advise,Moderate,1,"Magnesium- and/or aluminum-containing antacids, products containing ferrous sulfate (iron), multivitamin preparations containing zinc or other metal cations, or Videx (didanosine) chewable/buffered tablets or the pediatric powder for oral solution should not be taken within 3 hours before or 2 hours"
bupropion,phenobarbital,mechanism,High,1,"While not systematically studied, certain drugs may induce the metabolism of bupropion (e.g., carbamazepine, phenobarbital, phenytoin)."
dyphylline,probenecid,mechanism,High,1,"Concurrent administration of dyphylline and probenecid, which competes for tubular secretion, has been shown to increase the plasma half-life of dyphylline ."
sulfonamides,penicillins,effect,Moderate,1,"Bacteriostatic Antibiotics: Chloramphenicol, erythromycins, sulfonamides, or tetracyclines may interfere with the bactericidal effect of penicillins."
erythromycin,cyclosporine,int,Low,2,"Other drugs Drug interactions have been reported with concomitant administration of erythromycin and other medications, including cyclosporine, hexobarbital, carbamazepine, alfentanil, disopyramide, phenytoin, bromocriptine, valproate, astemizole, and lovastatin."
neomycin,5-fluorouracil,mechanism,High,1,"Oral neomycin inhibits the gastrointestinal absorption of penicillin V, oral vitamin B-12, methotrexate and 5-fluorouracil."
fluvoxamine,5-HT1 agonists,effect,Moderate,2,"Selective serotonin reuptake inhibitors (SSRIs) (e.g., fluoxetine, fluvoxamine, paroxetine, sertraline) have been reported, rarely, to cause weakness, hyperreflexia, and incoordination when coadministered with 5-HT1 agonists."
MAO inhibitors,hydrocodone,effect,Moderate,1,The use of MAO inhibitors or tricyclic antidepressants with hydrocodone preparations may increase the effect of either the antidepressant or hydrocodone.
Etonogestrel,Norvir,int,Low,1,"Etonogestrel may interact with the following medications: acetaminophen (Tylenol), antibiotics such as ampicillin and tetracycline, anticonvulsants (Dilantin, Phenobarbital, Tegretol, Trileptal, Topamax, Felbatol), antifungals (Gris-PEG, Nizoral, Sporanox), atorvastatin (Lipitor), clofibrate (Atromi"
ROMAZICON,benzodiazepines,effect,Moderate,1,ROMAZICON blocks the central effects of benzodiazepines by competitive interaction at the receptor level.
cimetidine,iodamide,mechanism,High,1,[The effect of cimetidine on the renal excretion of verografin and iodamide in dogs] The intravenous injection of cimetidine in a dose of 20 mg/kg enhanced verografine and iodamide excretion in chronic canine experiments.
hydroxyurea,uricosuric medication,effect,Moderate,1,"Since hydroxyurea may raise the serum uric acid level, dosage adjustment of uricosuric medication may be necessary"
COREG,diltiazem,effect,Moderate,2,Calcium Channel Blockers: Isolated cases of conduction disturbance (rarely with hemodynamic compromise) have been observed when COREG is co-administered with diltiazem.
hydroxychloroquine,heparin sodium,effect,Moderate,1,"Platelet inhibitors: Drugs such as acetylsalicylic acid, dextran, phenylbutazone, ibuprofen, indomethacin, dipyridamole, hydroxychloroquine and others that interfere with platelet-aggregation reactions (the main hemostatic defense of heparinized patients) may induce bleeding and should be used with "
quinolones,multivitamins,mechanism,High,1,"Administration of quinolones with antacids containing aluminum, magnesium, or calcium, with sucralfate, with metal cations such as iron, or with multivitamins containing iron or zinc, or with formulations containing divalent and trivalent cations such as VIDEX (didanosine) chewable/buffered tablets "
Aprepitant,clarithromycin,advise,Moderate,1,"Consequently, concomitant administration of Aprepitant with strong CYP3A4 inhibitors (e.g., ketoconazole, itraconazole, nefazodone, troleandomycin, clarithromycin, ritonavir, nelfinavir) should be approached with caution."
Clonidine,barbiturates,effect,Moderate,1,"Amitriptyline in combination with clonidine enhances the manifestation of corneal lesions in rats Epidural Injection Clonidine may potentiate the CNS-depressive effect of alcohol, barbiturates or other sedating drugs."
norepinephrine,tricyclic antidepressants,effect,Moderate,4,"The administration of local anesthetic solutions containing epinephrine or norepinephrine to patients receiving monoamine oxidase inhibitors, tricyclic antidepressants or phenothiazines may produce severe, prolonged hypotension or hypertension."
Chlorpromazine,amphetamines,effect,Moderate,2,"Chlorpromazine: Chlorpromazine blocks dopamine and norepinephrine receptors, thus inhibiting the central stimulant effects of amphetamines and can be used to treat amphetamine poisoning."
Codeine,CNS depressants,effect,Moderate,1,"Codeine in combination with other narcotic analgesics, general anesthetics, phenothiazines, tranquilizers, sedative-hypnotics, or other CNS depressants (including alcohol) has additive depressant effects."
danazol,lovastatin,effect,Moderate,1,"Danazol: The risk of myopathy/rhabdomyolysis is increased by concomitant administration of danazol particularly with higher doses of lovastatin (see WARNINGS, Myopathy/Rhabdomyolysis)."
Warfarin,cefixime,effect,Moderate,1,"Warfarin and Anticoagulants: Increased prothrombin time, with or without clinical bleeding, has been reported when cefixime is administered concomitantly."
VIRACEPT,rifampin,advise,Moderate,3,Rifampin: Coadministration of rifampin and VIRACEPT resulted in an 82% decrease in nelfinavir plasma A.C.
metformin,Acarbose,mechanism,High,2,"However, the peak plasma level of metformin was reduced by approximately 20% when taking Acarbose due to a slight delay in the absorption of metformin."
contraceptives,nevirapine,advise,Moderate,1,"Oral contraceptives and other hormonalmethods of birth control should not be usedas the sole method of contraception inwomen taking nevirapine, since nevirapinemay lower the plasma levels of thesemedications."
lovastatin,fibrates,advise,Moderate,1,"Therefore, the combined use of lovastatin with fibrates should generally be avoided."
buspirone hydrochloride,MAO inhibitors,advise,Moderate,1,"It is recommended that buspirone hydrochloride not be used concomitantly with MAO inhibitors Because the effects of concomitant administration of buspirone HCl with most other psychotropic drugs have not been studied, the concomitant use of buspirone HCl with other CNS-active drugs should be approac"
diuretics,enalaprilat,effect,Moderate,1,"Hypotension: Patients on Diuretic Therapy: Patients on diuretics and especially those in whom diuretic therapy was recently instituted, may occasionally experience an excessive reduction of blood pressure after initiation of therapy with enalapril or enalaprilat."
butyrophenones,epinephrine,effect,Moderate,2,Phenothiazines and butyrophenones may reduce or reverse the pressor effect of epinephrine.
amphotericin B,skeletal muscle relaxants,effect,Moderate,1,"Skeletal muscle relaxants: amphotericin B-induced hypokalemia may enhance the curariform effect of skeletal muscle relaxants (e.g., tubocurarine)."
Probenecid,acetaminophen,mechanism,High,1,"Probenecid : Probenecid is known to interact with the metabolism or renal tubular excretion of many drugs (e.g., acetaminophen, acyclovir, angiotensin-converting enzyme inhibitors, aminosalicylic acid, barbiturates, benzodiazepines, bumetanide, clofibrate, methotrexate, famotidine, furosemide, nonst"
L-tyrosine,MAO inhibitors,effect,Moderate,1,"Non-selective MAO inhibitors including tranylcypromine sulfate, phenelzine sulfate, and pargyline HC1: Concomitant use of L-tyrosine and non-selective MAO inhibitors may cause hypertension."
acebutolol,catecholamine depletors,advise,Moderate,1,"Patients treated with acebutolol plus catecholamine depletors should, therefore, be observed closely for evidence of marked bradycardia or hypotension which may present as vertigo, syncope/presyncope, or orthostatic changes in blood pressure without compensatory tachycardia."
Dexbrompheniramine,anticholinergics,effect,Moderate,2,"Dexbrompheniramine can interact with alcohol or other CNS depressants (may potentiate the CNS depressant effects of either these medications or antihistamines), anticholinergics or other medications with anticholinergic activity (anticholinergic effects may be potentiated when these medications are "
ethacrynic acid,warfarin,mechanism,High,1,"A number of drugs, including ethacrynic acid, have been shown to displace warfarin from plasma protein;"
Probenecid,methotrexate,mechanism,High,1,"Probenecid : Probenecid is known to interact with the metabolism or renal tubular excretion of many drugs (e.g., acetaminophen, acyclovir, angiotensin-converting enzyme inhibitors, aminosalicylic acid, barbiturates, benzodiazepines, bumetanide, clofibrate, methotrexate, famotidine, furosemide, nonst"
ketamine,ouabain,effect,Moderate,2,"Ventricular tachycardia induced by ouabain was generally converted to sinus rhythm following administration of Innovar, ketamine, or droperidol but not after administration of fentayl alone or after pentobarbital."
Robinul,anticholinergics,effect,Moderate,1,"The concurrent use of Robinul Injection with other anticholinergics or medications with anticholinergic activity, such as phenothiazines, antiparkinson drugs, or tricyclic antidepressants, may intensify the antimuscarinic effects and may result in an increase in anticholinergic side effects."
rifampin,MEPRON,advise,Moderate,2,Alternatives to rifampin should be considered during the course of PCP treatment with MEPRON.
bosentan,ketoconazole,mechanism,High,1,"Ketoconazole: Co-administration of bosentan 125 mg b.i.d. and ketoconazole, a potent CYP3A4 inhibitor, increased the plasma concentrations of bosentan by approximately 2-fold."
sulfonylurea,salicylates,effect,Moderate,1,"The hypoglycemic action of sulfonylurea may be potentiated by certain drugs including nonsteroidal anti-inflammatory agents and other drugs that are highly protein bound, salicylates, sulfonamides, chloramphenicol, probenecid, coumarins, monoamine oxidase inhibitors, and beta adrenergic blocking age"
Bentiromide,Tylenol,int,Low,1,"Bentiromide may interact with acetaminophen (e.g., Tylenol), chloramphenicol (e.g., Chloromycetin), local anesthetics (e.g., benzocaine and lidocaine), para-aminobenzoic acid (PABA)-containing preparations (e.g., sunscreens and some multivitamins), procainamide (e.g., Pronestyl), sulfonamides (sulfa"
cyclosporine,corticosteroids,effect,Moderate,1,Cyclosporine: Increased activity of both cyclosporine and corticosteroids may occur when the two are used concurrently.
SUSTIVA,ketoconazole,mechanism,High,1,SUSTIVA has the potential to decrease plasma concentrations of itraconazole and ketoconazole.
haloperidol,rifampin,mechanism,High,3,"In 5 other schizophrenic patients treated with oral haloperidol and rifampin, discontinuation of rifampin produced a mean 3.3-fold increase in haloperidol concentrations."
tolbutamide,Atromid-S,mechanism,High,2,Atromid-S may displace acidic drugs such as phenytoin or tolbutamide from their binding sites.
eszopiclone,ethanol,effect,Moderate,1,CNS-Active Drugs Ethanol An additive effect on psychomotor performance was seen with coadministration of eszopiclone and ethanol 0.70 g/kg for up to 4 hours after ethanol administration.
anesthetic solutions,tricyclic antidepressants,effect,Moderate,1,"The administration of local anesthetic solutions containing epinephrine or norepinephrine to patients receiving monoamine oxidase inhibitors, tricyclic antidepressants or phenothiazines may produce severe, prolonged hypotension or hypertension."
FORADIL,monoamine oxidase inhibitors,advise,Moderate,1,Monoamine Oxidase Inhibitors and Tricyclic Antidepressants: FORADIL should be administered with extreme caution in patients being treated with monoamine oxidase inhibitors or tricyclic antidepressants because the action of formoterol on the cardiovascular system may be potentiated by these agents.
dezocine,Levo-Dromoran,advise,Moderate,1,"Interactions with Mixed Agonist/Antagonist Opioid Analgesics: Agonist/antagonist analgesics (eg, pentazocine, nalbuphine, butorphanol, dezocine and buprenorphine) should NOT be administered to a patient who has received or is receiving a course of therapy with a pure agonist opioid analgesic such as"
ketoconazole,corticosteroids,mechanism,High,4,"Drugs which inhibit CYP 3A4 (e.g., ketoconazole, macrolide antibiotics such as erythromycin) have the potential to result in increased plasma concentrations of corticosteroids."
Sensipar,itraconazole,advise,Moderate,1,"Dose adjustment of Sensipar may be required and PTH and serum calcium concentrations should be closely monitored if a patient initiates or discontinues therapy with a strong CYP3A4 inhibitor (e.g., ketoconazole, erythromycin, itraconazole;"
picrotoxin,phenazepam,effect,Moderate,1,"[The GABA-ergic system and brain edema] It has been shown in rats with experimental toxic and traumatic edemas that picrotoxin (1 mg/kg) removes the antiedematous action of diazepam, phenazepam, phenibut and amizyl and reduces the action of phentolamine."
phenobarbital,Mefloquine,effect,Moderate,1,"In patients taking an anticonvulsant (eg, valproic acid, carbamazepine, phenobarbital or phenytoin), the concomitant use of Mefloquine may reduce seizure control by lowering the plasma levels of the anticonvulsant."
disopyramide,TAMBOCOR,advise,Moderate,1,"Because both of these drugs have negative inotropic properties and the effects of coadministration with TAMBOCOR are unknown, neither disopyramide nor verapamil should be administered concurrently with TAMBOCOR unless, in the judgment of the physician, the benefits of this combination outweigh the r"
ibuprofen,heparin sodium,effect,Moderate,1,"Platelet inhibitors: Drugs such as acetylsalicylic acid, dextran, phenylbutazone, ibuprofen, indomethacin, dipyridamole, hydroxychloroquine and others that interfere with platelet-aggregation reactions (the main hemostatic defense of heparinized patients) may induce bleeding and should be used with "
Cyclosporine,Itraconazole,mechanism,High,2,"Coadministration of Itraconazole and cyclosporine, tacrolimus or digoxin has led to increased plasma concentrations of the latter three drugs."
Antizol,phenytoin,mechanism,High,1,"Reciprocal interactions may occur with concomitant use of Antizol and drugs that increase or inhibit the cytochrome P450 system (e.g., phenytoin, carbamazepine, cimetidine, ketoconazole), though this has not been studied"
epinephrine,phenothiazines,effect,Moderate,3,Phenothiazines and butyrophenones may reduce or reverse the pressor effect of epinephrine.
monoamine oxidase inhibitors,fluvoxamine,effect,Moderate,1,"In patients receiving nonselective monoamine oxidase inhibitors (MAOIs) (e.g., selegiline hydrochloride) in combination with serotoninergic agents (e.g., fluoxetine, fluvoxamine, paroxetine, sertraline, venlafaxine), there have been reports of serious, sometimes fatal, reactions."
phenytoin,CMI,mechanism,High,1,"plasma levels of several closely related tricyclic antidepressants have been reported to be increased by the concomitant administration of methylphenidate or hepatic enzyme inhibitors (e.g., cimetidine, fluoxetine) and decreased by the concomitant administration of hepatic enzyme inducers (e.g., bar"
anticoagulant,sulfonamides,effect,Moderate,1,"Drugs that reportedly may increase oral anticoagulant response, ie, increased prothrombin response, in man include:alcohol*;allopurinol;aminosalicylic acid;amiodarone;anabolic steroids;antibiotics;bromelains;chloral hydrate*;chlorpropamide;chymotrypsin;cimetidine;cinchophen;clofibrate;dextran;dextro"
disulfiram,nitrites,effect,Moderate,1,"In rats, simultaneous ingestion of disulfiram and nitrite in the diet for 78 weeks has been reported to cause tumors, and it has been suggested that disulfiram may react with nitrites in the rat stomach to form a nitrosamine, which is tumorigenic."
picrotoxin,amizyl,effect,Moderate,1,"[The GABA-ergic system and brain edema] It has been shown in rats with experimental toxic and traumatic edemas that picrotoxin (1 mg/kg) removes the antiedematous action of diazepam, phenazepam, phenibut and amizyl and reduces the action of phentolamine."
Codeine,sedative-hypnotics,effect,Moderate,1,"Codeine in combination with other narcotic analgesics, general anesthetics, phenothiazines, tranquilizers, sedative-hypnotics, or other CNS depressants (including alcohol) has additive depressant effects."
alosetron,cimetidine,advise,Moderate,1,"Concomitant administration of alosetron and moderate CYP1A2 inhibitors, including quinolone antibiotics and cimetidine, has not been evaluated, but should be avoided unless clinically necessary because of similar potential drug interactions."
valproic acid,Mefloquine,effect,Moderate,1,"In patients taking an anticonvulsant (eg, valproic acid, carbamazepine, phenobarbital or phenytoin), the concomitant use of Mefloquine may reduce seizure control by lowering the plasma levels of the anticonvulsant."
Bentiromide,Chloromycetin,int,Low,1,"Bentiromide may interact with acetaminophen (e.g., Tylenol), chloramphenicol (e.g., Chloromycetin), local anesthetics (e.g., benzocaine and lidocaine), para-aminobenzoic acid (PABA)-containing preparations (e.g., sunscreens and some multivitamins), procainamide (e.g., Pronestyl), sulfonamides (sulfa"
digitalis preparations,colestipol hydrochloride,effect,Moderate,1,Particular caution should be observed with digitalis preparations since there are conflicting results for the effect of colestipol hydrochloride on the availability of digoxin and digitoxin.
caffeine,ketoconazole,advise,Moderate,1,"Based on adult data, lower doses of caffeine may be needed following coadministration of drugs which are reported to decrease caffeine elimination (e.g., cimetidine and ketoconazole) and higher caffeine doses may be needed following coadministration of drugs that increase caffeine elimination (e.g.,"
VISTIDE,amikacin,advise,Moderate,1,"Nephrotoxic agents : Concomitant administration of VISTIDE and agents with nephrotoxic potential [e.g., intravenous aminoglycosides (e.g., tobramycin, gentamicin, and amikacin), amphotericin B, foscarnet, intravenous pentamidine, vancomycin, and non-steroidal anti-inflammatory agents] is contraindic"
Duloxetine,tricyclic antidepressants,advise,Moderate,1,"Therefore, co-administration of Duloxetine with other drugs that are extensively metabolized by this isozyme and which have a narrow therapeutic index, including certain antidepressants (tricyclic antidepressants [TCAs], such as nortriptyline, amitriptyline, and imipramine), phenothiazines and Type "
S(-)warfarin,Aprepitant,mechanism,High,1,"Although there was no effect of Aprepitant on the plasma AUC of R(+) or S(-) warfarin determined on Day 3, there was a 34% decrease in S(-)warfarin (a CYP2C9 substrate) trough concentration accompanied by a 14% decrease in the prothrombin time (reported as International Normalized Ratio or INR) 5 da"
methylxanthines,adenosine,advise,Moderate,3,The effects of adenosine are antagonized by methylxanthines such as caffeine and theophylline.
lansoprazole,ampicillin,mechanism,High,1,"therefore, it is theoretically possible that lansoprazole may interfere with the absorption of drugs where gastric pH is an important determinant of bioavailability (e.g. ketoconazole, ampicillin esters, iron salts, digoxin)."
Butalbital,CNS depressants,effect,Moderate,1,"Butalbital, acetaminophen and caffeine may enhance the effects of: other narcotic analgesics, alcohol, general anesthetics, tranquilizers such as chlordiazepoxide, sedative-hypnotics, or other CNS depressants, causing increased CNS depression."
quinolones,antidiabetic agent,effect,Moderate,1,"Antidiabetic Agents: Disturbances of blood glucose, including hyperglycemia and hypoglycemia, have been reported in patients treated concomitantly with quinolones and an antidiabetic agent."
beta2-agonists,tricyclic antidepressants,advise,Moderate,1,"BROVANA, as with other beta2-agonists, should be administered with extreme caution to patients being treated with monoamine oxidase inhibitors, tricyclic antidepressants, or drugs known to prolong the QTc interval because the action of adrenergic agonists on the cardiovascular system may be potentia"
IOPIDINE,anesthetics,advise,Moderate,1,"Although no specific drug interactions with topical glaucoma drugs or systemic medications were identified in clinical studies of IOPIDINE 0.5% Ophthalmic Solution, the possibility of an additive or potentiating effect with CNS depressants (alcohol, barbiturates, opiates, sedatives, anesthetics) sho"
NIMBEX,lithium,effect,Moderate,1,"Other drugs which may enhance the neuromuscular blocking action of nondepolarizing agents such as NIMBEX include certain antibiotics (e. g., aminoglycosides, tetracyclines, bacitracin, polymyxins, lincomycin, clindamycin, colistin, and sodium colistemethate), magnesium salts, lithium, local anesthet"
thyroid preparation,anesthetic,effect,Moderate,1,"Ketamine: When administered to patients on a thyroid preparation, this parenteral anesthetic may cause hypertension and tachycardia."
heroin,alcohol,effect,Moderate,1,"Toxicology studies of heroin-related deaths reveal frequent involvement of other central nervous system depressants, including alcohol, benzodiazepines such as diazepam (Valium), and, to a rising degree, methadone."
enoxacin,ranitidine,mechanism,High,1,The oral bioavailability of enoxacin is reduced by 60% with coadministration of ranitidine.
Sumatriptan,dihydroergotamine mesylate,advise,Moderate,2,"Sumatriptan and D.H.E. 45  (dihydroergotamine mesylate) Injection, USP should not be taken within 24 hours of each other.."
clofibrate,anticoagulants,effect,Moderate,1,"Drugs that reduce the number of blood platelets by causing bone marrow depression (such as antineoplastic agents) or drugs which inhibit platelet function (eg, aspirin and other non-steroidal anti-inflammatory drugs, dipyridamole, hydrochloroquine, clofibrate, dextran) may increase the bleeding tend"
Codeine,tranquilizers,effect,Moderate,1,"Codeine in combination with other narcotic analgesics, general anesthetics, phenothiazines, tranquilizers, sedative-hypnotics, or other CNS depressants (including alcohol) has additive depressant effects."
atropine,pralidoxime,effect,Moderate,4,"When atropine and pralidoxime are used together, the signs of atropinization (flushing, mydriasis, tachycardia, dryness of the mouth and nose) may occur earlier than might be expected than when atropine is used alone because pralidoxime may potentiate the effect of atropine."
Antihistamines,tricyclic antidepressants,effect,Moderate,2,"Concomitant use of antihistamines with alcohol, tricyclic antidepressants, barbiturates, or other central nervous system depressants may have an additive effect."
FLUOTHANE,non-depolarising muscle relaxant,effect,Moderate,1,FLUOTHANE augments the action of non-depolarising muscle relaxants and the muscle relaxant effects of aminoglycosides.
EPA,non-steroidal anti-inflammatory drugs,int,Low,1,Interactions may occur between EPA supplements and aspirin and other non-steroidal anti-inflammatory drugs and herbs such as garlic (Allium sativum) and ginkgo (Ginkgo biloba).
DURAGESIC,phenothiazines,effect,Moderate,1,"Central Nervous System Depressants: The concomitant use of DURAGESIC  (fentanyl transdermal system) with other central nervous system depressants, including but not limited to other opioids, sedatives, hypnotics, tranquilizers (e.g., benzodiazepines), general anesthetics, phenothiazines, skeletal mu"
nondepolarizing neuromuscular blocking agents,carbamazepine,effect,Moderate,2,Resistance to the neuromuscular blocking action of nondepolarizing neuromuscular blocking agents has been demonstrated in patients chronically administered phenytoin or carbamazepine.
Magnesium,vitamin D,advise,Moderate,3,"Magnesium: Magnesium-containing preparations (eg, antacids) may cause hypermagnesemia and should therefore not be taken during therapy with vitamin D by patients on chronic renal dialysis."
caffeine,phenobarbital,advise,Moderate,1,"Based on adult data, lower doses of caffeine may be needed following coadministration of drugs which are reported to decrease caffeine elimination (e.g., cimetidine and ketoconazole) and higher caffeine doses may be needed following coadministration of drugs that increase caffeine elimination (e.g.,"
topiramate,ethinyl estradiol,mechanism,High,1,"Anticonvulsants (carbamazepine, felbamate, phenobarbital, phenytoin, topiramate): Increase the metabolism of ethinyl estradiol and/or some progestins, leading to possible decrease in contraceptive effectiveness."
Epinephrine,digitalis,advise,Moderate,1,"Epinephrine also should be used cautiously with other drugs (e.g., digitalis, glycosides) that sensitize the myocardium to the actions of sympathomimetic drugs."
NUROMAX,carbamazepine,effect,Moderate,1,"As with some other nondepolarizing neuromuscular blocking agents, the time of onset of neuromuscular block induced by NUROMAX is lengthened and the duration of block is shortened in patients receiving phenytoin or carbamazepine."
butyrophenones,levodopa,effect,Moderate,1,"Dopamine D2 receptor antagonists (e.g., phenothiazines, butyrophenones, risperidone) and isoniazid may reduce the therapeutic effects of levodopa."
estradiol,endotoxin,effect,Moderate,3,Exogenous estradiol also appeared to influence the percentage of endotoxin-induced deaths in a dose-dependent manner.
sympathomimetics,beta adrenergic blockers,effect,Moderate,1,Effects of sympathomimetics are increased with MAO inhibitors and beta adrenergic blockers.
selective serotonin reuptake inhibitors,doxepin,mechanism,High,1,"Inhibitors or substrates of CYP2D6 (i.e., quinidine, selective serotonin reuptake inhibitors [SSRIs]) may increase the plasma concentration of doxepin when administered concomitantly."
MAOIs,paroxetine,effect,Moderate,1,"In patients receiving nonselective monoamine oxidase inhibitors (MAOIs) (e.g., selegiline hydrochloride) in combination with serotoninergic agents (e.g., fluoxetine, fluvoxamine, paroxetine, sertraline, venlafaxine), there have been reports of serious, sometimes fatal, reactions."
lithium,ACE inhibitor,effect,Moderate,2,Lithium toxicity was usually reversible upon discontinuation of lithium and the ACE inhibitor.
BREVIBLOC,warfarin,advise,Moderate,2,"Although the interactions observed in these studies do not appear to be of major clinical importance, BREVIBLOC should be titrated with caution in patients being treated concurrently with digoxin, morphine, succinylcholine or warfarin."
Levo-Dromoran,skeletal muscle relaxants,effect,Moderate,1,"Interactions with Other CNS Agents: Concurrent use of Levo-Dromoran with all central nervous system depressants (eg, alcohol, sedatives, hypnotics, other opioids, general anesthetics, barbiturates, tricyclic antidepressants, phenothiazines, tranquilizers, skeletal muscle relaxants and antihistamines"
grepafloxacin,theophylline,mechanism,High,4,Serum theophylline concentrations increase when grepafloxacin is initiated in a patient maintained on theophylline.
mineral oil,vitamin K,mechanism,High,1,Mineral Oil-Concomitant intake of mineral oil and vitamin K may reduce the absorption of vitamin K.
Phospholine Iodide,carbamate insecticide,effect,Moderate,1,Phospholine Iodide potentiates other cholinesterase inhibitors such as succinylcholine or organophosphate and carbamate insecticides.
azithromycin,atorvastatin,mechanism,High,1,"When used in therapeutic doses, azithromycin had a modest effect on the pharmacokinetics of atorvastatin, carbamazepine, cetirizine, didanosine, efavirenz, fluconazole, indinavir, midazolam, rifabutin, sildenafil, theophylline (intravenous and oral), triazolam, trimethoprim/sulfamethoxazole or zidov"
Nicotinic acid,ganglionic blocking agents,effect,Moderate,1,Interactions for Vitamin B3 (Niacin): Antihypertensive Therapy: Nicotinic acid may potentiate the effects of ganglionic blocking agents and vasoactive drugs resulting in postural hypotension.
VIOXX,methotrexate,advise,Moderate,2,Standard monitoring of methotrexate-related toxicity should be continued if VIOXX and methotrexate are administered concomitantly.
IOPIDINE,alcohol,advise,Moderate,1,"Although no specific drug interactions with topical glaucoma drugs or systemic medications were identified in clinical studies of IOPIDINE 0.5% Ophthalmic Solution, the possibility of an additive or potentiating effect with CNS depressants (alcohol, barbiturates, opiates, sedatives, anesthetics) sho"
Agents with b-blocking properties,insulin,effect,Moderate,1,Insulin or Oral Hypoglycemics: Agents with b-blocking properties may enhance the blood-sugar-reducing effect of insulin and oral hypoglycemics.
naproxen,aspirin,advise,Moderate,2,"Concomitant administration of naproxen and aspirin is not recommended because naproxen is displaced from its binding sites during the concomitant administration of aspirin, resulting in lower plasma concentrations and peak plasma levels."
cephalosporins,aminoglycoside antibiotics,effect,Moderate,3,Increased nephrotoxicity has been reported following concomitant administration of cephalosporins and aminoglycoside antibiotics.
Zarontin,antiepileptic drugs,int,Low,1,"Since Zarontin (ethosuximide) may interact with concurrently administered antiepileptic drugs, periodic serum level determinations of these drugs may be necessary (eg, ethosuximide may elevate phenytoin serum levels and valproic acid has been reported to both increase and decrease ethosuximide level"
cyclosporine,nicardipine,advise,Moderate,1,"Plasma concentrations of cyclosporine should therefore be closely monitored, and its dosage reduced accordingly, in patients treated with nicardipine."
ampicillin,allopurinol,effect,Moderate,3,The concurrent administration of allopurinol and ampicillin increases substantially the incidence of rashes in patients receiving both drugs as compared to patients receiving ampicillin alone.
aspirin,meclofenamate sodium,mechanism,High,1,"Aspirin: Concurrent administration of aspirin may lower meclofenamate sodium plasma levels, possibly by competing for protein-binding sites."
EQUETROTM,bupropion,mechanism,High,1,"Agents that have been found, or are expected to have decreased plasma levels in the presence of EQUETROTM due to induction of CYP enzymes are the following: Acetaminophen, alprazolam, amitriptyline, bupropion, buspirone, citalopram, clobazam, clonazepam, clozapine, cyclosporin, delavirdine, desipram"
Bosentan,hypoglycemic agents,mechanism,High,1,Bosentan is also expected to reduce plasma concentrations of other oral hypoglycemic agents that are predominantly metabolized by CYP2C9 or CYP3A4.
DURAGESIC,opioids,effect,Moderate,1,"Central Nervous System Depressants: The concomitant use of DURAGESIC  (fentanyl transdermal system) with other central nervous system depressants, including but not limited to other opioids, sedatives, hypnotics, tranquilizers (e.g., benzodiazepines), general anesthetics, phenothiazines, skeletal mu"
L-arginine,nitrates,effect,Moderate,1,Organic nitrates - L-arginine supplements theoretically may potentiate the effects of organic nitrates if taken concomitantly.
calcium,alendronate,mechanism,High,1,Products containing calcium and other multivalent cations likely will interfere with absorption of alendronate.
probenecid,cefprozil,mechanism,High,1,Concomitant administration of probenecid doubled the AUC for cefprozil.
tetracycline class,penicillins,effect,Moderate,1,"Since bacteriostatic drugs, such as the tetracycline class of antibiotics, may interfere with the bactericidal action of penicillins, it is not advisable to administer these drugs concomitantly."
diltiazem,midazolam,mechanism,High,4,"These pharmacokinetic effects seen during diltiazem coadministration can result in increased clinical effects (e.g., prolonged sodation)of both midazolam and triazolam."
acetaminophen,anesthetics,effect,Moderate,1,"Butalbital, acetaminophen and caffeine may enhance the effects of: other narcotic analgesics, alcohol, general anesthetics, tranquilizers such as chlordiazepoxide, sedative-hypnotics, or other CNS depressants, causing increased CNS depression."
fluvoxamine maleate,warfarin,mechanism,High,1,"Warfarin: When fluvoxamine maleate (50 mg tid) was administered concomitantly with warfarin for two weeks, warfarin plasma concentrations increased by 98% and prothrombin times were prolonged."
proton pump inhibitors,warfarin,effect,Moderate,3,Patients treated with proton pump inhibitors and warfarin concomitantly may need to be monitored for increases in INR and prothrombin time.
Corticotropin,amphotericin B,effect,Moderate,1,Corticosteroids and Corticotropin (ACTH): may potentiate amphotericin B- induced hypokalemia which may predispose the patient to cardiac dysfunction.
Felbatol,antiepileptic drugs,mechanism,High,1,Use in Conjunction with Other Antiepileptic Drugs: The addition of Felbatol  to antiepileptic drugs (AEDs) affects the steady-state plasma concentrations of AEDs.
Betaseron,antipyrine,mechanism,High,1,Betaseron administration to three cancer patients over a dose range of 0.025 mg to 2.2 mg led to a dose-dependent inhibition of antipyrine elimination.14 The effect of alternate-day administration of 0.25 mg of Betaseron on drug metabolism in MS patients is unknown.
Caffeine,ketoprofen,effect,Moderate,1,Caffeine administered concurrently with ketoprofen reduced the urine volume in 4 healthy volunteers.
Amantadine,clidinium,effect,Moderate,1,"Amantadine, tricyclic antidepressants, and MAOIs may increase anticholinergic effect of clidinium."
rifampin,Clozapine,mechanism,High,1,"Phenytoin, nicotine, and rifampin may decrease Clozapine plasma levels, resulting in a decrease in effectiveness of a previously effective Clozapine dose."
propoxyphene,amphetamine,effect,Moderate,2,"Propoxyphene: In cases of propoxyphene overdosage, amphetamine CNS stimulation is potentiated and fatal convulsions can occur."
MAOI antidepressants,amphetamine,mechanism,High,2,"MAO inhibitors MAOI antidepressants, as well as a metabolite of furazolidone, slow amphetamine metabolism."
BROVANA,monoamine oxidase inhibitors,advise,Moderate,1,"BROVANA, as with other beta2-agonists, should be administered with extreme caution to patients being treated with monoamine oxidase inhibitors, tricyclic antidepressants, or drugs known to prolong the QTc interval because the action of adrenergic agonists on the cardiovascular system may be potentia"
probenecid,bumetanide,mechanism,High,4,- Probenecid: Pretreatment with probenecid reduces both the natriuresis and hyperreninemia produced by bumetanide.
NIMBEX,colistin,effect,Moderate,1,"Other drugs which may enhance the neuromuscular blocking action of nondepolarizing agents such as NIMBEX include certain antibiotics (e. g., aminoglycosides, tetracyclines, bacitracin, polymyxins, lincomycin, clindamycin, colistin, and sodium colistemethate), magnesium salts, lithium, local anesthet"
digoxin,digoxin,mechanism,High,1,Extended Release Tablets: Administration of nifedipine with digoxin increased digoxin levels in 9 of 12 normal volunteers.
narcotics,ketamine,effect,Moderate,1,Prolonged recovery time may occur if barbiturates and/or narcotics are used concurrently with ketamine.
aluminum,FACTIVE,advise,Moderate,1,"Magnesium- and/or aluminum-containing antacids, products containing ferrous sulfate (iron), multivitamin preparations containing zinc or other metal cations, or Videx (didanosine) chewable/buffered tablets or the pediatric powder for oral solution should not be taken within 3 hours before or 2 hours"
cholestyramine,anticoagulants,mechanism,High,1,"For example, since cholestyramine may reduce the gastrointestinal absorption of both the oral anticoagulants and vitamin K, the net effects are unpredictable."
Cholestytamine,thiazide diuretics,mechanism,High,1,- Cholestyramine and colestipol resins: Cholestytamine and colestipol resins have the potential of binding thiazide diuretics and reducing diuretic absorption from the gastrointestinal tract
ERGAMISOL,alcohol,effect,Moderate,1,ERGAMISOL  (levamisole hydrochloride) has been reported to produce ANTABUSE-like side effects when given concomitantly with alcohol.
erythromycin,terfenadine,mechanism,High,6,"In addition, deaths have been reported rarely with concomitant administration of terfenadine and erythromycin."
monoamine oxidase inhibitors,serotoninergic agents,effect,Moderate,1,"In patients receiving nonselective monoamine oxidase inhibitors (MAOIs) (e.g., selegiline hydrochloride) in combination with serotoninergic agents (e.g., fluoxetine, fluvoxamine, paroxetine, sertraline, venlafaxine), there have been reports of serious, sometimes fatal, reactions."
INDOCIN,loop diuretics,effect,Moderate,1,"In some patients, the administration of INDOCIN can reduce the diuretic, natriuretic, and antihypertensive effects of loop, potassium-sparing, and thiazide diuretics."
L-histidine,H2 blockers,effect,Moderate,1,"H1 and H2 Blockers - Although not reported, L-histidine, via its metabolism to histamine, might decrease the efficacy of H1 and H2 blockers."
antihistamines,barbiturates,effect,Moderate,3,"Concomitant use of antihistamines with alcohol, tricyclic antidepressants, barbiturates, or other central nervous system depressants may have an additive effect."
imipramine,cimetidine,mechanism,High,1,"The plasma concentration of imipramine may increase when the drug is given concomitantly with hepatic enzyme inhibitors (e.g., cimetidine, fluoxetine) and decrease by concomitant administration of hepatic enzyme inducers (e.g., barbiturates, phenytoin), and adjustment of the dosage of imipramine may"
Cholestyramine,phenylbutazone,mechanism,High,1,"Cholestyramine resin may delay or reduce the absorption of concomitant oral medication such as phenylbutazone, warfarin, thiazide diuretics (acidic) or propranolol (basic), as well as tetracycline penicillin G, phenobarbital, thyroid and thyroxine preparations, estrogens and progestins, and digitali"
Probenecid,theophylline,mechanism,High,1,"Probenecid : Probenecid is known to interact with the metabolism or renal tubular excretion of many drugs (e.g., acetaminophen, acyclovir, angiotensin-converting enzyme inhibitors, aminosalicylic acid, barbiturates, benzodiazepines, bumetanide, clofibrate, methotrexate, famotidine, furosemide, nonst"
ZEBETA,calcium antagonists,advise,Moderate,1,"ZEBETA should be used with care when myocardial depressants or inhibitors of AV conduction, such as certain calcium antagonists (particularly of the phenylalkylamine [verapamil] and benzothiazepine [diltiazem] classes), or antiarrhythmic agents, such as disopyramide, are used concurrently."
Mefloquine,quinidine,effect,Moderate,1,"Concomitant administration of Mefloquine and other related compounds (eg, quinine, quinidine and chloroquine) may produce electrocardiographic abnormalities and increase the risk of convulsions."
EQUETROTM,triazolam,mechanism,High,1,"Agents that have been found, or are expected to have decreased plasma levels in the presence of EQUETROTM due to induction of CYP enzymes are the following: Acetaminophen, alprazolam, amitriptyline, bupropion, buspirone, citalopram, clobazam, clonazepam, clozapine, cyclosporin, delavirdine, desipram"
allopurinol,azathioprine,mechanism,High,4,Use with Allopurinol: The principal pathway for detoxification of azathioprine is inhibited by allopurinol.
beta-adrenoceptor blocking agents,non-steroidal antiinflammatory drugs,effect,Moderate,1,Blunting of the antihypertensive effect of beta-adrenoceptor blocking agents by non-steroidal antiinflammatory drugs including INDOCIN has been reported.
capecitabine,coumarin-derivative anticoagulants,advise,Moderate,2,Patients taking coumarin-derivative anticoagulants concomitantly with capecitabine should be monitored regularly for alterations in their coagulation parameters (PT or INR).
TRACRIUM,isoflurane,effect,Moderate,1,"Drugs which may enhance the neuromuscular blocking action of TRACRIUM include: enflurane;isoflurane;halothane;certain antibiotics, especially the aminoglycosides and polymyxins;lithium;magnesium salts;procainamide;and quinidine."
chlorprothixene,barbituates,effect,Moderate,1,"Consider additive sedative effects and confusional states to emerge, if chlorprothixene is given with benzodiazepines or barbituates."
Aspirin,cortico-steroids,advise,Moderate,1,Aspirin should be used cautiously in conjunction with cortico-steroids in patients suffering from hypopro-thrombinemia.
TRACRIUM,lithium,effect,Moderate,1,"Drugs which may enhance the neuromuscular blocking action of TRACRIUM include: enflurane;isoflurane;halothane;certain antibiotics, especially the aminoglycosides and polymyxins;lithium;magnesium salts;procainamide;and quinidine."
allopurinol,mercaptopurine,mechanism,High,2,Mercaptopurine/Azathioprine: Allopurinol inhibits the enzymatic oxidation of mercaptopurine and azathioprine to 6-thiouric acid.
alosetron,isoniazid,effect,Moderate,1,"Although not studied with alosetron, inhibition of N-acetyltransferase may have clinically relevant consequences for drugs such as isoniazid, procainamide, and hydralazine."
diflunisal,naproxen,mechanism,High,1,"Naproxen: The concomitant administration of diflunisal and naproxen in normal volunteers had no effect on the plasma levels of naproxen, but significantly decreased the urinary excretion of naproxen and its glucuronide metabolite."
butalbital,monoamine oxidase (MAO) inhibitors,effect,Moderate,1,The CNS effects of butalbital may be enhanced by monoamine oxidase (MAO) inhibitors.
phenytoin,flecainide,mechanism,High,1,"Limited data in patients receiving known enzyme inducers ( phenytoin, phenobarbital, carbamazepine ) indicate only a 30% increase in the rate of flecainide elimination."
diazepam,valdecoxib,effect,Moderate,2,"Although the magnitude of changes in diazepam plasma exposure when coadministered with valdecoxib were not sufficient to warrant dosage adjustments, patients may experience enhanced sedative side effects caused by increased exposure of diazepam under this circumstance."
bromocriptine mesylate,ergot alkaloids,advise,Moderate,1,Concomitant use of bromocriptine mesylate with other ergot alkaloids is not recommended.
chlorpromazine,amitriptyline,effect,Moderate,1,"The concurrent use of two or more drugs with anticholinergic activity--such as an antipsychotic drug (eg, chlorpromazine), an antiparkinsonian drug (eg, trihexyphenidyl), and/or a tricyclic antidepressant (eg, amitriptyline)--commonly results in excessive anticholinergic effects, including dry mouth"
Chloramphenicol,penicillins,effect,Moderate,1,"Bacteriostatic Antibiotics: Chloramphenicol, erythromycins, sulfonamides, or tetracyclines may interfere with the bactericidal effect of penicillins."
methotrexate,ELSPAR,effect,Moderate,2,Tissue culture and animal studies indicate that ELSPAR can diminish or abolish the effect of methotrexate on malignant cells.14 This effect on methotrexate activity persists as long as plasma asparagine levels are suppressed.
Levo-Dromoran,tranquilizers,effect,Moderate,1,"Interactions with Other CNS Agents: Concurrent use of Levo-Dromoran with all central nervous system depressants (eg, alcohol, sedatives, hypnotics, other opioids, general anesthetics, barbiturates, tricyclic antidepressants, phenothiazines, tranquilizers, skeletal muscle relaxants and antihistamines"
cimetidine,gabapentin,mechanism,High,3,This small decrease in excretion of gabapentin by cimetidine is not expected to be of clinical importance.
dofetilide,thiazide diuretics,mechanism,High,1,"The mean clearances of dofetilide were 16% and 15% lower in patients on thiazide diuretics and inhibitors of tubular organic cation transport, respectively."
colestipol,thiazide diuretics,mechanism,High,2,- Cholestyramine and colestipol resins: Cholestytamine and colestipol resins have the potential of binding thiazide diuretics and reducing diuretic absorption from the gastrointestinal tract
Phenytoin,Clozapine,mechanism,High,1,"Phenytoin, nicotine, and rifampin may decrease Clozapine plasma levels, resulting in a decrease in effectiveness of a previously effective Clozapine dose."
tricyclic antidepressants,barbiturates,mechanism,High,1,"plasma levels of several closely related tricyclic antidepressants have been reported to be increased by the concomitant administration of methylphenidate or hepatic enzyme inhibitors (e.g., cimetidine, fluoxetine) and decreased by the concomitant administration of hepatic enzyme inducers (e.g., bar"
NSAIDs,lithium,mechanism,High,7,"Thus, when NSAIDs and lithium are administered concurrently, subjects should be observed carefully for signs of lithium toxicity."
sulfonylureas,coumarins,effect,Moderate,2,"Immediate and Extended Release Tablets The hypoglycemic action of sulfonylureas may be potentiated by certain drugs including nonsteroidal anti-inflammatory agents, some azoles and other drugs that are highly protein bound, salicylates, sulfonamides, chloramphenicol, probenecid, coumarins, monoamine"
Diclofenac,lithium,mechanism,High,3,"In patients taking diclofenac and lithium concomitantly, lithium toxicity may develop."
phenytoin,calcitriol,mechanism,High,2,"Phenytoin/Phenobarbital: The coadministration of phenytoin or phenobarbital will not affect plasma concentrations of vitamin D, but may reduce endogenous plasma levels of calcitriol/ergocalcitriol by accelerating metabolism."
ibogaine,nicotine,effect,Moderate,1,Both ibogaine and 18-MC block morphine-induced and nicotine-induced dopamine release in the nucleus accumbens;
anticoagulant,methyldopa,effect,Moderate,1,"Drugs that reportedly may increase oral anticoagulant response, ie, increased prothrombin response, in man include:alcohol*;allopurinol;aminosalicylic acid;amiodarone;anabolic steroids;antibiotics;bromelains;chloral hydrate*;chlorpropamide;chymotrypsin;cimetidine;cinchophen;clofibrate;dextran;dextro"
beta blockers,flecainide,effect,Moderate,1,"Nevertheless, the possibility of additive negative inotropic effects of beta blockers and flecainide should be recognized."
bupropion,fluoxetine,advise,Moderate,1,"Therefore, co-administration of bupropion with drugs that are metabolized by CYP2D6 isoenzyme including certain antidepressants (e.g., nortriptyline, imipramine, desipramine, paroxetine, fluoxetine, sertraline), antipsychotics (e.g., haloperidol, risperidone, thioridazine), beta-blockers (e.g., meto"
phenobarbital,felbamate,mechanism,High,2,"Phenobarbital: Coadministration of felbamate with phenobarbital causes an increase in phenobarbital plasma concentrations, In 12 otherwise healthy male volunteers ingesting phenobarbital, the steady-state trough (Cmin) phenobarbital concentration was 14.2 micrograms/mL."
selegiline hydrochloride,venlafaxine,effect,Moderate,1,"In patients receiving nonselective monoamine oxidase inhibitors (MAOIs) (e.g., selegiline hydrochloride) in combination with serotoninergic agents (e.g., fluoxetine, fluvoxamine, paroxetine, sertraline, venlafaxine), there have been reports of serious, sometimes fatal, reactions."
anticholinergic compounds,cisapride,effect,Moderate,1,"Anticholinergics: Concurrent administration of certain anticholinergic compounds, such as belladonna alkaloids and dicyclomine, would be expected to compromise the beneficial effects of cisapride."
ketoconazole,corticosteroid,effect,Moderate,1,"In addition, ketoconazole alone can inhibit adrenal corticosteroid synthesis and may cause adrenal insufficiency during corticosteroid withdrawal."
ARAVA,methotrexate,effect,Moderate,1,"In a small (n=30) combination study of ARAVA with methotrexate, a 2- to 3-fold elevation in liver enzymes was seen in 5 of 30 patients."
Flupenthixol,Monoamine oxidase inhibitors,int,Low,1,"Drug Interactions: Flupenthixol may interact with some drugs, like Monoamine oxidase inhibitors (MAOI): MAOI could theoretically affect flupenthixol pharmacodynamics - Arecoline - Eproxindine - Ethanol: Flupenthixol and Ethanol cause additive CNS depression - Tricyclic antidepressants: Flupenthixol "
Sensipar,erythromycin,advise,Moderate,1,"Dose adjustment of Sensipar may be required and PTH and serum calcium concentrations should be closely monitored if a patient initiates or discontinues therapy with a strong CYP3A4 inhibitor (e.g., ketoconazole, erythromycin, itraconazole;"
colchicine,alkalinizing agents,mechanism,High,1,The action of colchicine is potentiated by alkalinizing agents.
major tranquilizers,desipramine,effect,Moderate,1,Both the sedative and anticholinergic effects of the major tranquilizers are also additive to those of desipramine.
chlorprothixene,anticholinergic drugs,advise,Moderate,1,"Exert particular caution in combining chlorprothixene with other anticholinergic drugs (tricyclic antidepressants and antiparkinsonian agents): Particularly the elderly may develop delirium, high fever, severe obstipation, even ileus and glaucoma."
diuretics,PRINIVIL,effect,Moderate,1,"Hypotension - Patients on Diuretic Therapy: Patients on diuretics, and especially those in whom diuretic therapy was recently instituted, may occasionally experience an excessive reduction of blood pressure after initiation of therapy with PRINIVIL."
Colchicine,CNS depressants,effect,Moderate,1,Colchicine may increase sensitivity to the CNS depressants.
Itraconazole,digoxin,mechanism,High,3,"Quinidine, verapamil, amiodarone, propafenone, indomethacin, itraconazole, alprazolam, and spironolactone raise the serum digoxin concentration due to a reduction in clearance and/or in volume of distribution of the drug, with the implication that digitalis intoxication may result."
TARCEVA,nelfinavir,advise,Moderate,1,"Caution should be used when administering or taking TARCEVA with ketoconazole and other strong CYP3A4 inhibitors such as, but not limited to, atazanavir, clarithromycin, indinavir, itraconazole, nefazodone, nelfinavir, ritonavir, saquinavir, telithromycin, troleandomycin (TAO), and voriconazole ."
Bosentan,lovastatin,mechanism,High,1,"Bosentan is also expected to reduce plasma concentrations of other statins that have significant metabolism by CYP3A4, such as lovastatin and atorvastatin."
Diclofenac,diuretics,effect,Moderate,1,Diuretics: Diclofenac and other NSAIDs can inhibit the activity of diuretics.
amrinone,anagrelide,effect,Moderate,1,"The effects of medicinal products with similar properties such as inotropes milrinone, enoximone, amrinone, olprinone and cilostazol may be exacerbated by anagrelide."
Lodine,thiazides,effect,Moderate,1,"Nevertheless, clinical studies, as well as postmarketing observations have shown that Lodine can reduce the natriuretic effect of furosemide and thiazides in some patients."
cimetidine,zalcitabine,mechanism,High,1,"Probenecid or Cimetidine: Concomitant administration of probenecid or cimetidine decreases the elimination of zalcitabine, most likely by inhibition of renal tubular secretion of zalcitabine."
Calcium channel blockers,TENORMIN,effect,Moderate,1,Calcium channel blockers may also have an additive effect when given with TENORMIN .
uricosuric agents,oxipurinol,mechanism,High,1,"Uricosuric Agents: Since the excretion of oxipurinol is similar to that of urate, uricosuric agents, which increase the excretion of urate, are also likely to increase the excretion of oxipurinol and thus lower the degree of inhibition of xanthine oxidase."
Dipyridamole,cholinesterase inhibitors,effect,Moderate,1,"Cholinesterase Inhibitors: Dipyridamole may counteract the anticholinesterase effect of cholinesterase inhibitors, thereby potentially aggravating myasthenia gravis."
Bile acid binding resins,phosphate,mechanism,High,1,Bile acid binding resins may also interfere with the absorption of oral phosphate supplements and hydrocortisone.
NSAIDs,methotrexate,mechanism,High,6,"Methotrexate: Concomitant administration of methotrexate and some NSAIDs has been reported to reduce the clearance of methotrexate, enhancing the toxicity of methotrexate."
esomeprazole,diazepam,mechanism,High,1,"Coadministration of esomeprazole 30 mg and diazepam, a CYP2C19 substrate, resulted in a 45% decrease in clearance of diazepam."
diflunisal,NSAIDs,effect,Moderate,1,"The concomitant use of diflunisal tablets and other NSAIDs is not recommended due to the increased possibility of gastrointestinal toxicity, with little or no increase in efficacy."
simethicone,fosinopril,mechanism,High,1,"Antacids: In a clinical pharmacology study, coadministration of an antacid (aluminum hydroxide, magnesium hydroxide, and simethicone) with fosinopril reduced serum levels and urinary excretion of fosinoprilat as compared with fosinopril administered alone, suggesting that antacids may impair absorpt"
Butalbital,chlordiazepoxide,effect,Moderate,1,"Butalbital, acetaminophen and caffeine may enhance the effects of: other narcotic analgesics, alcohol, general anesthetics, tranquilizers such as chlordiazepoxide, sedative-hypnotics, or other CNS depressants, causing increased CNS depression."
Macrolide antibiotics,atorvastatin,mechanism,High,1,"CONCLUSIONS: Macrolide antibiotics inhibit the metabolism of HMG-CoA reductase inhibitors that are metabolized by CYP3A4 (i.e., atorvastatin, cerivastatin, lovastatin, simvastatin)."
Naproxen,beta-blockers,effect,Moderate,1,Naproxen and other NSAIDs can reduce the antihypertensive effect of propranolol and other beta-blockers.
HMG-CoA reductase inhibitor,ketoconazole,advise,Moderate,1,"Caution should be exercised if an HMG-CoA reductase inhibitor is administered concomitantly with drugs that may decrease the levels or activity of endogenous steroid hormones, such as ketoconazole, spironolactone, and cimetidine."
sulfonylureas,LEVULAN KERASTICK,effect,Moderate,1,"It is, however, possible that concomitant use of other known photosensitizing agents such as griseofulvin, thiazide diuretics, sulfonylureas, phenothiazines, sulfonamides and tetracyclines might increase the photosensitivity reaction of actinic keratoses treated with the LEVULAN KERASTICK for Topica"
Sulfacetamide,silver,int,Low,1,Sulfacetamide preparations are incompatible with silver preparations.
fluvoxamine,terbinafine,advise,Moderate,1,"Consequently, it is recommended that fluvoxamine not be used in combination with either terbinafine, astemizole, or cisapride."
Azlocillin,netilmicin,advise,Moderate,1,"Azlocillin should not be administered concomitantly with amikacin, ciprofloxacin, gentamicin, netilmicin, or tobramycin."
lithium,CELEBREX,advise,Moderate,2,Patients on lithium treatment should be closely monitored when CELEBREX is introduced or withdrawn.
TARCEVA,clarithromycin,advise,Moderate,1,"Caution should be used when administering or taking TARCEVA with ketoconazole and other strong CYP3A4 inhibitors such as, but not limited to, atazanavir, clarithromycin, indinavir, itraconazole, nefazodone, nelfinavir, ritonavir, saquinavir, telithromycin, troleandomycin (TAO), and voriconazole ."
diazepam,indomethacin,effect,Moderate,1,"Similarly, diazepam decreased the antinociceptive effect of metamizol (only in the tail-flick test) and indomethacin."
zalcitabine,aluminum,advise,Moderate,1,"The clinical significance of this reduction is not known, hence zalcitabine is not recommended to be ingested simultaneously with magnesium/aluminum-containing antacids."
neurotensin,enkephalins,effect,Moderate,2,It was shown that neurotensin antagonized evidently the antinociceptive effect of enkephalins and their analogue.
magnesium hydroxide,enoxacin,mechanism,High,1,Antacids containing aluminum hydroxide and magnesium hydroxide reduce the oral absorption of enoxacin by 75%.
rifampin,CANCIDAS,advise,Moderate,1,Patients on rifampin should receive 70 mg of CANCIDAS daily.
NUROMAX,polymyxins,effect,Moderate,1,"Other drugs which may enhance the neuromuscular blocking action of nondepolarizing agents such as NUROMAX include certain antibiotics (e. g., aminoglycosides, tetracyclines, bacitracin, polymyxins, lincomycin, clindamycin, colistin, and sodium colistimethate), magnesium salts, lithium, local anesthe"
cephalosporins,furosemide,effect,Moderate,2,Nephrotoxicity has been reported following concomitant administration of other cephalosporins with potent diuretics such as furosemide.
narcotic analgesics,hydrocodone,effect,Moderate,1,"Patients receiving other narcotic analgesics, antipsychotics, antianxiety agents, or other CNS depressants (including alcohol) concomitantly with hydrocodone and acetaminophen tablets may exhibit an additive CNS depression."
TNF antagonist,ORENCIA,effect,Moderate,1,Concurrent administration of a TNF antagonist with ORENCIA has been associated with an increased risk of serious infections and no significant additional efficacy over use of the TNF antagonists alone.
terfenadine,macrolide antibiotics,effect,Moderate,2,"Serious cardiac dysrhythmias, some resulting in death, have occurred in patients receiving terfenadine concomitantly with other macrolide antibiotics."
benzodiazepines,psychotropic medications,effect,Moderate,2,"The action of the benzodiazepines may be potentiated by anticonvulsants, antihistamines, alcohol, barbiturates, monoamine oxidase inhibitors, narcotics, phenothiazines, psychotropic medications, or other drugs that produce CNS depression."
Diphenhydramine hydrochloride,alcohol,effect,Moderate,1,"Diphenhydramine hydrochloride has additive effects with alcohol and other CNS depressants (hypnotics, sedatives, tranquilizers, etc)."
alprazolam,saquinavir,mechanism,High,1,"Although specific studies have not been performed, coadministration with drugs that are mainly metabolized by CYP3A4 (eg, calcium channel blockers, dapsone, disopyramide, quinine, amiodarone, quinidine, warfarin, tacrolimus, cyclosporine, ergot derivatives, pimozide, carbamazepine, fentanyl, alfenta"
aprepitant,diltiazem,advise,Moderate,2,"Because moderate CYP3A4 inhibitors (e.g., diltiazem) result in 2-fold increase in plasma concentrations of aprepitant, concomitant administration should also be approached with caution."
non-potassium sparing diuretics,beta-agonists,advise,Moderate,2,"Although the clinical significance of these effects is not known, caution is advised in the co-administration of beta-agonists with non-potassium sparing diuretics."
steroidal anti-inflammatory agent,potassium sparing diuretics,effect,Moderate,1,"(In some patients, the steroidal anti-inflammatory agent can reduce the diuretic, natriuretic, and antihypertensive effects of loop, potassium sparing, and thiazide diuretics."
alprazolam,macrolide antibiotics,int,Low,1,Drugs and other substances demonstrated to be CYP 3A inhibitors on the basis of clinical studies involving benzodiazepines metabolized similarly to alprazolam or on the basis of in vitro studies with alprazolam or other benzodiazepines (caution is recommended during coadministration with alprazolam)
Etonogestrel,tetracycline,int,Low,1,"Etonogestrel may interact with the following medications: acetaminophen (Tylenol), antibiotics such as ampicillin and tetracycline, anticonvulsants (Dilantin, Phenobarbital, Tegretol, Trileptal, Topamax, Felbatol), antifungals (Gris-PEG, Nizoral, Sporanox), atorvastatin (Lipitor), clofibrate (Atromi"
Duloxetine,propafenone,advise,Moderate,1,"Therefore, co-administration of Duloxetine with other drugs that are extensively metabolized by this isozyme and which have a narrow therapeutic index, including certain antidepressants (tricyclic antidepressants [TCAs], such as nortriptyline, amitriptyline, and imipramine), phenothiazines and Type "
olprinone,anagrelide,effect,Moderate,1,"The effects of medicinal products with similar properties such as inotropes milrinone, enoximone, amrinone, olprinone and cilostazol may be exacerbated by anagrelide."
vitamin B12,folic acid,int,Low,1,"Medications can interfere with folate utilization, including: anticonvulsant medications (such as phenytoin, and primidone) metformin (sometimes prescribed to control blood sugar in type 2 diabetes) sulfasalazine (used to control inflammation associated with Crohns disease and ulcerative colitis) tr"
tricyclic antidepressants,anticholinergic,effect,Moderate,2,"Drug Interactions: The central anticholinergic syndrome can occur when anticholinergic agents such as AKINETON are administered concomitantly with drugs that have secondary anticholinergic actions, e.g., certain narcotic analgesics such as meperidine, the phenothiazines and other antipsychotics, tri"
antiparkinsonian drug,amitriptyline,effect,Moderate,1,"The concurrent use of two or more drugs with anticholinergic activity--such as an antipsychotic drug (eg, chlorpromazine), an antiparkinsonian drug (eg, trihexyphenidyl), and/or a tricyclic antidepressant (eg, amitriptyline)--commonly results in excessive anticholinergic effects, including dry mouth"
Erythromycin,triazolam,mechanism,High,3,"Triazolam: Erythromycin has been reported to decrease the clearance of triazolam and, thus, may increase the pharmacologic effect of triazolam."
nondepolarizing agents,polymyxins,effect,Moderate,2,"Other drugs which may enhance the neuromuscular blocking action of nondepolarizing agents such as NIMBEX include certain antibiotics (e. g., aminoglycosides, tetracyclines, bacitracin, polymyxins, lincomycin, clindamycin, colistin, and sodium colistemethate), magnesium salts, lithium, local anesthet"
Indinavir,combination hormonal contraceptives,mechanism,High,1,Indinavir has been shown to increase plasma levels of combination hormonal contraceptives.
aminoglycosides,PROLEUKIN,effect,Moderate,1,"Concurrent administration of drugs possessing nephrotoxic (e.g., aminoglycosides, indomethacin), myelotoxic (e.g., cytotoxic chemotherapy), cardiotoxic (e.g., doxorubicin) or hepatotoxic (e.g., methotrexate, asparaginase) effects with PROLEUKIN may increase toxicity in these organ systems."
indinavir,VIRACEPT,mechanism,High,1,Indinavir: Coadministration of indinavir with VIRACEPT resulted in an 83% increase in nelfinavir plasma AUC and a 51% increase in indinavir plasma A.C.
Sonata,thioridazine,effect,Moderate,1,Thioridazine: Coadministration of single doses of Sonata 20 mg and thioridazine 50 mg produced additive effects on decreased alertness and impaired psychomotor performance for 2 to 4 hours after administration.
glimepiride,Arthropan,advise,Moderate,1,"Before taking glimepiride, tell your doctor if you are taking any of the following medicines: - aspirin or another salicylate such as magnesium/choline salicylate (Trilisate), salsalate (Disalcid, others), choline salicylate (Arthropan), magnesium salicylate (Magan), or bismuth subsalicylate (Pepto-"
EQUETROTM,tiagabine,mechanism,High,1,"Agents that have been found, or are expected to have decreased plasma levels in the presence of EQUETROTM due to induction of CYP enzymes are the following: Acetaminophen, alprazolam, amitriptyline, bupropion, buspirone, citalopram, clobazam, clonazepam, clozapine, cyclosporin, delavirdine, desipram"
sulfonylureas,nonsteroidal anti-inflammatory agents,effect,Moderate,2,"Immediate and Extended Release Tablets The hypoglycemic action of sulfonylureas may be potentiated by certain drugs including nonsteroidal anti-inflammatory agents, some azoles and other drugs that are highly protein bound, salicylates, sulfonamides, chloramphenicol, probenecid, coumarins, monoamine"
LEVSIN,tricyclic antidepressants,effect,Moderate,1,"Additive adverse effects resulting from cholinergic blockade may occur when LEVSIN is administered concomitantly with other antimuscarinics, amantadine, haloperidol, phenothiazines, monoamine oxidase (MAO) inhibitors, tricyclic antidepressants or some antihistamines."
Gleevec,cyclosporine,advise,Moderate,1,"Particular caution is recommended when administering Gleevec with CYP3A4 substrates that have a narrow therapeutic window (e.g., cyclosporine or pimozide)."
salicylate,corticosteroid,effect,Moderate,2,This could lead to decreased salicylate serum levels or increase the risk of salicylate toxicity when corticosteroid is withdrawn.
EQUETROTM,rifampin,mechanism,High,1,"Agents that are CYP inducers that have been found, or are expected, to decrease plasma levels of EQUETROTM are the following: Cisplatin, doxorubicin HCL, felbamate, rifampin, phenobarbital, Phenytoin(2), primidone, methsuximide, and theophylline Thus, if a patient has been titrated to a stable dosag"
SUBOXONE,benzodiazepines,advise,Moderate,2,Patients should be warned of the potential danger of the intravenous self-administration of benzodiazepines while under treatment with SUBOXONE or SUBUTEX.
coumarin anticoagulant,lovastatin,effect,Moderate,1,"Also, bleeding and/or increased prothrombin time have been reported in a few patients taking coumarin anticoagulants concomitantly with lovastatin."
Acetazolamide,sodium bicarbonate,effect,Moderate,1,Acetazolamide and sodium bicarbonate used concurrently increases the risk of renal calculus formation.
zaleplon,promethazine,mechanism,High,1,"Promethazine: Coadministration of a single dose of zaleplon and promethazine (10 and 25 mg, respectively) resulted in a 15% decrease in maximal plasma concentrations of zaleplon, but no change in the area under the plasma concentration-time curve."
bitolterol,steroid,advise,Moderate,3,"This allows bitolterol to open air passages, increasing the effectiveness of the steroid."
morphine,dmPGE2,effect,Moderate,1,"Loperamide and morphine (0.1 and 1.0 mg/kg, s.c.) inhibited the dmPGE2 (0.3 mg/kg, p.o.)-induced diarrhea in cecectomized rats."
amitriptyline HCl,anticholinergic,effect,Moderate,1,"Hyperpyrexia has been reported when amitriptyline HCl is administered with anticholinergic agents or with neuroleptic drugs, particularly during hot weather."
CRIXIVAN,indinavir,effect,Moderate,1,CRIXIVAN may not be effective due to decreased indinavir concentrations in patients taking these agents concomitantly.
Adenocard,digitalis,effect,Moderate,1,The use of Adenocard in patients receiving digitalis may be rarely associated with ventricular fibrillation.
magnesium,lomefloxacin,mechanism,High,2,"Magnesium- and aluminum-containing antacids, administered concomitantly with lomefloxacin, significantly decreased the bioavailability (48%) of lomefloxacin."
HMG-CoA reductase inhibitor,cimetidine,advise,Moderate,1,"Caution should be exercised if an HMG-CoA reductase inhibitor is administered concomitantly with drugs that may decrease the levels or activity of endogenous steroid hormones, such as ketoconazole, spironolactone, and cimetidine."
NUROMAX,aminoglycosides,effect,Moderate,1,"Other drugs which may enhance the neuromuscular blocking action of nondepolarizing agents such as NUROMAX include certain antibiotics (e. g., aminoglycosides, tetracyclines, bacitracin, polymyxins, lincomycin, clindamycin, colistin, and sodium colistimethate), magnesium salts, lithium, local anesthe"
SULAR,atenolol,effect,Moderate,1,The blood pressure effect of SULAR tended to be greater in patients on atenolol than in patients on no other antihypertensive therapy.
enflurane,NIMBEX,effect,Moderate,3,"In long surgical procedures during enflurane or isoflurane anesthesia, less frequent maintenance dosing, lower maintenance doses, or reduced infusion rates of NIMBEX may be necessary."
astemizole,ketoconazole,mechanism,High,4,"Pharmacokinetic data indicate that oral ketoconazole inhibits the metabolism of astemizole, resulting in elevated plasma levels of astemizole and its active metabolite desmethylastemizole which may prolong QT intervals."
ROMAZICON,cyclic antidepressants,effect,Moderate,1,Particular caution is necessary when using ROMAZICON in cases of mixed drug overdosage since the toxic effects (such as convulsions and cardiac dysrhythmias) of other drugs taken in overdose (especially cyclic antidepressants) may emerge with the reversal of the benzodiazepine effect by flumazenil.
glimepiride,Disalcid,advise,Moderate,1,"Before taking glimepiride, tell your doctor if you are taking any of the following medicines: - aspirin or another salicylate such as magnesium/choline salicylate (Trilisate), salsalate (Disalcid, others), choline salicylate (Arthropan), magnesium salicylate (Magan), or bismuth subsalicylate (Pepto-"
phenylbutazone,heparin sodium,effect,Moderate,1,"Platelet inhibitors: Drugs such as acetylsalicylic acid, dextran, phenylbutazone, ibuprofen, indomethacin, dipyridamole, hydroxychloroquine and others that interfere with platelet-aggregation reactions (the main hemostatic defense of heparinized patients) may induce bleeding and should be used with "
beta-adrenergic blocking agents,calcium antagonists,advise,Moderate,2,"Literature reports suggest that oral calcium antagonists may be used in combination with beta-adrenergic blocking agents when heart function is normal, but should be avoided in patients with impaired cardiac function."
metoclopramide,levodopa,mechanism,High,1,"Although metoclopramide may increase the bioavailability of levodopa by increasing gastric emptying, metoclopramide may also adversely affect disease control by its dopamine receptor antagonistic properties."
Barbiturates,anticoagulants,effect,Moderate,2,"Barbiturates may decrease the effectiveness of oral contraceptives, certain antibiotics, quinidine, theophylline, corticosteroids, anticoagulants, and beta blockers."
levothyroxine sodium,meclofenamic acid,mechanism,High,1,"Binding to Serum Proteins: The following agents may either inhibit levothyroxine sodium binding to serum proteins or alter the concentrations of serum binding proteins: androgens and related anabolic hormones, asparaginase, clofibrate, estrogens and estrogen-containing compounds, 5-fluorouracil, fur"
beta2-agonists,monoamine oxidase inhibitors,advise,Moderate,1,"BROVANA, as with other beta2-agonists, should be administered with extreme caution to patients being treated with monoamine oxidase inhibitors, tricyclic antidepressants, or drugs known to prolong the QTc interval because the action of adrenergic agonists on the cardiovascular system may be potentia"
CASODEX,anticoagulant,advise,Moderate,1,"It is recommended that if CASODEX is started in patients already receiving coumarin anticoagulants, prothrombin times should be closely monitored and adjustment of the anticoagulant dose may be necessary."
sertraline,5-HT1 agonists,effect,Moderate,2,"Selective Serotonin Reuptake Inhibitors (SSRIs): SSRIs (e.g., fluoxetine, fluvoxamine, paroxetine, sertraline) have been rarely reported to cause weakness, hyperreflexia, and incoordination when coadministered with 5-HT1 agonists."
phenytoin,contraceptives,effect,Moderate,1,"- Drugs whose efficacy is impaired by phenytoin include: anticoagulants, corticosteroids, coumarin, digitoxin, doxycycline, estrogens, furosemide, oral contraceptives, rifampin, quinidine, theophylline, vitamin D."
desipramine,alprazolam,mechanism,High,1,"The steady state plasma concentrations of imipramine and desipramine have been reported to be increased an average of 31% and 20%, respectively, by the concomitant administration of alprazolam tablets in doses up to 4 mg/day."
hormonal contraceptives,TRACLEER,effect,Moderate,1,"Therefore, hormonal contraceptives, including oral, injectable, transdermal, and implantable forms, may not be reliable when TRACLEER is co-administered."
Lodine,aspirin,advise,Moderate,2,"however, as with other NSAIDs, concomitant administration of Lodine and aspirin is not generally recommended because of the potential of increased adverse effects."
SSRIs,dihydroergotamine,effect,Moderate,1,"A rare, but serious, constellation of symptoms, termed serotonin syndrome, has been reported with the concomitant use of selective serotonin reuptake inhibitors (SSRIs) and agents for migraine therapy, such as Imitrex (sumatriptan succinate) and dihydroergotamine."
erythromycin,hexobarbital,int,Low,2,"There have been reports of interactions of erythromycin with carbamazepine, cyclosporine, tacrolimus, hexobarbital, phenytoin, alfentanil, cisapride, disopyramide, lovastatin, bromocriptine, valproate, terfenadine, and astemizole."
imidazole drugs,coumarin drugs,advise,Moderate,1,"In simultaneous treatment with imidazole drugs and coumarin drugs, the anticoagulant effect should be carefully titrated and monitored."
nitazoxanide,warfarin,mechanism,High,1,"Therefore, caution should be used when administering nitazoxanide concurrently with other highly plasma protein-bound drugs with narrow therapeutic indices, as competition for binding sites may occur (e.g., warfarin)."
cisapride,anticoagulant,advise,Moderate,1,"It is advisable to check coagulation time within the first few days after the start and discontinuation of cisapride therapy, with an appropriate adjustment of the anticoagulant dose, if necessary."
levobupivacaine,phenobarbital,mechanism,High,1,"Although no clinical studies have been conducted, it is likely that the metabolism of levobupivacaine may be affected by the known CYP3A4 inducers (such as phenytoin, phenobarbital, rifampin), CYP3A4 inhibitors (azole antimycotics e.g., ketoconazole;"
Antithyroid agents,sodium iodide I131,effect,Moderate,1,"Antithyroid agents may decrease thyroidal uptake of sodium iodide I131, a rebound in uptake may occur up to 5 days after sudden withdrawal of Carbimazole."
Fenfluramine,guanethidine,effect,Moderate,1,"Fenfluramine may increase slightly the effect of antihypertensive drugs, e.g., guanethidine, methyldopa, reserpine."
cannabinoids,TIKOSYN,advise,Moderate,1,"Inhibitors of this isoenzyme (e.g., macrolide antibiotics, azole antifungal agents, protease inhibitors, serotonin reuptake inhibitors, amiodarone, cannabinoids, diltiazem, grapefruit juice, nefazadone, norfloxacin, quinine, zafirlukast) should be cautiously coadministered with TIKOSYN as they can p"
Diphenhydramine hydrochloride,hypnotics,effect,Moderate,1,"Diphenhydramine hydrochloride has additive effects with alcohol and other CNS depressants (hypnotics, sedatives, tranquilizers, etc)."
ethoxzolamide,amphotericin B,effect,Moderate,1,"Coadministration of ethoxzolamide with other diuretics, amphotericin B, and corticosteroids may cause hypokalemia."
hormonal contraceptives,benzodiazepines,mechanism,High,1,"Benzodiazepines: Combination hormonal contraceptives may decrease the clearance of some benzodiazepines (alprazolam, chlordiazepoxide, diazepam) and increase the clearance of others (lorazepam, oxazepam, temazepam)."
adenosine,caffeine,effect,Moderate,1,The effects of adenosine are antagonized by methylxanthines such as caffeine and theophylline.
ciprofloxacin,aluminum,mechanism,High,2,"Multivalent Cation-Containing Products: Concurrent administration of a quinolone, including ciprofloxacin, with multivalent cation-containing products such as magnesium or aluminum antacids, sucralfate, VIDEX chewable/buffered tablets or pediatric powder, or products containing calcium, iron, or zin"
FLEXERIL,MAO inhibitors,int,Low,1,FLEXERIL may have life-threatening interactions with MAO inhibitors.
alosetron,hydralazine,effect,Moderate,1,"Although not studied with alosetron, inhibition of N-acetyltransferase may have clinically relevant consequences for drugs such as isoniazid, procainamide, and hydralazine."
fexofenadine hydrochloride,erythromycin,mechanism,High,1,"However, co  administration of fexofenadine hydrochloride with either ketoconazole or erythromycin led to increased plasma concentrations of fexofenadine."
ENABLEX,ketoconazole,advise,Moderate,1,"The daily dose of ENABLEX should not exceed 7.5 mg when coadministered with potent CYP3A4 inhibitors (e.g., ketoconazole, itraconazole, ritonavir, nelfinavir, clarithromycin and nefazadone) ."
levamisole hydrochloride,alcohol,effect,Moderate,1,ERGAMISOL  (levamisole hydrochloride) has been reported to produce ANTABUSE-like side effects when given concomitantly with alcohol.
antiretroviral drugs,antineoplastic drugs,advise,Moderate,1,"However, careful attention must be directed to cross toxicity and possible pharmacokinetic interactions between antiretroviral and antineoplastic drugs."
Codeine,anesthetics,effect,Moderate,1,"Codeine in combination with other narcotic analgesics, general anesthetics, phenothiazines, tranquilizers, sedative-hypnotics, or other CNS depressants (including alcohol) has additive depressant effects."
gemfibrozil,bexarotene,mechanism,High,1,"On the basis of the metabolism of bexarotene by cytochrome P450 3A4, ketoconazole, itraconazole, erythromycin, gemfibrozil, grapefruit juice, and other inhibitors of cytochrome P450 3A4 would be expected to lead to an increase in plasma bexarotene concentrations."
trichlorfon,coumaphos,effect,Moderate,1,"The treatment of ewes with an intravenous (IV) injection of trichlorfon, insufficient to produce significant inhibition of erythrocyte acetylcholinesterase (AChE) activity, appeared to produce additive effects with those produced by subsequent treatment with 4 mg of coumaphos/kg/day."
FACTIVE,cimetidine,mechanism,High,1,"Concomitant administration of FACTIVE and calcium carbonate, cimetidine, omeprazole, or an estrogen/progesterone oral contraceptive produced minor changes in the pharmacokinetics of gemifloxacin, which were considered to be without clinical significance."
quinolones,zinc,mechanism,High,2,"Also, concomitant administration of quinolones with products containing iron, multivitamins containing zinc, or Videx (didanosine) chewable/buffered tablets or the pediatric powder for oral solution may result in low urine levels."
alprazolam,anticonvulsants,effect,Moderate,1,"The benzodiazepines, including alprazolam, produce additive CNS depressant effects when co-administered with other psychotropic medications, anticonvulsants, antihistaminics, ethanol, and other drugs which themselves produce CNS depression."
Bromocriptine mesylate,butyrophenones,int,Low,1,"Bromocriptine mesylate may interact with dopamine antagonists, butyrophenones, and certain other agents."
CNS depressants,DILAUDID,effect,Moderate,1,"Patients receiving other narcotic analgesics, general anesthetics, phenothiazines, tranquilizers, sedative-hypnotics, tricyclic antidepressants or other CNS depressants (including alcohol) concomitantly with DILAUDID may exhibit an additive CNS depression."
thiazides,antidiabetic drugs,effect,Moderate,1,"Certain drugs including thiazides, corticosteroids, thyroid products, and sympathomimetics may reduce the hypoglycemic action of Starlix and other oral antidiabetic drugs."
vasopressor drugs,ergot-type oxytocic drugs,effect,Moderate,1,"Concurrent administration of vasopressor drugs (for the treatment of hypotension related to obstetric blocks) and ergot-type oxytocic drugs may cause severe, persistent hypertension or cerebrovascular accidents."
alcohol,SINEQUAN,mechanism,High,1,Alcohol: It should be borne in mind that alcohol ingestion may increase the danger inherent in any intentional or unintentional SINEQUAN overdosage.
phenobarbital,ethinyl estradiol,mechanism,High,1,"Anticonvulsants (carbamazepine, felbamate, phenobarbital, phenytoin, topiramate): Increase the metabolism of ethinyl estradiol and/or some progestins, leading to possible decrease in contraceptive effectiveness."
antacids,VIDEX,effect,Moderate,1,Antacids: Concomitant administration of antacids containing magnesium or aluminum with VIDEX Chewable/Dispersible Buffered Tablets or Pediatric Powder for Oral Solution may potentiate adverse events associated with the antacid components.
retinyl acetate,EGF,effect,Moderate,5,Higher concentrations of dexamethasone (10(-8) - 10(-6) M) or retinyl acetate (3 X 10(-8) - 10(-7) M) enhance the mitogenic activity of EGF.
EQUETROTM,amitriptyline,mechanism,High,1,"Agents that have been found, or are expected to have decreased plasma levels in the presence of EQUETROTM due to induction of CYP enzymes are the following: Acetaminophen, alprazolam, amitriptyline, bupropion, buspirone, citalopram, clobazam, clonazepam, clozapine, cyclosporin, delavirdine, desipram"
Isoflurane,NUROMAX,mechanism,High,1,"Isoflurane, enflurane, and halothane decrease the ED50 of NUROMAX by 30% to 45%."
EQUETROTM,tramadol,mechanism,High,1,"Agents that have been found, or are expected to have decreased plasma levels in the presence of EQUETROTM due to induction of CYP enzymes are the following: Acetaminophen, alprazolam, amitriptyline, bupropion, buspirone, citalopram, clobazam, clonazepam, clozapine, cyclosporin, delavirdine, desipram"
duloxetine,fluvoxamine,mechanism,High,1,"Inhibitors of CYP1A2: Concomitant use of duloxetine with fluvoxamine, an inhibitor of CYP1A2, results in approximately a 6-fold increase in AUC and about a 2.5-fold increase in Cmax of duloxetine."
alprazolam,sertraline,int,Low,1,Data from in vitro studies of alprazolam suggest a possible drug interaction with alprazolam for the following: sertraline and paroxetine.
alprazolam,nicardipine,int,Low,1,"Data from in vitro studies of benzodiazepines other than alprazolam suggest a possible drug interaction for the following: ergotamine, cyclosporine, amiodarone, nicardipine, and nifedipine."
EQUETROTM,quinupristin,mechanism,High,1,"Agents that are CYP3A4 inhibitors that have been found, or are expected, to increase plasma levels of EQUETROTM are the following: Acetazolamide, azole antifungals, cimetidine, clarithromycin(1), dalfopristin, danazol, delavirdine, diltiazem, erythromycin(1), fluoxetine, fluvoxamine, grapefruit juic"
phenytoin,Felbatol,mechanism,High,3,"Effects of Other Antiepileptic Drugs on Felbatol  Phenytoin: Phenytoin causes an approximate doubling of the clearance of Felbatol  (felbamate) at steady state and, therefore, the addition of phenytoin causes an approximate 45% decrease in the steady-state trough concentrations of Felbatol  as compa"
anticoagulant,sulindac,effect,Moderate,1,"Drugs that reportedly may increase oral anticoagulant response, ie, increased prothrombin response, in man include:alcohol*;allopurinol;aminosalicylic acid;amiodarone;anabolic steroids;antibiotics;bromelains;chloral hydrate*;chlorpropamide;chymotrypsin;cimetidine;cinchophen;clofibrate;dextran;dextro"
COPEGUS,didanosine,advise,Moderate,1,Nucleoside Analogues Didanosine Co-administration of COPEGUS and didanosine is not recommended.
bupropion,carbamazepine,mechanism,High,1,"While not systematically studied, certain drugs may induce the metabolism of bupropion (e.g., carbamazepine, phenobarbital, phenytoin)."
Duloxetine,nortriptyline,advise,Moderate,1,"Therefore, co-administration of Duloxetine with other drugs that are extensively metabolized by this isozyme and which have a narrow therapeutic index, including certain antidepressants (tricyclic antidepressants [TCAs], such as nortriptyline, amitriptyline, and imipramine), phenothiazines and Type "
platelet aggregation inhibitors,ardeparin,effect,Moderate,1,"Anticoagulants including coumarin derivatives, indandione derivatives, and platelet aggregation inhibitors such as nonsteroidal anti-inflammatory drugs (NSAIDs), and aspirin may increase the risk of bleeding when administered concomitantly with ardeparin."
selective serotonin reuptake inhibitors,dihydroergotamine,effect,Moderate,1,"A rare, but serious, constellation of symptoms, termed serotonin syndrome, has been reported with the concomitant use of selective serotonin reuptake inhibitors (SSRIs) and agents for migraine therapy, such as Imitrex (sumatriptan succinate) and dihydroergotamine."
beta-adrenergic receptor blocking agents,Anesthetics,int,Low,1,"When administered concurrently, the following drugs may interact with beta-adrenergic receptor blocking agents: Anesthetics, general: exaggeration of the hypotension induced by general anesthetics."
Chlorotrianisene,tamoxifen,int,Low,1,"Chlorotrianisene may interact with antidepressants, aspirin, barbiturates, bromocriptine, calcium supplements, corticosteroids, corticotropin, cyclosporine, dantrolene, nicotine, somatropin, tamoxifen, and warfarin."
cholestyramine,hydrochlorothiazide,mechanism,High,1,"Single doses of either cholestyramine or colestipol resins bind the hydrochlorothiazide and reduce its absorption from the gastrointestinal tract by up to 85 and 43 percent, respectively."
SSRIs,sumatriptan succinate,effect,Moderate,1,"A rare, but serious, constellation of symptoms, termed serotonin syndrome, has been reported with the concomitant use of selective serotonin reuptake inhibitors (SSRIs) and agents for migraine therapy, such as Imitrex (sumatriptan succinate) and dihydroergotamine."
nitrate,sildenafil,effect,Moderate,1,"however, patients with moderate to severe cardiovascular disease or those taking nitrate therapy are at increased risk for potentially serious cardiovascular adverse effects with sildenafil therapy."
NSAIDs,lisinopril,effect,Moderate,1,"Reports suggest that NSAIDs may diminish the antihypertensive effect of ACE inhibitors, including lisinopril."
diuretics,INDOCIN,effect,Moderate,1,"Most of the above effects concerning diuretics have been attributed, at least in part, to mechanisms involving inhibition of prostaglandin synthesis by INDOCIN."
imipramine,combination hormonal contraceptives,mechanism,High,1,"Tricyclic antidepressants (amitriptyline, imipramine, nortriptyline): Metabolism may be inhibited by combination hormonal contraceptives, increasing plasma levels of antidepressant;"
Acitretin,progestin,effect,Moderate,2,"However, it has been established that acitretin interferes with the contraceptive effect of microdosed progestin minipill preparations."
ZYVOX,dopaminergic agents,effect,Moderate,1,"Adrenergic Agents:Some individuals receiving ZYVOX may experience a reversible enhancement of the pressor response to indirect-acting sympathomimetic agents, vasopressor or dopaminergic agents."
ciprofloxacin,VIDEX,mechanism,High,3,"Quinolone Antibiotics: VIDEX should be administered at least 2 hours after or 6 hours before dosing with ciprofloxacin because plasma concentrations of ciprofloxacin are decreased when administered with antacids containing magnesium, calcium, or aluminum."
hormonal contraceptives,oxazepam,mechanism,High,1,"Benzodiazepines: Combination hormonal contraceptives may decrease the clearance of some benzodiazepines (alprazolam, chlordiazepoxide, diazepam) and increase the clearance of others (lorazepam, oxazepam, temazepam)."
SPRYCEL,clarithromycin,mechanism,High,1,"Concomitant use of SPRYCEL and drugs that inhibit CYP3A4 (eg, ketoconazole, itraconazole, erythromycin, clarithromycin, ritonavir, atazanavir, indinavir, nefazodone, nelfinavir, saquinavir, telithromycin) may increase exposure to dasatinib and should be avoided."
charcoal,Acarbose,mechanism,High,1,"Intestinal adsorbents (e. g., charcoal) and digestive enzyme preparations containing carbohydrate-splitting enzymes (e. g., amylase, pancreatin) may reduce the effect of Acarbose and should not be taken concomitantly."
estazolam,itraconazole,advise,Moderate,1,"Consequently, estazolam should be avoided in patients receiving ketoconazole and itraconazole, which are very potent inhibitors of CYP3A."
Ethoxzolamide,amphetamines,effect,Moderate,1,"Ethoxzolamide may increase the action of tricyclics, amphetamines, procainamide, and quinidine."
Anafranil,anticholinergic,advise,Moderate,1,Close supervision and careful adjustment of dosage are required when Anafranil is administered with anticholinergic or sympathomimetic drugs.
tiagabine,primidone,mechanism,High,1,Phenobarbital (Primidone): Population pharmacokinetic analyses indicate that tiagabine clearance is 60% greater in patients taking phenobarbital (primidone) with or without other enzyme-inducing AEDs.
bupropion,nortriptyline,advise,Moderate,1,"Therefore, co-administration of bupropion with drugs that are metabolized by CYP2D6 isoenzyme including certain antidepressants (e.g., nortriptyline, imipramine, desipramine, paroxetine, fluoxetine, sertraline), antipsychotics (e.g., haloperidol, risperidone, thioridazine), beta-blockers (e.g., meto"
cephaloridine,probenecid,mechanism,High,1,"(1968, 1970), the higher serum concentrations of penicillins and cephaloridine reached after administration of probenecid are due not only to slower renal elimination but also to an altered distribution in the body."
Cholestyramine,T3,mechanism,High,1,"Cholestyramine: Cholestyramine binds both T4 and T3 in the intestine, thus impairing absorption of these thyroid hormones."
ketoconazole,bexarotene,mechanism,High,1,"On the basis of the metabolism of bexarotene by cytochrome P450 3A4, ketoconazole, itraconazole, erythromycin, gemfibrozil, grapefruit juice, and other inhibitors of cytochrome P450 3A4 would be expected to lead to an increase in plasma bexarotene concentrations."
glycine,glutamate,effect,Moderate,2,Interaction between glycine and glutamate in the development of spontaneous motility in chick embryos.
botulinum toxin,botulinum toxin,effect,Moderate,1,Excessive neuromuscular weakness may be exacerbated by administration of another botulinum toxin prior to the resolution of the effects of a previously administered botulinum toxin.
PROSTIN E2,oxytocic drugs,effect,Moderate,1,PROSTIN E2 may augment the activity of other oxytocic drugs.
WELLBUTRIN,orphenadrine,int,Low,1,"Therefore, the potential exists for a drug interaction between WELLBUTRIN and drugs that affect the CYP2B6 isoenzyme (e.g., orphenadrine and cyclophosphamide)."
glyburide,ciprofloxacin,effect,Moderate,2,"Glyburide: The concomitant administration of ciprofloxacin with the sulfonylurea glyburide has, on rare occasions, resulted in severe hypoglycemia."
aspirin,indomethacin,mechanism,High,1,"In a study in normal volunteers, it was found that chronic concurrent administration of 3.6 g of aspirin per day decreases indomethacin blood levels approximately 20%."
TCAs,SSRIs,advise,Moderate,3,"Nevertheless, caution is indicated in the coadministration of TCAs with any of the SSRIs and also in switching from one class to the other."
verapamil,digoxin,mechanism,High,1,"Quinidine, verapamil, amiodarone, propafenone, indomethacin, itraconazole, alprazolam, and spironolactone raise the serum digoxin concentration due to a reduction in clearance and/or in volume of distribution of the drug, with the implication that digitalis intoxication may result."
Antizol,cimetidine,mechanism,High,1,"Reciprocal interactions may occur with concomitant use of Antizol and drugs that increase or inhibit the cytochrome P450 system (e.g., phenytoin, carbamazepine, cimetidine, ketoconazole), though this has not been studied"
INDOCIN,losartan,effect,Moderate,1,INDOCIN can reduce the antihypertensive effects of captopril and losartan.
Lomefloxacin,sucralfate,mechanism,High,3,"Antacids and sucralfate: Sucralfate and antacids containing magnesium or aluminum, as well as formulations containing divalent and trivalent cations such as Videx  (didanosine), chewable/buffered tablets or the pediatric powder for oral solution can form chelation complexes with lomefloxacin and int"
Vitamin D3,arsenate,mechanism,High,1,"Vitamin D3 administration to rachitic chicks was effective in significantly elevating duodenal arsenate absorption, acting primarily to enhance serosal transport."
phenytoin,H2-antagonists,mechanism,High,1,"The most commonly occurring drug interactions are listed below: - Drugs that may increase plasma phenytoin concentrations include: acute alcohol intake, amiodarone, chboramphenicol, chlordiazepoxide, cimetidine, diazepam, dicumarol, disulfiram, estrogens, ethosuximide, fluoxetine, H2-antagonists, ha"
Corticosteroids,aspirin,effect,Moderate,7,Nonsteroidal anti-inflammatory agents (NSAIDS): Concomitant use of aspirin (or other nonsteroidal antiinflammatory agents) and corticosteroids increases the risk of gastrointestinal side effects.
volatile inhalation anesthetics,ALFENTA,mechanism,High,1,Limited clinical experience indicates that requirements for volatile inhalation anesthetics are reduced by 30 to 50% for the first sixty (60) minutes following ALFENTA induction The concomitant use of erythromycin with ALFENTA can significantly inhibit ALFENTA clearance and may increase the risk of 
fentanyl,skeletal muscle relaxants,effect,Moderate,1,"Central Nervous System Depressants: The concomitant use of DURAGESIC  (fentanyl transdermal system) with other central nervous system depressants, including but not limited to other opioids, sedatives, hypnotics, tranquilizers (e.g., benzodiazepines), general anesthetics, phenothiazines, skeletal mu"
NSAIDs,Angiotensin Converting Enzyme (ACE) inhibitors,effect,Moderate,2,ACE inhibitors: Reports suggest that NSAIDs may diminish the antihypertensive effect of Angiotensin Converting Enzyme (ACE) inhibitors.
18-MC,morphine,effect,Moderate,2,"Ibogaine attenuates, but 18-MC potentiates, the acute locomotor effects of morphine;"
norethindrone,gabapentin,mechanism,High,1,The Cmax of norethindrone was 13% higher when it was coadministered with gabapentin;
aspirin,ibuprofen,effect,Moderate,1,"Aspirin: Animal studies wshow that aspirin given with nonsteroidal anti-inflammatory agents, including ibuprofen, yields a net decrease in anti-inflammatory activity with lowered blood levels of the non-aspirin drug."
phenothiazines,diethylpropion,effect,Moderate,1,Concurrent use of phenothiazines may antagonize the anorectic effect of diethylpropion.
indinavir,budesonide,advise,Moderate,1,"If treatment with inhibitors of CYP3A4 activity (such as ketoconazole, intraconazole, ritonavir, indinavir, saquinavir, erythromycin, etc.) is indicated, reduction of the budesonide dose should be considered."
Noncardioselective beta-blockers,guanfacine,effect,Moderate,1,"Noncardioselective beta-blockers (nadolol,porpranolol,timolol) may exacerbate rebound hypertension when guanfacine is withdrawn."
ergotamine,FROVA,advise,Moderate,1,"Due to a theoretical risk of a pharmacodynamic interaction, use of ergotamine-containing or ergot-type medications (like dihydroergotamine or methysergide) and FROVA within 24 hours of each other should be avoided (see  a href= frova_od.htm#CI CONTRAINDICATIONS)."
Etonogestrel,Fortovase,int,Low,1,"Etonogestrel may interact with the following medications: acetaminophen (Tylenol), antibiotics such as ampicillin and tetracycline, anticonvulsants (Dilantin, Phenobarbital, Tegretol, Trileptal, Topamax, Felbatol), antifungals (Gris-PEG, Nizoral, Sporanox), atorvastatin (Lipitor), clofibrate (Atromi"
Perhexiline hydrogen maleate,Bezalip retard,advise,Moderate,1,- Perhexiline hydrogen maleate or MAO-inhibitors (with hepatotoxic potential) must not be administered together with Bezalip or Bezalip retard.
DOSTINEX,metoclopramide,advise,Moderate,1,"DOSTINEX should not be administered concurrently with D2-antagonists, such as phenothiazines, butyrophenones, thioxanthines, or metoclopramide."
PRINIVIL,lithium,advise,Moderate,1,It is recommended that serum lithium levels be monitored frequently if PRINIVIL is administered concomitantly with lithium.
clonidine,anesthetics,effect,Moderate,1,"Epidural clonidine may prolong the duration of pharmacologic effects of epidural local anesthetics, including both sensory and motor blockade."
sodium bicarbonate,amphetamines,mechanism,High,1,"Alkalinizing agents: Gastrointestinal alkalinizing agents (sodium bicarbonate, etc.) increase absorption of amphetamines."
coumarin anticoagulants,nifedipine,effect,Moderate,1,Coumarin Anticoagulants: There have been rare reports of increased prothrombin time in patients taking coumarin anticoagulants to whom nifedipine was administered.
triamterene,dofetilide,advise,Moderate,1,"In addition, drugs that are actively secreted via this route (e.g., triamterene, metformin and amiloride) should be co-administered with care as they might increase dofetilide levels."
Mefloquine,anticoagulants,advise,Moderate,1,"Nevertheless, the effects of Mefloquine on travelers receiving comedication, particularly diabetics or patients using anticoagulants, should be checked before departure."
theophylline,erythromycin,effect,Moderate,2,Erythromycin use in patients who are receiving high doses of theophylline may be associated with an increase in serum theophylline levels and potential theophylline toxicity.
Clidinium,ketoconazole,effect,Moderate,1,"Clidinium may decrease the effect of phenothiazines, levodopa, and ketoconazole."
acetaminophen,alcohol,effect,Moderate,1,"Butalbital, acetaminophen and caffeine may enhance the effects of: other narcotic analgesics, alcohol, general anesthetics, tranquilizers such as chlordiazepoxide, sedative-hypnotics, or other CNS depressants, causing increased CNS depression."
Urinary acidifying agents,amphetamine,mechanism,High,1,"Urinary acidifying agents (ammonium chloride, sodium acid phosphate, etc.) increase the concentration of the ionized species of the amphetamine molecule, thereby increasing urinary excretion."
Amphetamines,phenobarbital,mechanism,High,2,Phenobarbital: Amphetamines may delay intestinal absorption of phenobarbital;
Trecator,antituberculous drugs,effect,Moderate,1,Trecator may potentiate the adverse effects of other antituberculous drugs administered concomitantly.
antianxiety agents,hydrocodone,effect,Moderate,1,"Patients receiving other narcotic analgesics, antipsychotics, antianxiety agents, or other CNS depressants (including alcohol) concomitantly with hydrocodone and acetaminophen tablets may exhibit an additive CNS depression."
celecoxib,fluconazole,mechanism,High,3,This increase is due to the inhibition of celecoxib metabolism via P450 2C9 by fluconazole (see CLINICAL PHARMACOLOGY - Pharmacokinetics: Metabolism).
dexamethasone,Aprepitant,mechanism,High,4,"Corticosteroids: Dexamethasone: Aprepitant, when given as a regimen of 125mg with dexamethasone coadministered orally as 20 mg on Day 1, and Aprepitant when given as 80 mg/day with dexamethasone coadministered orally as 8 mg on Days 2 through 5, increased the AUC of dexamethasone, a CYP3A4 substrate"
fexofenadine hydrochloride,Maalox,mechanism,High,1,Drug Interactions with Antacids Administration of 120 mg of fexofenadine hydrochloride (2 x 60 mg capsule) within 15 minutes of an aluminum and magnesium containing antacid (Maalox ) decreased fexofenadine AUC by 41% and cmax by 43%.
Probenecid,PAH,effect,Moderate,2,"Therefore, patients receiving probenecid will have erroneously low ERPF and Tm PAH values."
phenothiazines,APOKYN,effect,Moderate,1,"Dopamine Antagonists: Since apomorphine is a dopamine agonist, it is possible that dopamine antagonists, such as the neuroleptics (phenothiazines, butyrophenones, thioxanthenes) or metoclopramide, may diminish the effectiveness of APOKYN."
Etonogestrel,Kaletra,int,Low,1,"Etonogestrel may interact with the following medications: acetaminophen (Tylenol), antibiotics such as ampicillin and tetracycline, anticonvulsants (Dilantin, Phenobarbital, Tegretol, Trileptal, Topamax, Felbatol), antifungals (Gris-PEG, Nizoral, Sporanox), atorvastatin (Lipitor), clofibrate (Atromi"
diflunisal,coumarins,mechanism,High,1,This may occur because diflunisal competitively displaces coumarins from protein binding sites.
Ponstel,aspirin,advise,Moderate,1,"Aspirin: As with other NSAIDs, concomitant administration of Ponstel and aspirin is not generally recommended because of the potential of increased adverse effects."
nonsteroidal anti inflammatory drug,quinolone,effect,Moderate,1,Nonsteroidal Anti-inflammatory Drugs (NSAIDs): The concomitant administration of a nonsteroidal anti inflammatory drug with a quinolone may increase the risks of CNS stimulation and convulsions.
lansoprazole,ketoconazole,mechanism,High,1,"therefore, it is theoretically possible that lansoprazole may interfere with the absorption of drugs where gastric pH is an important determinant of bioavailability (e.g. ketoconazole, ampicillin esters, iron salts, digoxin)."
CCNU,misonidazole,mechanism,High,4,Misonidazole has a complex effect on oral CCNU pharmacokinetics.
phenytoin,corticosteroids,mechanism,High,4,"Hepatic Enzyme Inducers, Inhibitors and Substrates: Drugs which induce cytochrome P450 3A4 (CYP 3A4) enzyme activity (e.g., barbiturates, phenytoin, carbamazepine, rifampin) may enhance the metabolism of corticosteroids and require that the dosage of the corticosteroid be increased."
dextromethorphan hydrobromide,alcohol,effect,Moderate,1,"The use of dextromethorphan hydrobromide may result in additive CNS depressant effects when coadministered with alcohol, antihistamines, psychotropics or other drugs that produce CNS depression."
EQUETROTM,primidone,mechanism,High,2,"Agents with Increased Levels in the Presence of Carbamazepine: EQUETROTM increases the plasma levels of the following agents: Clomipramine HCl, Phenytoin(6), and primidone Thus, if a patient has been titrated to a stable dosage on one of the agents in this category, and then begins a course of the t"
Alcohol,aspirin,effect,Moderate,1,Alcohol: Has a synergistic effect with aspirin in causing gastrointestinal bleeding.
Chlorotrianisene,somatropin,int,Low,1,"Chlorotrianisene may interact with antidepressants, aspirin, barbiturates, bromocriptine, calcium supplements, corticosteroids, corticotropin, cyclosporine, dantrolene, nicotine, somatropin, tamoxifen, and warfarin."
rifampicin,erlotinib,mechanism,High,1,Pre-treatment with the CYP3A4 inducer rifampicin decreased erlotinib AUC by about 2/3.
Phospholine Iodide,succinylcholine,effect,Moderate,1,Phospholine Iodide potentiates other cholinesterase inhibitors such as succinylcholine or organophosphate and carbamate insecticides.
Multivitamins,norfloxacin,advise,Moderate,1,"Multivitamins, or other products containing iron or zinc, antacids or sucralfate should not be administered concomitantly with, or within 2 hours of, the administration of norfloxacin, because they may interfere with absorption resulting in lower serum and urine levels of norfloxacin."
dopamine HCl,halogenated hydrocarbon anesthetics,advise,Moderate,1,"Therefore, EXTREME CAUTION should be exercised when administering dopamine HCl to patients receiving cyclopropane or halogenated hydrocarbon anesthetics."
benzodiazepines,macrolide antibiotics,mechanism,High,1,"The following are examples of drugs known to inhibit the metabolism of other related benzodiazepines, presumably through inhibition of CYP3A: nefazodone, fluvoxamine, cimetidine, diltiazem, isoniazide, and some macrolide antibiotics."
quinolone class antimicrobial,fenbufen,effect,Moderate,1,Seizures have been reported in patients taking another quinolone class antimicrobial and the nonsteroidal anti-inflammatory drug fenbufen concurrently.
Orlistat,vitamin K,mechanism,High,1,Orlistat-Orlistat may decrease the absorption of vitamin K.
zalcitabine,metoclopramide,mechanism,High,1,Metoclopramide: Bioavailability is mildly reduced (approximately 10%) when zalcitabine and metoclopramide are coadministered.
miconazole,hypoglycemic agents,effect,Moderate,4,A potential interaction between oral miconazole and oral hypoglycemic agents leading to severe hypoglycemia has been reported.
anticoagulant,cimetidine,effect,Moderate,1,"Drugs that reportedly may increase oral anticoagulant response, ie, increased prothrombin response, in man include:alcohol*;allopurinol;aminosalicylic acid;amiodarone;anabolic steroids;antibiotics;bromelains;chloral hydrate*;chlorpropamide;chymotrypsin;cimetidine;cinchophen;clofibrate;dextran;dextro"
phenytoin,diazepam,mechanism,High,1,"The most commonly occurring drug interactions are listed below: - Drugs that may increase plasma phenytoin concentrations include: acute alcohol intake, amiodarone, chboramphenicol, chlordiazepoxide, cimetidine, diazepam, dicumarol, disulfiram, estrogens, ethosuximide, fluoxetine, H2-antagonists, ha"
ATROVENT,anticholinergic,advise,Moderate,1,Caution is therefore advised in the coadministration of ATROVENT Inhalation Aerosol with other anticholinergic-containing drugs.
Neuroleptic Drugs,L-phenylalanine,effect,Moderate,1,Neuroleptic Drugs - L-phenylalanine may potentiate the tardive dyskinesia side reactions of neuroleptic drugs if used concomitantly with them.
erythromycin,digoxin,mechanism,High,3,"Erythromycin and clarithromycin (and possibly other macrolide antibiotics) and tetracycline may increase digoxin absorption in patients who inactivate digoxin by bacterial metabolism in the lower intestine, so that digitalis intoxication may result."
vitamin C,synthetic estrogens,mechanism,High,1,"Ascorbic acid: Doses of ascorbic acid (vitamin C) 1 g/day have been reported to increase plasma concentration of synthetic estrogens by ~47%, possibly by inhibiting conjugation;"
Beta-adrenergic blocking agents,arbutamine,advise,Moderate,1,Beta-adrenergic blocking agents should be withdrawn at least 48 hours before conducting an arbutamine-mediated stress test.
Lodine,furosemide,effect,Moderate,1,"Nevertheless, clinical studies, as well as postmarketing observations have shown that Lodine can reduce the natriuretic effect of furosemide and thiazides in some patients."
TRISENOX,thioridazine,advise,Moderate,1,Caution is advised when TRISENOX is coadministered with other medications that can prolong the QT interval (e.g. certain antiarrhythmics or thioridazine) or lead to electrolyte abnormalities (such as diuretics or amphotericin B).
Antihistamines,hypnotics,effect,Moderate,1,"Antihistamines may have additive effects with alcohol and other CNS depressants, e.g., hypnotics, sedatives, tranquilizers, antianxiety agents."
fluvoxamine,astemizole,advise,Moderate,1,"Consequently, it is recommended that fluvoxamine not be used in combination with either terbinafine, astemizole, or cisapride."
Aprepitant,S(-) warfarin,mechanism,High,1,"Aprepitant has been shown to induce the metabolism of S(-) warfarin and tolbutamide, which are metabolized through CYP2C9."
Naproxen,methotrexate,advise,Moderate,2,Caution should be used if naproxen is administered concomitantly with methotrexate.
desipramine,chlordiazepoxide,effect,Moderate,1,"If desipramine hydrochloride is to be combined with other psychotropic agents such as tranquilizers or sedative/hypnotics, careful consideration should be given to the pharmacology of the agents employed since the sedative effects of desipramine and benzodiazepines (e.g., chlordiazepoxide or diazepa"
dipyrone,aspirin,effect,Moderate,1,"Pyrazolone Derivatives (phenylbutazone, oxyphenbutazone, and possibly dipyrone): Concomitant administration with aspirin may increase the risk of gastrointestinal ulceration."
clonidine,calcium channel blockers,advise,Moderate,1,"Also, due to the potential for additive effects such as bradycardia and AV block, caution is warranted in patients receiving clonidine with agents known to affect sinus node function or AV nodal conduction (e.g., digitalis, calcium channel blockers, and beta-blockers.)"
Chlorthalidone,antihypertensive drugs,effect,Moderate,1,Chlorthalidone may add to or potentiate the action of other antihypertensive drugs.
sodium acid phosphate,amphetamine,mechanism,High,2,"Urinary acidifying agents (ammonium chloride, sodium acid phosphate, etc.) increase the concentration of the ionized species of the amphetamine molecule, thereby increasing urinary excretion."
clarithromycin,digoxin,mechanism,High,1,"Erythromycin and clarithromycin (and possibly other macrolide antibiotics) and tetracycline may increase digoxin absorption in patients who inactivate digoxin by bacterial metabolism in the lower intestine, so that digitalis intoxication may result."
TCAs,guanfacine,effect,Moderate,1,TCAs decrease the hypotensive effect of guanfacine.
levothyroxine sodium,androgens,mechanism,High,1,"Binding to Serum Proteins: The following agents may either inhibit levothyroxine sodium binding to serum proteins or alter the concentrations of serum binding proteins: androgens and related anabolic hormones, asparaginase, clofibrate, estrogens and estrogen-containing compounds, 5-fluorouracil, fur"
Cyclophosphamide,succinylcholine chloride,effect,Moderate,1,"Cyclophosphamide treatment, which causes a marked and persistent inhibition of cholinesterase activity, potentiates the effect of succinylcholine chloride."
halothane,NUROMAX,mechanism,High,1,"Isoflurane, enflurane, and halothane decrease the ED50 of NUROMAX by 30% to 45%."
theophylline,quinolone,mechanism,High,3,Elevated plasma levels of theophylline have been reported with concomitant quinolone use.
phenytoin,vitamin D,effect,Moderate,1,"- Drugs whose efficacy is impaired by phenytoin include: anticoagulants, corticosteroids, coumarin, digitoxin, doxycycline, estrogens, furosemide, oral contraceptives, rifampin, quinidine, theophylline, vitamin D."
Aprepitant,midazolam,mechanism,High,4,Aprepitant increased the AUC of midazolam by 25% on Day 4 and decreased the AUC of midazolam by 19% on Day 8 relative to the dosing of Aprepitant on Days 1 through 3.
norepinephrine,Bretylium Tosylate,effect,Moderate,1,The pressor effects of catecholamines such as dopamine or norepinephrine are enhanced by Bretylium Tosylate.
levothyroxine sodium,ketamine,effect,Moderate,1,Ketamine: Marked hypertension and tachycardia have been reported in association with concomitant administration of levothyroxine sodium and ketamine.
Fosinopril sodium,thiazide diuretics,effect,Moderate,1,Potassium Supplements and Potassium-Sparing Diuretics: Fosinopril sodium can attenuate potassium loss caused by thiazide diuretics.
REVIA,disulfiram,effect,Moderate,1,"The safety and efficacy of concomitant use of REVIA and disulfiram is unknown, and the concomitant use of two potentially hepatotoxic medications is not ordinarily recommended unless the probable benefits outweigh the known risks."
Etonogestrel,acetaminophen,int,Low,1,"Etonogestrel may interact with the following medications: acetaminophen (Tylenol), antibiotics such as ampicillin and tetracycline, anticonvulsants (Dilantin, Phenobarbital, Tegretol, Trileptal, Topamax, Felbatol), antifungals (Gris-PEG, Nizoral, Sporanox), atorvastatin (Lipitor), clofibrate (Atromi"
lansoprazole,iron,mechanism,High,1,"therefore, it is theoretically possible that lansoprazole may interfere with the absorption of drugs where gastric pH is an important determinant of bioavailability (e.g. ketoconazole, ampicillin esters, iron salts, digoxin)."
calcium,L-lysine,mechanism,High,1,Concomitant use of calcium supplements and L-lysine may increase calcium absorption
hydrochloroquine,anticoagulants,effect,Moderate,1,"Drugs that reduce the number of blood platelets by causing bone marrow depression (such as antineoplastic agents) or drugs which inhibit platelet function (eg, aspirin and other non-steroidal anti-inflammatory drugs, dipyridamole, hydrochloroquine, clofibrate, dextran) may increase the bleeding tend"
cinacalcet,amitriptyline,mechanism,High,1,Amitriptyline: Concurrent administration of 25 mg or 100 mg cinacalcet with 50 mg amitriptyline increased amitriptyline exposure and nortriptyline (active metabolite) exposure by approximately 20% in CYP2D6 extensive metabolizers.
Etonogestrel,Gris-PEG,int,Low,1,"Etonogestrel may interact with the following medications: acetaminophen (Tylenol), antibiotics such as ampicillin and tetracycline, anticonvulsants (Dilantin, Phenobarbital, Tegretol, Trileptal, Topamax, Felbatol), antifungals (Gris-PEG, Nizoral, Sporanox), atorvastatin (Lipitor), clofibrate (Atromi"
cisapride,SPRYCEL,advise,Moderate,1,"Therefore, CYP3A4 substrates known to have a narrow therapeutic index such as alfentanil, astemizole, terfenadine, cisapride, cyclosporine, fentanyl, pimozide, quinidine, sirolimus, tacrolimus, or ergot alkaloids (ergotamine, dihydroergotamine) should be administered with caution in patients receivi"
Bezalip,cholestryramine,advise,Moderate,1,"- When Bezalip or Bezalip retard is used concurrently with anion-exchange resins (e.g. cholestryramine), an interval of at least 2 hours should be maintained between the two medicines, since the absorption of Bezalip or Bezalip retard is impaired"
HYDROXYZINE,NARCOTICS,effect,Moderate,1,"THE POTENTIATING ACTION OF HYDROXYZINE MUST BE CONSIDERED WHEN THE DRUG IS USED IN CONJUNCTION WITH CENTRAL NERVOUS SYSTEM DEPRESSANTS SUCH AS NARCOTICS, NON-NARCOTIC ANALGESICS AND BARBITURATES."
phenytoin,aspirin,effect,Moderate,1,Phenytoin: Serum phenytoin levels may be increased by aspirin.
ADL 8-2698,morphine,effect,Moderate,3,Morphine prolonged gastrointestinal transit time from 69 to 103 minutes (P = .005); this was prevented by ADL 8-2698 (P = .004).
tacrolimus,SPRYCEL,advise,Moderate,1,"Therefore, CYP3A4 substrates known to have a narrow therapeutic index such as alfentanil, astemizole, terfenadine, cisapride, cyclosporine, fentanyl, pimozide, quinidine, sirolimus, tacrolimus, or ergot alkaloids (ergotamine, dihydroergotamine) should be administered with caution in patients receivi"
isoflurane,NIMBEX,effect,Moderate,3,Isoflurane or enflurane administered with nitrous oxide/oxygen to achieve 1.25 MAC [Minimum Alveolar Concentration] may prolong the clinically effective duration of action of initial and maintenance doses of NIMBEX and decrease the required infusion rate of NIMBEX.
tricyclic antidepressants,CMI,effect,Moderate,1,"Several tricyclic antidepressants have been reported to block the pharmacologic effects of guanethidine, clonidine, or similar agents, and such an effect may be anticipated with CMI because of its structural similarity to other tricyclic antidepressants."
benzodiazepines,cimetidine,mechanism,High,1,"The following are examples of drugs known to inhibit the metabolism of other related benzodiazepines, presumably through inhibition of CYP3A: nefazodone, fluvoxamine, cimetidine, diltiazem, isoniazide, and some macrolide antibiotics."
nitroglycerin,INOmax,effect,Moderate,1,"Although there are no study data to evaluate the possibility, nitric oxide donor compounds, including sodium nitroprusside and nitroglycerin, may have an additive effect with INOmax on the risk of developing methemoglobinemia."
quinine,TIKOSYN,advise,Moderate,1,"Inhibitors of this isoenzyme (e.g., macrolide antibiotics, azole antifungal agents, protease inhibitors, serotonin reuptake inhibitors, amiodarone, cannabinoids, diltiazem, grapefruit juice, nefazadone, norfloxacin, quinine, zafirlukast) should be cautiously coadministered with TIKOSYN as they can p"
enalapril,diuretics,effect,Moderate,3,"Hypotension: Patients on Diuretic Therapy: Patients on diuretics and especially those in whom diuretic therapy was recently instituted, may occasionally experience an excessive reduction of blood pressure after initiation of therapy with enalapril or enalaprilat."
azithromycin,rifabutin,mechanism,High,1,"When used in therapeutic doses, azithromycin had a modest effect on the pharmacokinetics of atorvastatin, carbamazepine, cetirizine, didanosine, efavirenz, fluconazole, indinavir, midazolam, rifabutin, sildenafil, theophylline (intravenous and oral), triazolam, trimethoprim/sulfamethoxazole or zidov"
NSAIDs,Starlix,effect,Moderate,1,"Certain drugs, including nonsteroidal anti-inflammatory agents (NSAIDs), salicylates, monoamine oxidase inhibitors, and non-selective beta-adrenergic-blocking agents may potentiate the hypoglycemic action of Starlix and other oral antidiabetic drugs."
diltiazem,lovastatin,mechanism,High,1,"In a ten-subject study, coadministration of diltiazem (120 mg bid) with lovastatin resulted in a 3-4 times increase in mean lovastatin AUC and Cmax vs. lovastatin alone;"
Valdecoxib,lithium,mechanism,High,1,Lithium: Valdecoxib 40 mg BID for 7 days produced significant decreases in lithium serum clearance (25%) and renal clearance (30%) with a 34% higher serum exposure compared to lithium alone.
Nabilone,CNS depressants,advise,Moderate,1,"Nabilone should be administered with caution to patients who are taking other psychoactive drugs or CNS depressants, including alcohol, barbiturates and narcotic analgesics, or to those with a history of psychiatric disorder (including manic-depressive illness and schizophrenia)."
Lodine,methotrexate,mechanism,High,1,"Cyclosporine, Digoxin, Methotrexate Lodine, like other NSAIDs, through effects on renal prostaglandins, may cause changes in the elimination of these drugs leading to elevated serum levels of cyclosporine, digoxin, methotrexate, and increased toxicity."
PEGANONE,coumarin anticoagulants,advise,Moderate,1,Caution is therefore advised when administering PEGANONE to patients receiving coumarin anticoagulants.
tetracyclines,penicillin,advise,Moderate,1,"Since bacteriostatic drugs may interfere with the bactericidal action of penicillin, it is advisable to avoid giving tetracyclines in conjunction with penicillin."
hormonal contraceptives,morphine,mechanism,High,1,Morphine: Combination hormonal contraceptives may increase the clearance of morphine.
COUMARIN ANTICOAGULANTS,TRICOR,advise,Moderate,1,Oral Anticoagulants CAUTION SHOULD BE EXERCISED WHEN COUMARIN ANTICOAGULANTS ARE GIVEN IN CONJUNCTION WITH TRICOR.
benzodiazepine class,thioxanthene classes of antipsychotic agents,effect,Moderate,1,"Pharmacodynamic Interactions: The CNS-depressant action of the benzodiazepine class of drugs may be potentiated by alcohol, narcotics, barbiturates, nonbarbiturate hypnotics, antianxiety agents, the phenothiazines, thioxanthene and butyrophenone classes of antipsychotic agents, monoamine oxidase inh"
ALPHAGAN P,CNS depressants,advise,Moderate,1,"Although specific drug interaction studies have not been conducted with ALPHAGAN P, the possibility of an additive or potentiating effect with CNS depressants (alcohol, barbiturates, opiates, sedatives, or anesthetics) should be considered."
ciprofloxacin,calcium,mechanism,High,2,"Multivalent Cation-Containing Products: Concurrent administration of a quinolone, including ciprofloxacin, with multivalent cation-containing products such as magnesium or aluminum antacids, sucralfate, VIDEX chewable/buffered tablets or pediatric powder, or products containing calcium, iron, or zin"
phenytoin,coumarin,mechanism,High,2,"Presumably, phenytoin acts as a stimulator of coumarin metabolism and has been reported to cause decreased serum levels of the coumarin anticoagulants and increased prothrombin-proconvertin concentrations."
Fe,cobalt,mechanism,High,1,The lower rate of absorption in the groups receiving 446 mg Fe instead of 48 mg of Fe per kg diet resulted in a decreased renal excretion of cobalt.
benzodiazepines,antidepressants,effect,Moderate,2,"The actions of the benzodiazepines may be potentiated by barbiturates, narcotics, phenothiazines, monoamine oxidase inhibitors or other antidepressants."
Propranolol,nisoldipine,effect,Moderate,1,Propranolol attenuated the heart rate increase following administration of immediate release nisoldipine.
chlorothiazide,non-steroidal anti-inflammatory agents,advise,Moderate,1,"Therefore, when chlorothiazide and non-steroidal anti-inflammatory agents are used concomitantly, the patient should be observed closely to determine if the desired effect of the diuretic is obtained"
acetazolamide,amphetamine,mechanism,High,2,Acetazolamide decreases urinary excretion of amphetamine and may enhance the magnitude and duration of their effect.
Haloperidol,(+)-NANM,effect,Moderate,1,"Haloperidol reduced or eliminated the increases in FI responding produced by intermediate doses of either (+)-NANM or PCP in pigeons, but did not antagonize the decreases in FI or FR responding produced by high doses of PCP or either stereoisomer of NANM."
bosentan,glyburide,mechanism,High,1,Co-administration of bosentan decreased the plasma concentrations of glyburide by approximately 40%.
calcium channel blockers,Nimotop,effect,Moderate,1,It is possible that the cardiovascular action of other calcium channel blockers could be enhanced by the addition of Nimotop .
estazolam,phenytoin,mechanism,High,1,"While no in vivo drug-drug interaction studies were conducted between estazolam and inducers of CYP3A, compounds that are potent CYP3A inducers (such as carbamazepine, phenytoin, rifampin, and barbiturates) would be expected to decrease estazolam concentrations."
sodium nitroprusside,ganglionic blocking agents,effect,Moderate,1,"The hypotensive effect of sodium nitroprusside is augmented by that of most other hypotensive drugs, including ganglionic blocking agents, negative inotropic agents, and inhaled anesthetics."
Amitriptyline,clonidine,effect,Moderate,1,"Amitriptyline in combination with clonidine enhances the manifestation of corneal lesions in rats Epidural Injection Clonidine may potentiate the CNS-depressive effect of alcohol, barbiturates or other sedating drugs."
iron,norfloxacin,advise,Moderate,1,"Multivitamins, or other products containing iron or zinc, antacids or sucralfate should not be administered concomitantly with, or within 2 hours of, the administration of norfloxacin, because they may interfere with absorption resulting in lower serum and urine levels of norfloxacin."
hydantoin antiepileptic,phenytoin,int,Low,1,"A two-way interaction between the hydantoin antiepileptic, phenytoin, and the coumarin anticoagulants has been suggested."
iron,FACTIVE,advise,Moderate,1,"Magnesium- and/or aluminum-containing antacids, products containing ferrous sulfate (iron), multivitamin preparations containing zinc or other metal cations, or Videx (didanosine) chewable/buffered tablets or the pediatric powder for oral solution should not be taken within 3 hours before or 2 hours"
Mefloquine,quinine,effect,Moderate,1,"Concomitant administration of Mefloquine and other related compounds (eg, quinine, quinidine and chloroquine) may produce electrocardiographic abnormalities and increase the risk of convulsions."
Aprepitant,ketoconazole,mechanism,High,2,"Ketoconazole: When a single 125-mg dose of Aprepitant was administered on Day5 of a 10-day regimen of 400 mg/day of ketoconazole, a strong CYP3A4 inhibitor, the AUC of aprepitant increased approximately 5-fold and the mean terminal half-life of aprepitant increased approximately 3-fold."
selegiline hydrochloride,fluoxetine,effect,Moderate,1,"In patients receiving nonselective monoamine oxidase inhibitors (MAOIs) (e.g., selegiline hydrochloride) in combination with serotoninergic agents (e.g., fluoxetine, fluvoxamine, paroxetine, sertraline, venlafaxine), there have been reports of serious, sometimes fatal, reactions."
ZYVOX,sympathomimetic agents,effect,Moderate,1,"Adrenergic Agents:Some individuals receiving ZYVOX may experience a reversible enhancement of the pressor response to indirect-acting sympathomimetic agents, vasopressor or dopaminergic agents."
Tricyclic antidepressants,clonidine,effect,Moderate,4,Tricyclic antidepressants may antagonize the hypotensive effects of clonidine.
fluoxetine,sumatriptan,advise,Moderate,2,"If concomitant treatment with sumatriptan and an SSRI (e.g., fluoxetine, fluvoxamine, paroxetine, sertraline, citalopram, escitalopram) is clinically warranted, appropriate observation of the patient is advised."
Warfarin,Meclofenamate sodium,advise,Moderate,2,"Therefore, when meclofenamate sodium is given to a patient receiving warfarin, the dosage of warfarin should be reduced to prevent excessive prolongation of the prothrombin time."
antihypertensives,PROLEUKIN,effect,Moderate,1,"Although glucocorticoids have been shown to reduce PROLEUKIN-induced side effects including fever, renal insufficiency, hyperbilirubinemia, confusion, and dyspnea, concomitant administration of these agents with PROLEUKIN may reduce the antitumor effectiveness of PROLEUKIN and thus should be avoided"
Acamprosate,antidepressants,effect,Moderate,1,"Patients taking Acamprosate concomitantly with antidepressants more commonly reported both weight gain and weight loss, compared with patients taking either medication alone."
monoamine oxidase inhibitors,Starlix,effect,Moderate,1,"Certain drugs, including nonsteroidal anti-inflammatory agents (NSAIDs), salicylates, monoamine oxidase inhibitors, and non-selective beta-adrenergic-blocking agents may potentiate the hypoglycemic action of Starlix and other oral antidiabetic drugs."
azole antifungal agents,TIKOSYN,advise,Moderate,1,"Inhibitors of this isoenzyme (e.g., macrolide antibiotics, azole antifungal agents, protease inhibitors, serotonin reuptake inhibitors, amiodarone, cannabinoids, diltiazem, grapefruit juice, nefazadone, norfloxacin, quinine, zafirlukast) should be cautiously coadministered with TIKOSYN as they can p"
Estrogen,ARIMIDEX,advise,Moderate,1,Estrogen-containing therapies should not be used with ARIMIDEX as they may diminish its pharmacologic action.
Tadalafil,indinavir,advise,Moderate,1,Tadalafil dose should not exceed a maximum of 10 mg in a 72- hour period in patients receiving concomitant indinavir therapy.
INDOCIN,lithium,advise,Moderate,2,"As a consequence, when INDOCIN and lithium are given concomitantly, the patient should be carefully observed for signs of lithium toxicity."
FACTIVE,contraceptive,mechanism,High,1,"Concomitant administration of FACTIVE and calcium carbonate, cimetidine, omeprazole, or an estrogen/progesterone oral contraceptive produced minor changes in the pharmacokinetics of gemifloxacin, which were considered to be without clinical significance."
flurbiprofen,hypoglycemic agents,effect,Moderate,1,"Although there was a slight reduction in blood sugar concentrations during concomitant administration of flurbiprofen and hypoglycemic agents, there were no signs or symptoms of hypoglycemia."
EQUETROTM,theophylline,mechanism,High,2,"Agents that are CYP inducers that have been found, or are expected, to decrease plasma levels of EQUETROTM are the following: Cisplatin, doxorubicin HCL, felbamate, rifampin, phenobarbital, Phenytoin(2), primidone, methsuximide, and theophylline Thus, if a patient has been titrated to a stable dosag"
Itraconazole,quinidine,effect,Moderate,1,Tinnitus and decreased hearing have been reported in patients concomitantly receiving Itraconazole and quinidine.
ouabain,droperidol,effect,Moderate,1,"Ventricular tachycardia induced by ouabain was generally converted to sinus rhythm following administration of Innovar, ketamine, or droperidol but not after administration of fentayl alone or after pentobarbital."
ergotamine,antibiotics,effect,Moderate,1,Vasospastic reactions have been reported with therapeutic doses of ergotamine-containing drugs when co-administered with these antibiotics.
diphenidol,apomorphine,effect,Moderate,1,apomorphine - prior ingestion of diphenidol may decrease the emetic response to apomorphine in the treatment of poisoning.
tetracycline,Penthrane,effect,Moderate,1,The concurrent use of tetracycline and Penthrane (methoxyflurane) has been reported to result in fatal renal toxicity.
retinyl acetate,insulin,effect,Moderate,4,"However, retinyl acetate stimulated, but did not significantly inhibit, proliferation in the presence of insulin."
tubocurarine,Coly-Mycin M,effect,Moderate,1,"Curariform muscle relaxants (eg, tubocurarine) and other drugs, including ether, succinylcholine, gallamine, decamethonium and sodium citrate, potentiate the neuromuscular blocking effect and should be used with extreme caution in patients being treated with Coly-Mycin M Parenteral."
fluvoxamine,cisapride,advise,Moderate,1,"Consequently, it is recommended that fluvoxamine not be used in combination with either terbinafine, astemizole, or cisapride."
Etonogestrel,Kadian,int,Low,1,"Etonogestrel may interact with the following medications: acetaminophen (Tylenol), antibiotics such as ampicillin and tetracycline, anticonvulsants (Dilantin, Phenobarbital, Tegretol, Trileptal, Topamax, Felbatol), antifungals (Gris-PEG, Nizoral, Sporanox), atorvastatin (Lipitor), clofibrate (Atromi"
oxytocics,dinoprost,effect,Moderate,1,"Oxytocin or other oxytocics (concurrent use with dinoprost may result in uterine hypertonus, possibly causing uterine rupture or cervical laceration, especially in the absence of adequate cervical dilatation;"
labetalol HCl,tricyclic antidepressants,effect,Moderate,1,"In one survey, 2.3% of patients taking labetalol HCl in combination with tricyclic antidepressants experienced tremor, as compared to 0.7% reported to occur with labetalol HCl alone."
SSRIs,5-HT1 agonists,effect,Moderate,3,"SSRIs: Weakness hyperreflexia, and incoordination have been reported rarely when 5-HT1 agonists have been co-administered with SSRIs (e. g."
erythromycin,dihydroergotamine,effect,Moderate,2,Concurrent use of erythromycin and ergotamine or dihydroergotamine has been associated in some patients with acute ergot toxicity characterized by severe peripheral vasospasm and dysesthesia.
tricyclic antidepressants,phenothiazines,advise,Moderate,1,"Therefore, co-administration of tricyclic antidepressants with other drugs that are metabolized by this isoenzyme, including other antidepressants, phenothiazines, carbamazepine, and Type 1C antiarrhythmics (eg, propafenone, flecainide, and encainide), or that inhibit this enzyme (eg, quinidine), sh"
interferon-alfa,PROLEUKIN,effect,Moderate,3,"Hypersensitivity reactions have been reported in patients receiving combination regimens containing sequential high dose PROLEUKIN and antineoplastic agents, specifically, dacarbazine, cis-platinum, tamoxifen and interferon-alfa."
diclofenac,salicylic acid,mechanism,High,1,"Protein Binding In vitro, diclofenac interferes minimally or not at all with the protein binding of salicylic acid (20% decrease in binding), tolbutamide, prednisolone (10% decrease in binding), or warfarin."
carbamazepine,escitalopram,mechanism,High,1,"Although trough citalopram plasma levels were unaffected, given the enzyme-inducing properties of carbamazepine, the possibility that carbamazepine might increase the clearance of escitalopram should be considered if the two drugs are coadministered."
Anagrelide,aspirin,effect,Moderate,1,"Anagrelide alone had no effect on platelet aggregation, but did slightly enhance the inhibition of platelet aggregation by aspirin."
steroids,adrenergic agonists,effect,Moderate,1,"Concomitant treatment with methylxanthines (aminophylline, theophylline), steroids, or diuretics may potentiate any hypokalemic effect of adrenergic agonists."
clozapine,quinidine,advise,Moderate,1,"Therefore, co-administration of clozapine with other drugs that are metabolized by this isozyme, including antidepressants, phenothiazines, carbamazepine, and Type 1C antiarrhythmics (e.g., propafenone, flecainide and encainide), or that inhibit this enzyme (e.g., quinidine), should be approached wi"
Chloral hydrate,anticoagulant,effect,Moderate,3,"Drugs that have been reported to diminish oral anticoagulant response, ie, decreased prothrom-bin time response, in man significantly include: adrenocortical steroids;alcohol*;antacids;antihistamines;barbiturates;carbamazepine;chloral hydrate*;chlordiazepoxide;cholestyramine;diet high in vitamin K;d"
VISTIDE,vancomycin,advise,Moderate,1,"Nephrotoxic agents : Concomitant administration of VISTIDE and agents with nephrotoxic potential [e.g., intravenous aminoglycosides (e.g., tobramycin, gentamicin, and amikacin), amphotericin B, foscarnet, intravenous pentamidine, vancomycin, and non-steroidal anti-inflammatory agents] is contraindic"
isoniazid,levodopa,effect,Moderate,1,"Dopamine D2 receptor antagonists (e.g., phenothiazines, butyrophenones, risperidone) and isoniazid may reduce the therapeutic effects of levodopa."
calcium channel blockers,organic nitrates,effect,Moderate,1,Marked symptomatic orthostatic hypotension has been reported when calcium channel blockers and organic nitrates were used in combination.
Bentiromide,PABA,int,Low,1,"Bentiromide may interact with acetaminophen (e.g., Tylenol), chloramphenicol (e.g., Chloromycetin), local anesthetics (e.g., benzocaine and lidocaine), para-aminobenzoic acid (PABA)-containing preparations (e.g., sunscreens and some multivitamins), procainamide (e.g., Pronestyl), sulfonamides (sulfa"
chlorpromazine,antiparkinsonian drug,effect,Moderate,1,"The concurrent use of two or more drugs with anticholinergic activity--such as an antipsychotic drug (eg, chlorpromazine), an antiparkinsonian drug (eg, trihexyphenidyl), and/or a tricyclic antidepressant (eg, amitriptyline)--commonly results in excessive anticholinergic effects, including dry mouth"
dobutamine,nitroprusside,effect,Moderate,1,"Preliminary studies indicate that the concomitant use of dobutamine and nitroprusside results in a higher cardiac output and, usually, a lower pulmonary wedge pressure than when either drug is used alone."
thiazides,Starlix,effect,Moderate,1,"Certain drugs including thiazides, corticosteroids, thyroid products, and sympathomimetics may reduce the hypoglycemic action of Starlix and other oral antidiabetic drugs."
Quinolones,anticoagulants,effect,Moderate,2,"Quinolones, including cinoxacin, may enhance the effects of oral anticoagulants, such as warfarin or its derivatives."
digoxin,FLOLAN,mechanism,High,2,"However, patients on digoxin may show elevations of digoxin concentrations after initiation of therapy with FLOLAN, which may be clinically significant in patients prone to digoxin toxicity."
famotidine,dasatinib,effect,Moderate,1,"H2 Blockers/Proton Pump Inhibitors: Long-term suppression of gastric acid secretion by H2 blockers or proton pump inhibitors (eg, famotidine and omeprazole) is likely to reduce dasatinib exposure."
Aspirin,nonsteroidal anti-inflammatory,advise,Moderate,1,Nonsteroidal Antiinflammatory Agents: Aspirin is contraindicated in patients who are hypersensitive to nonsteroidal anti-inflammatory agents.
teniposide,TAXOL,advise,Moderate,1,"Hypersensitivity Reactions: Patients with a history of severe hypersensitivity reactions to products containing Cremophor  EL (eg, cyclosporin for injection concentrate and teniposide for injection concentrate) should not be treated with TAXOL."
trovafloxacin,opiate,mechanism,High,1,Previous studies have demonstrated a significant reduction in the oral bioavailability of trovafloxacin and ciprofloxacin when administered concomitantly with an intravenous opiate such as morphine.
nonsteroidal anti-inflammatory drugs,methotrexate,mechanism,High,3,Nonsteroidal anti-inflammatory drugs have been reported to decrease the tubular secretion of methotrexate and to potentiate its toxicity.
apomorphine,alosetron,advise,Moderate,1,"5HT3 Antagonists: Based on reports of profound hypotension and loss of consciousness when apomorphine was administered with ondansetron, the concomitant use of apomorphine with drugs of the 5HT3 antagonist class (including, for example, ondansetron, granisetron, dolasetron, palonosetron, and alosetr"
REVIA,opioid,effect,Moderate,2,"In an emergency situation when opioid analgesia must be administered to a patient receiving REVIA, the amount of opioid required may be greater than usual, and the resulting respiratory depression may be deeper and more prolonged."
anakinra,HUMIRA,effect,Moderate,1,"Therefore the, combination of anakinra with other TNF-blocking agents, including HUMIRA, may also result i n similar toxicities."
fluconazole,glipizide,mechanism,High,2,The mean percentage increase in the glipizide AUC after fluconazole administration was 56.9% (range: 35 to 81).
anticoagulant,naproxen,effect,Moderate,1,"Drugs that reportedly may increase oral anticoagulant response, ie, increased prothrombin response, in man include:alcohol*;allopurinol;aminosalicylic acid;amiodarone;anabolic steroids;antibiotics;bromelains;chloral hydrate*;chlorpropamide;chymotrypsin;cimetidine;cinchophen;clofibrate;dextran;dextro"
INH,ketoconazole,mechanism,High,1,INH (Isoniazid) is also reported to affect ketoconazole concentrations adversely.
anticoagulant,warfarin sodium,effect,Moderate,2,"Drugs that reportedly may increase oral anticoagulant response, ie, increased prothrombin response, in man include:alcohol*;allopurinol;aminosalicylic acid;amiodarone;anabolic steroids;antibiotics;bromelains;chloral hydrate*;chlorpropamide;chymotrypsin;cimetidine;cinchophen;clofibrate;dextran;dextro"
thyroid products,Starlix,effect,Moderate,1,"Certain drugs including thiazides, corticosteroids, thyroid products, and sympathomimetics may reduce the hypoglycemic action of Starlix and other oral antidiabetic drugs."
Chlorotrianisene,barbiturates,int,Low,1,"Chlorotrianisene may interact with antidepressants, aspirin, barbiturates, bromocriptine, calcium supplements, corticosteroids, corticotropin, cyclosporine, dantrolene, nicotine, somatropin, tamoxifen, and warfarin."
Mefloquine,calcium channel blockers,effect,Moderate,1,"This appears to be the only clinically relevant interaction of this kind with Mefloquine, although theoretically, coadministration of other drugs known to alter cardiac conduction (eg, anti-arrhythmic or beta-adrenergic blocking agents, calcium channel blockers, antihistamines or H1-blocking agents,"
TORADOL,thiothixene,effect,Moderate,1,"Psychoactive Drugs: Hallucinations have been reported when TORADOL was used in patients taking psychoactive drugs (fluoxetine, thiothixene, alprazolam)."
beta-adrenoceptor blocking agents,INDOCIN,effect,Moderate,1,Blunting of the antihypertensive effect of beta-adrenoceptor blocking agents by non-steroidal antiinflammatory drugs including INDOCIN has been reported.
anticoagulant,Tagamet,advise,Moderate,1,"therefore, close monitoring of prothrombin time is recommended, and adjustment of the anticoagulant dose may be necessary when Tagamet is administered concomitantly."
alcohol,vitamin B12,mechanism,High,1,Colchicine para-aminosalicylic acid and heavy alcohol intake for longer than 2 weeks may produce malabsorption of vitamin B12.
alprazolam,paroxetine,int,Low,1,Data from in vitro studies of alprazolam suggest a possible drug interaction with alprazolam for the following: sertraline and paroxetine.
benzodiazepines,alcohol,effect,Moderate,2,"The action of the benzodiazepines may be potentiated by anticonvulsants, antihistamines, alcohol, barbiturates, monoamine oxidase inhibitors, narcotics, phenothiazines, psychotropic medications, or other drugs that produce CNS depression."
L-glutamine,indomethacin,effect,Moderate,1,Indomethacin - Concomitant use of L-glutamine and indomethacin may ameliorate increased intestinal permeability caused by indomethacin.
EQUETROTM,propoxyphene,mechanism,High,1,"Agents that are CYP3A4 inhibitors that have been found, or are expected, to increase plasma levels of EQUETROTM are the following: Acetazolamide, azole antifungals, cimetidine, clarithromycin(1), dalfopristin, danazol, delavirdine, diltiazem, erythromycin(1), fluoxetine, fluvoxamine, grapefruit juic"
anticholinergic,antipsychotics,effect,Moderate,1,"Drug Interactions: The central anticholinergic syndrome can occur when anticholinergic agents such as AKINETON are administered concomitantly with drugs that have secondary anticholinergic actions, e.g., certain narcotic analgesics such as meperidine, the phenothiazines and other antipsychotics, tri"
nondepolarizing agents,lincomycin,effect,Moderate,2,"Other drugs which may enhance the neuromuscular blocking action of nondepolarizing agents such as NIMBEX include certain antibiotics (e. g., aminoglycosides, tetracyclines, bacitracin, polymyxins, lincomycin, clindamycin, colistin, and sodium colistemethate), magnesium salts, lithium, local anesthet"
doxorubicin,PROLEUKIN,effect,Moderate,1,"Concurrent administration of drugs possessing nephrotoxic (e.g., aminoglycosides, indomethacin), myelotoxic (e.g., cytotoxic chemotherapy), cardiotoxic (e.g., doxorubicin) or hepatotoxic (e.g., methotrexate, asparaginase) effects with PROLEUKIN may increase toxicity in these organ systems."
STRATTERA,paroxetine,advise,Moderate,1,"Dosage adjustment of STRATTERA may be necessary when coadministered with CYP2D6 inhibitors, e.g., paroxetine, fluoxetine, and quinidine."
quinolone,VIDEX,mechanism,High,1,"Multivalent Cation-Containing Products: Concurrent administration of a quinolone, including ciprofloxacin, with multivalent cation-containing products such as magnesium or aluminum antacids, sucralfate, VIDEX chewable/buffered tablets or pediatric powder, or products containing calcium, iron, or zin"
SPRYCEL,ritonavir,mechanism,High,1,"Concomitant use of SPRYCEL and drugs that inhibit CYP3A4 (eg, ketoconazole, itraconazole, erythromycin, clarithromycin, ritonavir, atazanavir, indinavir, nefazodone, nelfinavir, saquinavir, telithromycin) may increase exposure to dasatinib and should be avoided."
MAO inhibitor,escitalopram,advise,Moderate,1,Wait 2 weeks after stopping an MAO inhibitor before starting escitalopram.
PEGANONE,Phenurone,advise,Moderate,1,Considerable caution should be exercised if PEGANONE is administered concurrently with Phenurone (phenacemide) since paranoid symptoms have been reported during therapy with this combination.
CANCIDAS,cyclosporine,effect,Moderate,1,There were transient increases in liver ALT and AST when CANCIDAS and cyclosporine were co-administered.
antihypertensive drugs,hydralazine,effect,Moderate,1,"When other potent parental antihypertensive drugs, such as diazoxide, are used in combination with hydralazine, patients should be continuously observed for several hours for any excessive fall in blood pressure."
salicylates,corticosteroids,mechanism,High,1,The clearance of salicylates may be increased with concurrent use of corticosteroids.
digoxin,aminosalicylic acid,mechanism,High,2,"Aminosalicylic acid may decrease the amount of digoxin (Lanoxin, Lanoxicaps) that gets absorbed into your body."
hormonal contraceptives,clofibric acid,mechanism,High,1,Clofibric acid: Combination hormonal contraceptives may increase the clearance of clofibric acid.
calcium blockers,digitalis preparations,mechanism,High,1,Digoxin: Some calcium blockers may increase the concentration of digitalis preparations in the blood.
ENABLEX,thioridazine,advise,Moderate,1,"Caution should be taken when ENABLEX is used concomitantly with medications that are predominantly metabolized by CYP2D6 and which have a narrow therapeutic window, such as flecainide, thioridazine and tricyclic antidepressants (see CLINICAL PHARMACOLOGY)."
Benzthiazide,blood thinner,int,Low,1,"Benzthiazide may interact with alcohol, blood thinners, decongestant drugs (allergy, cold, and sinus medicines), diabetic drugs, lithium, norepinephrine, NSAIDs like Aleve or Ibuprofen, and high blood pressure medications."
alprazolam,cyclosporine,int,Low,1,"Data from in vitro studies of benzodiazepines other than alprazolam suggest a possible drug interaction for the following: ergotamine, cyclosporine, amiodarone, nicardipine, and nifedipine."
FACTIVE,progesterone,mechanism,High,1,"Concomitant administration of FACTIVE and calcium carbonate, cimetidine, omeprazole, or an estrogen/progesterone oral contraceptive produced minor changes in the pharmacokinetics of gemifloxacin, which were considered to be without clinical significance."
selegiline hydrochloride,serotoninergic agents,effect,Moderate,1,"In patients receiving nonselective monoamine oxidase inhibitors (MAOIs) (e.g., selegiline hydrochloride) in combination with serotoninergic agents (e.g., fluoxetine, fluvoxamine, paroxetine, sertraline, venlafaxine), there have been reports of serious, sometimes fatal, reactions."
progesterone,Accutane,effect,Moderate,1,Micro-dosed Progesterone Preparations: Micro-dosed progesterone preparations (minipills that do not contain an estrogen) may be an inadequate method of contraception during Accutane therapy.
Butalbital,alcohol,effect,Moderate,1,"Butalbital, acetaminophen and caffeine may enhance the effects of: other narcotic analgesics, alcohol, general anesthetics, tranquilizers such as chlordiazepoxide, sedative-hypnotics, or other CNS depressants, causing increased CNS depression."
insulin,Bezalip retard,effect,Moderate,1,- The action of sulphonylureas and insulin may be enhanced by Bezalip or Bezalip retard.
Etonogestrel,antifungals,int,Low,1,"Etonogestrel may interact with the following medications: acetaminophen (Tylenol), antibiotics such as ampicillin and tetracycline, anticonvulsants (Dilantin, Phenobarbital, Tegretol, Trileptal, Topamax, Felbatol), antifungals (Gris-PEG, Nizoral, Sporanox), atorvastatin (Lipitor), clofibrate (Atromi"
aminophylline,adrenergic agonists,effect,Moderate,1,"Concomitant treatment with methylxanthines (aminophylline, theophylline), steroids, or diuretics may potentiate any hypokalemic effect of adrenergic agonists."
TARCEVA,TAO,advise,Moderate,1,"Caution should be used when administering or taking TARCEVA with ketoconazole and other strong CYP3A4 inhibitors such as, but not limited to, atazanavir, clarithromycin, indinavir, itraconazole, nefazodone, nelfinavir, ritonavir, saquinavir, telithromycin, troleandomycin (TAO), and voriconazole ."
VIRACEPT,terfenadine,advise,Moderate,2,"Drugs That Should Not Be Coadministered With VIRACEPT Antiarrhythmics: amiodarone, quinidine Antihistamines: astemizole, terfenadine Antimigraine: ergot derivatives Antimycobacterial agents: rifampin Benzodiazepines midazolam, triazolam GI motility agents: cisapride"
codeine,alcohol,effect,Moderate,2,"Codeine in combination with other narcotic analgesics, general anesthetics, phenothiazines, tranquilizers, sedative-hypnotics, or other CNS depressants (including alcohol) has additive depressant effects."
zafirlukast,TIKOSYN,advise,Moderate,1,"Inhibitors of this isoenzyme (e.g., macrolide antibiotics, azole antifungal agents, protease inhibitors, serotonin reuptake inhibitors, amiodarone, cannabinoids, diltiazem, grapefruit juice, nefazadone, norfloxacin, quinine, zafirlukast) should be cautiously coadministered with TIKOSYN as they can p"
phenobarbital,efavirenz,mechanism,High,1,"Drugs which induce CYP3A4 activity (eg, phenobarbital, rifampin, rifabutin) would be expected to increase the clearance of efavirenz resulting in lowered plasma concentrations."
live-attenuated vaccines,RAPTIVA,advise,Moderate,1,"Acellular, live and live-attenuated vaccines should not be administered during RAPTIVA treatment."
etanercept,anakinra,effect,Moderate,1,"Concurrent administration of etanercept (another TNF -blocking agent) and anakinra (an interleukin-1 antagonist) has been associated with an increased risk of serious infections, and increased risk of neutropenia and no additional benefit compared to these medicinal products alone."
glucocorticoids,EGF,effect,Moderate,1,"These results suggest that both dexamethasone and retinyl acetate, and possibly other glucocorticoids and retinoids, may regulate the proliferation of prostate epithelium by a dose-dependent modification of the activity of insulin and EGF."
cerivastatin,erythromycin,mechanism,High,1,"ERYTHROMYCIN: In hypercholesterolemic patients, steady-state cerivastatin AUC and Cmax increased approximately 50% and 24% respectively after 10 days with co-administration of erythromycin, a known inhibitor of cytochrome P450 3A4."
indomethacin,PROLEUKIN,effect,Moderate,1,"Concurrent administration of drugs possessing nephrotoxic (e.g., aminoglycosides, indomethacin), myelotoxic (e.g., cytotoxic chemotherapy), cardiotoxic (e.g., doxorubicin) or hepatotoxic (e.g., methotrexate, asparaginase) effects with PROLEUKIN may increase toxicity in these organ systems."
docetaxel,cyclosporine,mechanism,High,1,"In vitro studies have shown that the metabolism of docetaxel may be modified by the concomitant administration of compounds that induce, inhibit, or are metabolized by cytochrome P450 3A4, such as cyclosporine, terfenadine, ketoconazole, erythromycin, and troleandomycin."
MAO-inhibitors,Bezalip,advise,Moderate,1,- Perhexiline hydrogen maleate or MAO-inhibitors (with hepatotoxic potential) must not be administered together with Bezalip or Bezalip retard.
anticoagulant,adrenocortical steroids,effect,Moderate,2,"Drugs that have been reported to diminish oral anticoagulant response, ie, decreased prothrom-bin time response, in man significantly include: adrenocortical steroids;alcohol*;antacids;antihistamines;barbiturates;carbamazepine;chloral hydrate*;chlordiazepoxide;cholestyramine;diet high in vitamin K;d"
BETAGAN,epinephrine,effect,Moderate,1,"Although BETAGAN used alone has little or no effect on pupil size, mydriasis resulting from concomitant therapy with BETAGAN and epinephrine may occur."
tetracyclines,contraceptives,effect,Moderate,2,Concurrent use of tetracyclines with oral contraceptives may render oral contraceptives less effective.
anticoagulant,ethchlorvynol,effect,Moderate,1,"Drugs that have been reported to diminish oral anticoagulant response, ie, decreased prothrom-bin time response, in man significantly include: adrenocortical steroids;alcohol*;antacids;antihistamines;barbiturates;carbamazepine;chloral hydrate*;chlordiazepoxide;cholestyramine;diet high in vitamin K;d"
Mefloquine,beta-adrenergic blocking agents,effect,Moderate,1,"This appears to be the only clinically relevant interaction of this kind with Mefloquine, although theoretically, coadministration of other drugs known to alter cardiac conduction (eg, anti-arrhythmic or beta-adrenergic blocking agents, calcium channel blockers, antihistamines or H1-blocking agents,"
almotriptan,ketoconazole,mechanism,High,1,Coadministration of almotriptan and the potent CYP3A4 inhibitor ketoconazole (400 mg q.d. for 3 days) resulted in an approximately 60% increase in the area under the plasma concentration-time curve and maximal plasma concentrations of almotriptan.
clarithromycin,cisapride,mechanism,High,1,"Antibiotics: In vitro and/or in vivo data show that clarithromycin, erythromycin, and troleandomycin markedly inhibit the metabolism of cisapride, which can result in an increase in plasma cisapride levels and prolongation of the QT interval on the ECG."
SPRYCEL,nelfinavir,mechanism,High,1,"Concomitant use of SPRYCEL and drugs that inhibit CYP3A4 (eg, ketoconazole, itraconazole, erythromycin, clarithromycin, ritonavir, atazanavir, indinavir, nefazodone, nelfinavir, saquinavir, telithromycin) may increase exposure to dasatinib and should be avoided."
H2 blockers,dasatinib,effect,Moderate,1,"H2 Blockers/Proton Pump Inhibitors: Long-term suppression of gastric acid secretion by H2 blockers or proton pump inhibitors (eg, famotidine and omeprazole) is likely to reduce dasatinib exposure."
ALFENTA,barbiturates,effect,Moderate,1,"Both the magnitude and duration of central nervous system and cardiovascular effects may be enhanced when ALFENTA is administered in combination with other CNS depressants such as barbiturates, tranquilizers, opioids, or inhalation general anesthetics."
lorazepam,barbiturates,effect,Moderate,2,"Injection: Lorazepam injection, like other injectable benzodiazepines, produces depression of the central nervous system when administered with ethyl alcohol, phenothiazines, barbiturates, MAO inhibitors, and other antidepressants.When scopolamine is used concomitantly with injectable lorazepam, an "
levothyroxine sodium,phenylbutazone,mechanism,High,1,"Binding to Serum Proteins: The following agents may either inhibit levothyroxine sodium binding to serum proteins or alter the concentrations of serum binding proteins: androgens and related anabolic hormones, asparaginase, clofibrate, estrogens and estrogen-containing compounds, 5-fluorouracil, fur"
Haloperidol,amphetamines,effect,Moderate,2,"Haloperidol: Haloperidol blocks dopamine receptors, thus inhibiting the central stimulant effects of amphetamines."
serotonin reuptake inhibitor drug,MAOI,effect,Moderate,1,"In patients receiving another serotonin reuptake inhibitor drug in combination with monoamine oxidase inhibitors (MAOI), there have been reports of serious, sometimes fatal, reactions including hyperthermia, rigidity, myoclonus, autonomic instability with possible rapid fluctuations of vital signs, "
IOPIDINE,opiates,advise,Moderate,1,"Although no specific drug interactions with topical glaucoma drugs or systemic medications were identified in clinical studies of IOPIDINE 0.5% Ophthalmic Solution, the possibility of an additive or potentiating effect with CNS depressants (alcohol, barbiturates, opiates, sedatives, anesthetics) sho"
hydantoin antiepileptic,coumarin anticoagulant,int,Low,1,"A two-way interaction between the hydantoin antiepileptic, phenytoin, and the coumarin anticoagulants has been suggested."
decamethonium,Coly-Mycin M,effect,Moderate,1,"Curariform muscle relaxants (eg, tubocurarine) and other drugs, including ether, succinylcholine, gallamine, decamethonium and sodium citrate, potentiate the neuromuscular blocking effect and should be used with extreme caution in patients being treated with Coly-Mycin M Parenteral."
trazodone hydrochloride,buspirone HCl,effect,Moderate,1,There is one report suggesting that the concomitant use of trazodone hydrochloride (Desyrel) and buspirone HCl may have caused 3- to 6-fold elevations on SGPT (ALT) in a few patients.
CASODEX,coumarin anticoagulant,mechanism,High,1,"In vitro studies have shown CASODEX can displace coumarin anticoagulants, such as warfarin, from their protein-binding sites."
EQUETROTM,mirtazapine,mechanism,High,1,"Agents that have been found, or are expected to have decreased plasma levels in the presence of EQUETROTM due to induction of CYP enzymes are the following: Acetaminophen, alprazolam, amitriptyline, bupropion, buspirone, citalopram, clobazam, clonazepam, clozapine, cyclosporin, delavirdine, desipram"
anticoagulants,lovastatin,advise,Moderate,1,"It is recommended that in patients taking anticoagulants, prothrombin time be determined before starting lovastatin and frequently enough during early therapy to insure that no significant alteration of prothrombin time occurs."
CNS depressant drugs,INAPSINE,advise,Moderate,2,"Following the administration of INAPSINE, the dose of other CNS depressant drugs should be reduced."
AKINETON,quinidine,effect,Moderate,1,"Drug Interactions: The central anticholinergic syndrome can occur when anticholinergic agents such as AKINETON are administered concomitantly with drugs that have secondary anticholinergic actions, e.g., certain narcotic analgesics such as meperidine, the phenothiazines and other antipsychotics, tri"
phenytoin,rifampin,effect,Moderate,1,"- Drugs whose efficacy is impaired by phenytoin include: anticoagulants, corticosteroids, coumarin, digitoxin, doxycycline, estrogens, furosemide, oral contraceptives, rifampin, quinidine, theophylline, vitamin D."
HALDOL,CNS depressants,effect,Moderate,1,"As with other antipsychotic agents, it should be noted that HALDOL may be capable of potentiating CNS depressants such as anesthetics, opiates, and alcohol."
clozapine,psychotropic drug,advise,Moderate,1,"Although it has not been established that there is an interaction between Clozapine and benzodiazepines or other psychotropics, caution is advised when clozapine is initiated in patients taking a benzodiazepine or any other psychotropic drug."
Epinephrine,glycosides,advise,Moderate,1,"Epinephrine also should be used cautiously with other drugs (e.g., digitalis, glycosides) that sensitize the myocardium to the actions of sympathomimetic drugs."
androgens,insulin,effect,Moderate,2,"In diabetic patients, the metabolic effects of androgens may decrease blood glucose and therefore, insulin requirements."
nitrous oxide,NIMBEX,effect,Moderate,2,Isoflurane or enflurane administered with nitrous oxide/oxygen to achieve 1.25 MAC [Minimum Alveolar Concentration] may prolong the clinically effective duration of action of initial and maintenance doses of NIMBEX and decrease the required infusion rate of NIMBEX.
adrenaline,FLUOTHANE,advise,Moderate,1,Caution should be exercised during the administration of adrenaline to patients anaesthetised with FLUOTHANE as arrhythmias may be precipitated.
ZYVOX,SSRIs,effect,Moderate,1,"Spontaneous reports of serotonin syndrome associated with co-administration of ZYVOX and serotonergic agents, including antidepressants such as selective serotonin reuptake inhibitors (SSRIs), have been reported."
Clozapine,atropine,effect,Moderate,1,Clozapine may potentiate the hypotensive effects of antihypertensive drugs and the anticholinergic effects of atropine-type drugs.
Sympathomimetics,mecamylamine,effect,Moderate,2,"The antihypertensive effects of methyldopa, mecamylamine, reserpine, and veratrum alkaloids may be reduced by sympathomimetics."
Abciximab,Activase,effect,Moderate,1,"In addition to bleeding associated with heparin and vitamin K antagonists, drugs that alter platelet function (such as acetylsalicylic acid, dipyridamole and Abciximab) may increase the risk of bleeding if administered prior to, during, or after Activase therapy."
EQUETROTM,contraceptives,mechanism,High,1,"Agents that have been found, or are expected to have decreased plasma levels in the presence of EQUETROTM due to induction of CYP enzymes are the following: Acetaminophen, alprazolam, amitriptyline, bupropion, buspirone, citalopram, clobazam, clonazepam, clozapine, cyclosporin, delavirdine, desipram"
Tagamet,tricyclic antidepressants,mechanism,High,1,"Tagamet, apparently through an effect on certain microsomal enzyme systems, has been reported to reduce the hepatic metabolism of warfarin-type anticoagulants, phenytoin, propranolol, nifedipine, chlordiazepoxide, diazepam, certain tricyclic antidepressants, lidocaine, theophylline and metronidazole"
Cytochalasin D,carbachol,effect,Moderate,2,Cytochalasin D inhibited the carbachol-stimulated intracellular Ca(2+) concentration ([Ca(2+)](i)) increase due to release from the Ca(2+) store.
INDOCIN,potassium-sparing diuretics,effect,Moderate,2,"In some patients, the administration of INDOCIN can reduce the diuretic, natriuretic, and antihypertensive effects of loop, potassium-sparing, and thiazide diuretics."
Netilmicin,loop diuretics,advise,Moderate,1,Netilmicin should not be administered concomitantly with potent loop diuretics such as furosemide and ethacrynic acid as the potential for ototoxicity is enhanced by the combination.
itraconazole,gefitinib,mechanism,High,2,"Substances that are potent inhibitors of CYP3A4 activity (eg, ketoconazole and itraconazole) decrease gefitinib metabolism and increase gefitinib plasma concentrations."
quinidine,carvedilol,effect,Moderate,1,"poor metabolizers of debrisoquin: Interactions of carvedilol with strong inhibitors of CYP2D6 (such as quinidine, fluoxetine, paroxetine, and propafenone) have not been studied, but these drugs would be expected to increase blood levels of the R(+) enantiomer of carvedilol ."
EQUETROTM,levothyroxine,mechanism,High,1,"Agents that have been found, or are expected to have decreased plasma levels in the presence of EQUETROTM due to induction of CYP enzymes are the following: Acetaminophen, alprazolam, amitriptyline, bupropion, buspirone, citalopram, clobazam, clonazepam, clozapine, cyclosporin, delavirdine, desipram"
benzodiazepines,monoamine oxidase inhibitors,effect,Moderate,2,"The action of the benzodiazepines may be potentiated by anticonvulsants, antihistamines, alcohol, barbiturates, monoamine oxidase inhibitors, narcotics, phenothiazines, psychotropic medications, or other drugs that produce CNS depression."
phenothiazines,dopamine,effect,Moderate,1,Butyrophenones (such as haloperidol) and phenothiazines can suppress the dopaminergic renal and mesenteric vasodilation induced with low dose dopamine infusion.
corticosteroid,inactivated vaccines,effect,Moderate,1,Vaccines: Patients on corticosteroid therapy may exhibit a diminished response to toxoids and live or inactivated vaccines due to inhibition of antibody response.
amprenavir,methadone,effect,Moderate,2,Methadone: Coadministration of amprenavir and methadone can decrease plasma levels of methadone.
Levo-Dromoran,antihistamines,effect,Moderate,1,"Interactions with Other CNS Agents: Concurrent use of Levo-Dromoran with all central nervous system depressants (eg, alcohol, sedatives, hypnotics, other opioids, general anesthetics, barbiturates, tricyclic antidepressants, phenothiazines, tranquilizers, skeletal muscle relaxants and antihistamines"
escitalopram,Celexa,advise,Moderate,1,"Concomitant Administration with Racemic Citalopram Citalopram - Since escitalopram is the active isomer of racemic citalopram (Celexa), the two agents should not be coadministered."
Angiomax,thrombolytics,effect,Moderate,1,"In clinical trials in patients undergoing PTCA/PCI, co-administration of Angiomax with heparin, warfarin, thrombolytics or glycoprotein IIb/IIIa inhibitors was associated with increased risks of major bleeding events compared to patients not receiving these concomitant medications."
rifampicin,isradipine,mechanism,High,2,"If rifampicin therapy is required, isradipine concentrations and therapeutic effects are likely to be markedly reduced or abolished as a consequence of increased metabolism and higher clearance of isradipine."
CANCIDAS,efavirenz,mechanism,High,2,"In addition, results from regression analyses of patient pharmacokinetic data suggest that co-administration of other inducers of drug clearance (efavirenz, nevirapine, phenytoin, dexamethasone, or carbamazepine) with CANCIDAS may result in clinically meaningful reductions in caspofungin concentrati"
Isoflurane,nondepolarizing muscle relaxants,effect,Moderate,1,"Isoflurane potentiates the muscle relaxant effect of all muscle relaxants, most notably nondepolarizing muscle relaxants, and MAC (minimum alveolar concentration) is reduced by concomitant administration of N 2O."
Sildenafil,long-acting nitrates,advise,Moderate,1,"Sildenafil is contraindicated in patients using long-acting nitrates or who may need to use short-acting nitrates, because the combination may cause a sharp fall of the blood pressure."
Netilmicin,furosemide,advise,Moderate,1,Netilmicin should not be administered concomitantly with potent loop diuretics such as furosemide and ethacrynic acid as the potential for ototoxicity is enhanced by the combination.
doxazosin,cimetidine,mechanism,High,1,"In a placebo-controlled trial in normal volunteers, the administration of a single 1 mg dose of doxazosin on day 1 of a four-day regimen of oral cimetidine (400 mg twice daily) resulted in a 10% increase in mean AUC of doxazosin (p=0.006), and a slight but not statistically significant increase in m"
Chlorotrianisene,antidepressants,int,Low,1,"Chlorotrianisene may interact with antidepressants, aspirin, barbiturates, bromocriptine, calcium supplements, corticosteroids, corticotropin, cyclosporine, dantrolene, nicotine, somatropin, tamoxifen, and warfarin."
ketoconazole,VIDEX,advise,Moderate,1,Drugs Whose Absorption Can Be Affected by the Level of Acidity in the Stomach: Drugs such as ketoconazole and itraconazole should be administered at least 2 hours prior to dosing with VIDEX.
NUROMAX,quinidine,effect,Moderate,1,"Other drugs which may enhance the neuromuscular blocking action of nondepolarizing agents such as NUROMAX include certain antibiotics (e. g., aminoglycosides, tetracyclines, bacitracin, polymyxins, lincomycin, clindamycin, colistin, and sodium colistimethate), magnesium salts, lithium, local anesthe"
anticoagulant,indomethacin,effect,Moderate,1,"Drugs that reportedly may increase oral anticoagulant response, ie, increased prothrombin response, in man include:alcohol*;allopurinol;aminosalicylic acid;amiodarone;anabolic steroids;antibiotics;bromelains;chloral hydrate*;chlorpropamide;chymotrypsin;cimetidine;cinchophen;clofibrate;dextran;dextro"
Sonata,cimetidine,mechanism,High,1,Concomitant administration of Sonata (10 mg) and cimetidine (800 mg) produced an 85% increase in the mean Cmax and AUC of zaleplon.
glimepiride,salicylate,advise,Moderate,1,"Before taking glimepiride, tell your doctor if you are taking any of the following medicines: - aspirin or another salicylate such as magnesium/choline salicylate (Trilisate), salsalate (Disalcid, others), choline salicylate (Arthropan), magnesium salicylate (Magan), or bismuth subsalicylate (Pepto-"
anticoagulant,Bezalip,advise,Moderate,2,"For this reason, the dose of the anticoagulant should be reduced by 30 - 50% at the start of treatment with Bezalip or Bezalip retard and then titrated according to the blood clotting parameters"
nonsteroial anti-inflammatory drugs,cyclosporine,mechanism,High,1,"Cyclosporine: Administration of nonsteroial anti-inflammatory drugs concomitantly with cyclosporine has been associated with an increase in cyclosporine-induced toxicity, possibly due to decreased synthesis of renal prostacyclin."
ethanol,Antizol,mechanism,High,2,"Oral doses of Antizol (10-20 mg/kg), via alcohol dehydrogenase inhibition, significantly reduced the rate of elimination of ethanol (by approximately 40%) given to healthy volunteers in moderate doses."
potassium-sparing antihypertensives,NSAIDs,effect,Moderate,1,The administration of other potassium-sparing antihypertensives with NSAIDs has been shown to reduce the antihypertensive effect in some patients and result in severe hyperkalemia in patients with impaired renal function.
Digitalis,Bretylium Tosylate,effect,Moderate,1,Digitalis toxicity may be aggravated by the initial release of norepinephrine caused by Bretylium Tosylate Injection.
anticoagulant,vitamin K,effect,Moderate,1,"Drugs that have been reported to diminish oral anticoagulant response, ie, decreased prothrom-bin time response, in man significantly include: adrenocortical steroids;alcohol*;antacids;antihistamines;barbiturates;carbamazepine;chloral hydrate*;chlordiazepoxide;cholestyramine;diet high in vitamin K;d"
Combination hormonal contraceptives,selegiline,mechanism,High,1,Selegiline: Combination hormonal contraceptives may increase the serum concentration of selegiline.
INDOCIN,digoxin,advise,Moderate,2,"Therefore, when INDOCIN and digoxin are used concomitantly, serum digoxin levels should be closely monitored."
tetracyclines,penicillins,effect,Moderate,1,"Bacteriostatic Antibiotics: Chloramphenicol, erythromycins, sulfonamides, or tetracyclines may interfere with the bactericidal effect of penicillins."
Etofibrate,heparin,effect,Moderate,1,Etofibrate elicited 62% enhancement of post-heparin lipolytic activity and 100% increase of 3H-triglyceride fractional clearance rate compared with placebo treatment.
eplerenone,saquinavir,mechanism,High,1,"Administration of eplerenone with other CYP3A4 inhibitors (e.g., erythromycin 500 mg BID, verapamil 240 mg QD, saquinavir 1200 mg TID, fluconazole 200 mg QD) resulted in increases in Cmax of eplerenone ranging from 1.4- to 1.6- fold and AUC from 2.0- to 2.9- fold."
estradiol,noradrenaline,effect,Moderate,2,"Aortic rings with intact endothelium from the high-dose (4 mg/kg/day) estradiol group were supersensitive to noradrenaline compared to the vehicle or low-dose (10 microg/kg/day) estradiol groups (pD2 values = 7.86+/-0.09, 7.30+/-0.11 and 7.35+/-0.04, respectively)."
TRICOR,HMG-CoA reductase inhibitors,advise,Moderate,1,HMG-CoA reductase inhibitors: The combined use of TRICOR and HMG-CoA reductase inhibitors should be avoided unless the benefit of further alterations in lipid levels is likely to outweigh the increased risk of this drug combination.
allopurinol,chlorpropamide,mechanism,High,3,"Chlorpropamide: Chlorpropamides plasma half-life may be prolonged by allopurinol, since allopurinol and chlorpropamide may compete for excretion in the renal tubule."
diltiazem,TIKOSYN,advise,Moderate,1,"Inhibitors of this isoenzyme (e.g., macrolide antibiotics, azole antifungal agents, protease inhibitors, serotonin reuptake inhibitors, amiodarone, cannabinoids, diltiazem, grapefruit juice, nefazadone, norfloxacin, quinine, zafirlukast) should be cautiously coadministered with TIKOSYN as they can p"
barbiturates,CMI,mechanism,High,1,"plasma levels of several closely related tricyclic antidepressants have been reported to be increased by the concomitant administration of methylphenidate or hepatic enzyme inhibitors (e.g., cimetidine, fluoxetine) and decreased by the concomitant administration of hepatic enzyme inducers (e.g., bar"
CAMPTOSAR,dexamethasone,effect,Moderate,1,"Lymphocytopenia has been reported in patients receiving CAMPTOSAR, and it is possible that the administration of dexamethasone as antiemetic prophylaxis may have enhanced the likelihood of this effect."
apomorphine,granisetron,advise,Moderate,1,"5HT3 Antagonists: Based on reports of profound hypotension and loss of consciousness when apomorphine was administered with ondansetron, the concomitant use of apomorphine with drugs of the 5HT3 antagonist class (including, for example, ondansetron, granisetron, dolasetron, palonosetron, and alosetr"
Etonogestrel,Atromid-S,int,Low,1,"Etonogestrel may interact with the following medications: acetaminophen (Tylenol), antibiotics such as ampicillin and tetracycline, anticonvulsants (Dilantin, Phenobarbital, Tegretol, Trileptal, Topamax, Felbatol), antifungals (Gris-PEG, Nizoral, Sporanox), atorvastatin (Lipitor), clofibrate (Atromi"
nonsteroidal anti-inflammatory agents,coumarin-type anticoagulants,effect,Moderate,1,"However, because bleeding has been reported when ibuprofen and other nonsteroidal anti-inflammatory agents have been administered to patients on coumarin-type anticoagulants, the physician should be cautious when administering ibuprofen to patients on anticoagulants."
levothyroxine sodium,glucocorticoids,mechanism,High,1,"Binding to Serum Proteins: The following agents may either inhibit levothyroxine sodium binding to serum proteins or alter the concentrations of serum binding proteins: androgens and related anabolic hormones, asparaginase, clofibrate, estrogens and estrogen-containing compounds, 5-fluorouracil, fur"
Azlocillin,amikacin,advise,Moderate,1,"Azlocillin should not be administered concomitantly with amikacin, ciprofloxacin, gentamicin, netilmicin, or tobramycin."
IOPIDINE,CNS depressants,advise,Moderate,1,"Although no specific drug interactions with topical glaucoma drugs or systemic medications were identified in clinical studies of IOPIDINE 0.5% Ophthalmic Solution, the possibility of an additive or potentiating effect with CNS depressants (alcohol, barbiturates, opiates, sedatives, anesthetics) sho"
TRACLEER,glyburide,advise,Moderate,1,"Therefore, the concomitant administration of TRACLEER and glyburide is contraindicated, and alternative hypoglycemic agents should be considered."
Bentiromide,multivitamins,int,Low,1,"Bentiromide may interact with acetaminophen (e.g., Tylenol), chloramphenicol (e.g., Chloromycetin), local anesthetics (e.g., benzocaine and lidocaine), para-aminobenzoic acid (PABA)-containing preparations (e.g., sunscreens and some multivitamins), procainamide (e.g., Pronestyl), sulfonamides (sulfa"
agents with b-blocking properties,clonidine,effect,Moderate,2,Clonidine: Concomitant administration of clonidine with agents with b-blocking properties may potentiate blood-pressure- and heart-rate-lowering effects.
belladonna alkaloids,cisapride,effect,Moderate,1,"Anticholinergics: Concurrent administration of certain anticholinergic compounds, such as belladonna alkaloids and dicyclomine, would be expected to compromise the beneficial effects of cisapride."
magnesium trisilicate,nitrofurantoin,mechanism,High,2,The mechanism for this interaction probably is adsorption of nitrofurantoin onto the surface of magnesium trisilicate.
Auranofin,Cuprimine,advise,Moderate,1,"Auranofin should not be used together with penicillamine (Depen, Cuprimine), another arthritis medication."
corticosteroids,warfarin,effect,Moderate,1,"Anticoagulants, oral: Co-administration of corticosteroids and warfarin usually results in inhibition of response to warfarin, although there have been some conflicting reports."
amiodarone,TIKOSYN,advise,Moderate,1,"Inhibitors of this isoenzyme (e.g., macrolide antibiotics, azole antifungal agents, protease inhibitors, serotonin reuptake inhibitors, amiodarone, cannabinoids, diltiazem, grapefruit juice, nefazadone, norfloxacin, quinine, zafirlukast) should be cautiously coadministered with TIKOSYN as they can p"
fexofenadine hydrochloride,antacid,mechanism,High,1,Drug Interactions with Antacids Administration of 120 mg of fexofenadine hydrochloride (2 x 60 mg capsule) within 15 minutes of an aluminum and magnesium containing antacid (Maalox ) decreased fexofenadine AUC by 41% and cmax by 43%.
phenothiazines,levodopa,effect,Moderate,1,"Dopamine D2 receptor antagonists (e.g., phenothiazines, butyrophenones, risperidone) and isoniazid may reduce the therapeutic effects of levodopa."
Chloramphenicol,beta-lactam antibiotics,effect,Moderate,1,"Chloramphenicol has been shown to be antagonistic to beta-lactam antibiotics, including ceftazidime, based on in vitro studies and time kill curves with enteric gram-negative bacilli."
Anafranil,sympathomimetic drugs,advise,Moderate,1,Close supervision and careful adjustment of dosage are required when Anafranil is administered with anticholinergic or sympathomimetic drugs.
TRACRIUM,enflurane,effect,Moderate,2,Drugs which may enhance the neuromuscular blocking action of TRACRIUM include: enflurane;
EQUETROTM,haloperidol,mechanism,High,1,"Agents that have been found, or are expected to have decreased plasma levels in the presence of EQUETROTM due to induction of CYP enzymes are the following: Acetaminophen, alprazolam, amitriptyline, bupropion, buspirone, citalopram, clobazam, clonazepam, clozapine, cyclosporin, delavirdine, desipram"
Benzodiazepines,fluvoxamine,mechanism,High,2,"The following are examples of drugs known to inhibit the metabolism of other related benzodiazepines, presumably through inhibition of CYP3A: nefazodone, fluvoxamine, cimetidine, diltiazem, isoniazide, and some macrolide antibiotics."
carbamazepine,flecainide,mechanism,High,1,"Limited data in patients receiving known enzyme inducers ( phenytoin, phenobarbital, carbamazepine ) indicate only a 30% increase in the rate of flecainide elimination."
calcium channel blockers,saquinavir,mechanism,High,1,"Although specific studies have not been performed, coadministration with drugs that are mainly metabolized by CYP3A4 (eg, calcium channel blockers, dapsone, disopyramide, quinine, amiodarone, quinidine, warfarin, tacrolimus, cyclosporine, ergot derivatives, pimozide, carbamazepine, fentanyl, alfenta"
diclofenac,cyclosporine,effect,Moderate,2,"Patients who begin taking diclofenac or who increase their diclofenac dose or any other NSAID while taking digoxin, methotrexate, or cyclosporine may develop toxicity characteristics for these drugs."
antacids,diflunisal,mechanism,High,1,Antacids: Concomitant administration of antacids may reduce plasma levels of diflunisal.
nondepolarizing agents,lithium,effect,Moderate,2,"Other drugs which may enhance the neuromuscular blocking action of nondepolarizing agents such as NIMBEX include certain antibiotics (e. g., aminoglycosides, tetracyclines, bacitracin, polymyxins, lincomycin, clindamycin, colistin, and sodium colistemethate), magnesium salts, lithium, local anesthet"
levamisole,warfarin sodium,advise,Moderate,1,"Because of reports of prolongation of the prothrombin time beyond the therapeutic range in patients taking concurrent levamisole and warfarin sodium, it is suggested that the prothrombin time be monitored carefully, and the dose of warfarin sodium or other coumarin-like drugs should be adjusted acco"
cimetidine,IRESSA,mechanism,High,1,Drugs that cause significant sustained elevation in gastric pH (histamine H2-receptor antagonists such as ranitidine or cimetidine) may reduce plasma concentrations of IRESSA and therefore potentially may reduce efficacy.
Vardenafil,alpha-blocker,advise,Moderate,1,"Based on these data, Vardenafil should not be used in patients on alpha-blocker therapy."
bupropion,flecainide,advise,Moderate,1,"Therefore, co-administration of bupropion with drugs that are metabolized by CYP2D6 isoenzyme including certain antidepressants (e.g., nortriptyline, imipramine, desipramine, paroxetine, fluoxetine, sertraline), antipsychotics (e.g., haloperidol, risperidone, thioridazine), beta-blockers (e.g., meto"
phenytoin,succinimides,mechanism,High,1,"The most commonly occurring drug interactions are listed below: - Drugs that may increase plasma phenytoin concentrations include: acute alcohol intake, amiodarone, chboramphenicol, chlordiazepoxide, cimetidine, diazepam, dicumarol, disulfiram, estrogens, ethosuximide, fluoxetine, H2-antagonists, ha"
hormonal contraceptives,chlordiazepoxide,mechanism,High,1,"Benzodiazepines: Combination hormonal contraceptives may decrease the clearance of some benzodiazepines (alprazolam, chlordiazepoxide, diazepam) and increase the clearance of others (lorazepam, oxazepam, temazepam)."
chloroquine,carbamazepine,effect,Moderate,1,"Additionally, anti-malarial drugs, such as chloroquine and mefloquine, may antagonize the activity of carbamazepine."
levothyroxine sodium,mefenamic acid,mechanism,High,1,"Binding to Serum Proteins: The following agents may either inhibit levothyroxine sodium binding to serum proteins or alter the concentrations of serum binding proteins: androgens and related anabolic hormones, asparaginase, clofibrate, estrogens and estrogen-containing compounds, 5-fluorouracil, fur"
guanfacine,phenytoin,mechanism,High,1,The administration of guanfacine concomitantly with known microsomal enzyme inducer (phenobarbital or phenytoin) to two patients with renal impairment reportedly resulted in significant reductions in elimination half-life and plasma concentration.
carbamazepine,progestins,mechanism,High,1,"Anticonvulsants (carbamazepine, felbamate, phenobarbital, phenytoin, topiramate): Increase the metabolism of ethinyl estradiol and/or some progestins, leading to possible decrease in contraceptive effectiveness."
antihypertensive drugs,diazoxide,effect,Moderate,1,"When other potent parental antihypertensive drugs, such as diazoxide, are used in combination with hydralazine, patients should be continuously observed for several hours for any excessive fall in blood pressure."
proton pump inhibitors,SPRYCEL,advise,Moderate,2,The concomitant use of H2 blockers or proton pump inhibitors with SPRYCEL is not recommended.
ABILIFY,alcohol,advise,Moderate,2,"As with most psychoactive medications, patients should be advised to avoid alcohol while taking ABILIFY"
didanosine,FACTIVE,advise,Moderate,1,"Magnesium- and/or aluminum-containing antacids, products containing ferrous sulfate (iron), multivitamin preparations containing zinc or other metal cations, or Videx (didanosine) chewable/buffered tablets or the pediatric powder for oral solution should not be taken within 3 hours before or 2 hours"
magnesium hydroxide,fosinopril,mechanism,High,1,"Antacids: In a clinical pharmacology study, coadministration of an antacid (aluminum hydroxide, magnesium hydroxide, and simethicone) with fosinopril reduced serum levels and urinary excretion of fosinoprilat as compared with fosinopril administered alone, suggesting that antacids may impair absorpt"
colestipol hydrochloride,digitoxin,mechanism,High,1,Particular caution should be observed with digitalis preparations since there are conflicting results for the effect of colestipol hydrochloride on the availability of digoxin and digitoxin.
ergot derivatives,saquinavir,mechanism,High,1,"Although specific studies have not been performed, coadministration with drugs that are mainly metabolized by CYP3A4 (eg, calcium channel blockers, dapsone, disopyramide, quinine, amiodarone, quinidine, warfarin, tacrolimus, cyclosporine, ergot derivatives, pimozide, carbamazepine, fentanyl, alfenta"
Panretin,DEET,advise,Moderate,1,"Patients who are applying Panretin gel should not concurrently use products that contain DEET (N, N-diethyl-m-toluamide), a common component of insect repellent products."
calcium channel blockers,digoxin,effect,Moderate,1,"Although beta-adrenergic blockers or calcium channel blockers and digoxin may be useful in combination to control atrial fibrillation, their additive effects on AV node conduction can result in advanced or complete heart block."
TRICOR,immunosuppressants,advise,Moderate,1,"The benefits and risks of using TRICOR with immunosuppressants and other potentially nephrotoxic agents should be carefully considered, and the lowest effective dose employed"
cyclosporin A,etoposide,mechanism,High,1,High-dose cyclosporin A resulting in concentrations above 2000 ng/mL administered with oral etoposide has led to an 80% increase in etoposide exposure with a 38% decrease in total body clearance of etoposide compared to etoposide alone.
Barbiturates,contraceptives,effect,Moderate,3,"Barbiturates may decrease the effectiveness of oral contraceptives, certain antibiotics, quinidine, theophylline, corticosteroids, anticoagulants, and beta blockers."
alcohol,"3-hydroxy-1,4-benzodiazepine",mechanism,High,1,"The results raise the possibility that the ethanolysis reaction may occur in the stomach of people who consume alcohol and 3-hydroxy-1,4-benzodiazepine on a regular basis."
Mefloquine,tricyclic antidepressants,effect,Moderate,1,"This appears to be the only clinically relevant interaction of this kind with Mefloquine, although theoretically, coadministration of other drugs known to alter cardiac conduction (eg, anti-arrhythmic or beta-adrenergic blocking agents, calcium channel blockers, antihistamines or H1-blocking agents,"
probenecid,acyclovir,mechanism,High,2,"Probenecid : Probenecid is known to interact with the metabolism or renal tubular excretion of many drugs (e.g., acetaminophen, acyclovir, angiotensin-converting enzyme inhibitors, aminosalicylic acid, barbiturates, benzodiazepines, bumetanide, clofibrate, methotrexate, famotidine, furosemide, nonst"
warfarin-type anticoagulant,griseofulvin,advise,Moderate,1,Patients on warfarin-type anticoagulant therapy may require dosage adjustment of the anticoagulant during and after griseofulvin therapy.
aspirin,nizatidine,mechanism,High,1,"In patients given very high doses (3900 mg) of aspirin daily, increases in serum salicylate levels were seen when nizatidine, 150 mg b.i.d., was administered concurrently."
disulfiram,nitrite,effect,Moderate,1,"In rats, simultaneous ingestion of disulfiram and nitrite in the diet for 78 weeks has been reported to cause tumors, and it has been suggested that disulfiram may react with nitrites in the rat stomach to form a nitrosamine, which is tumorigenic."
Indomethacin,bumetanide,effect,Moderate,2,- Indomethacin: Indomethacin blunts the increases in urine volume and sodium excretion seen during bumetanide treatment and inhibits the bumetanide-induced increase in plasma renin activity.
EQUETROTM,loratadine,mechanism,High,1,"Agents that are CYP3A4 inhibitors that have been found, or are expected, to increase plasma levels of EQUETROTM are the following: Acetazolamide, azole antifungals, cimetidine, clarithromycin(1), dalfopristin, danazol, delavirdine, diltiazem, erythromycin(1), fluoxetine, fluvoxamine, grapefruit juic"
NUROMAX,procainamide,effect,Moderate,1,"Other drugs which may enhance the neuromuscular blocking action of nondepolarizing agents such as NUROMAX include certain antibiotics (e. g., aminoglycosides, tetracyclines, bacitracin, polymyxins, lincomycin, clindamycin, colistin, and sodium colistimethate), magnesium salts, lithium, local anesthe"
Valdecoxib,warfarin,effect,Moderate,1,"Valdecoxib caused a statistically significant increase in plasma exposures of R-warfarin and S-warfarin (12% and 15%, respectively), and in the pharmacodynamic effects (prothrombin time, measured as INR) of warfarin."
TORADOL,phenytoin,effect,Moderate,1,"Antiepileptic Drugs: Sporadic cases of seizures have been reported during concomitant use of TORADOL and antiepileptic drugs (phenytoin, carbamazepine)."
probenecid,penciclovir,mechanism,High,1,Concurrent use with probenecid or other drugs significantly eliminated by active renal tubular secretion may result in increased plasma concentrations of penciclovir.
enoxacin,digoxin,mechanism,High,2,Digoxin: Enoxacin may raise serum digoxin levels in some individuals.
contraceptive,atorvastatin,mechanism,High,2,Oral Contraceptives: Coadministration of atorvastatin and an oral contraceptive increased AUC values for norethindrone and ethinyl estradiol by approximately 30% and 20%.
anticoagulant,antacids,effect,Moderate,1,"Drugs that have been reported to diminish oral anticoagulant response, ie, decreased prothrom-bin time response, in man significantly include: adrenocortical steroids;alcohol*;antacids;antihistamines;barbiturates;carbamazepine;chloral hydrate*;chlordiazepoxide;cholestyramine;diet high in vitamin K;d"
Nicotine,ergot,effect,Moderate,1,"Nicotine: Nicotine may provoke vasoconstriction in some patients, predisposing to a greater ischemic response to ergot therapy."
triazolam,saquinavir,mechanism,High,1,"Although specific studies have not been performed, coadministration with drugs that are mainly metabolized by CYP3A4 (eg, calcium channel blockers, dapsone, disopyramide, quinine, amiodarone, quinidine, warfarin, tacrolimus, cyclosporine, ergot derivatives, pimozide, carbamazepine, fentanyl, alfenta"
ammonium chloride,amphetamine,mechanism,High,2,"Urinary acidifying agents These agents (ammonium chloride, sodium acid phosphate, etc.) increase the concentration of the ionized species of the amphetamine molecule, thereby increasing urinary excretion."
alprazolam,isoniazid,int,Low,1,Drugs and other substances demonstrated to be CYP 3A inhibitors on the basis of clinical studies involving benzodiazepines metabolized similarly to alprazolam or on the basis of in vitro studies with alprazolam or other benzodiazepines (caution is recommended during coadministration with alprazolam)
Levo-Dromoran,opioids,effect,Moderate,1,"Interactions with Other CNS Agents: Concurrent use of Levo-Dromoran with all central nervous system depressants (eg, alcohol, sedatives, hypnotics, other opioids, general anesthetics, barbiturates, tricyclic antidepressants, phenothiazines, tranquilizers, skeletal muscle relaxants and antihistamines"
Lofexidine,anti-hypertensive drug,effect,Moderate,1,- Lofexidine may enhance the effects of anti-hypertensive drug therapy
benzodiazepine class,tricyclic antidepressants,effect,Moderate,1,"Pharmacodynamic Interactions: The CNS-depressant action of the benzodiazepine class of drugs may be potentiated by alcohol, narcotics, barbiturates, nonbarbiturate hypnotics, antianxiety agents, the phenothiazines, thioxanthene and butyrophenone classes of antipsychotic agents, monoamine oxidase inh"
quinolone,antacids,mechanism,High,1,"Multivalent Cation-Containing Products: Concurrent administration of a quinolone, including ciprofloxacin, with multivalent cation-containing products such as magnesium or aluminum antacids, sucralfate, VIDEX chewable/buffered tablets or pediatric powder, or products containing calcium, iron, or zin"
quinolone class antimicrobial,nonsteroidal anti-inflammatory drug,effect,Moderate,1,Seizures have been reported in patients taking another quinolone class antimicrobial and the nonsteroidal anti-inflammatory drug fenbufen concurrently.
desipramine,benzodiazepines,effect,Moderate,1,"If desipramine hydrochloride is to be combined with other psychotropic agents such as tranquilizers or sedative/hypnotics, careful consideration should be given to the pharmacology of the agents employed since the sedative effects of desipramine and benzodiazepines (e.g., chlordiazepoxide or diazepa"
phenobarbital,corticosteroids,mechanism,High,2,"Drugs that induce hepatic enzymes such as phenobarbital, phenytoin and rifampin may increase the clearance of corticosteroids and may require increases in corticosteroid dose to achieve the desired response."
PRECEDEX,anesthetic,advise,Moderate,1,"However, due to possible pharmacodynamic interactions, when co-administered with PRECEDEX, a reduction in dosage of PRECEDEX on the concomitant anesthetic, sedative, hypnotic or opioid may be required."
norepinephrine,phenothiazines,effect,Moderate,1,"The administration of local anesthetic solutions containing epinephrine or norepinephrine to patients receiving monoamine oxidase inhibitors, tricyclic antidepressants or phenothiazines may produce severe, prolonged hypotension or hypertension."
alosetron,clarithromycin,advise,Moderate,1,"Coadministration of alosetron and strong CYP3A4 inhibitors, such as clarithromycin, telithromycin, protease inhibitors, voriconazole, and itraconazole has not been evaluated but should be undertaken with caution because of similar potential drug interactions."
Nimotop,antihypertensive compounds,effect,Moderate,1,"In Europe, Nimotop  was observed to occasionally intensify the effect of antihypertensive compounds taken concomitantly by patients suffering from hypertension;"
phenytoin,chlordiazepoxide,mechanism,High,1,"The most commonly occurring drug interactions are listed below: - Drugs that may increase plasma phenytoin concentrations include: acute alcohol intake, amiodarone, chboramphenicol, chlordiazepoxide, cimetidine, diazepam, dicumarol, disulfiram, estrogens, ethosuximide, fluoxetine, H2-antagonists, ha"
lovastatin,fibrate,effect,Moderate,2,Fulminant rhabdomyolysis has been seen as early as three weeks after initiation of combined therapy with another fibrate and lovastatin but may be seen after several months.
Macrolide antibiotics,simvastatin,mechanism,High,1,"CONCLUSIONS: Macrolide antibiotics inhibit the metabolism of HMG-CoA reductase inhibitors that are metabolized by CYP3A4 (i.e., atorvastatin, cerivastatin, lovastatin, simvastatin)."
Vardenafil,nitrates,mechanism,High,2,"In vivo studies: Nitrates: The blood pressure lowering effects of sublingual nitrates (0.4 mg) taken 1 and 4 hours after vardenafil and increases in heart rate when taken at 1, 4 and 8 hours were potentiated by a 20 mg dose of Vardenafil in healthy middle-aged subjects."
EDECRIN,cephalosporin antibiotics,effect,Moderate,1,EDECRIN may increase the ototoxic potential of other drugs such as aminoglycoside and some cephalosporin antibiotics.
anticoagulant,haloperidol,effect,Moderate,1,"Drugs that have been reported to diminish oral anticoagulant response, ie, decreased prothrom-bin time response, in man significantly include: adrenocortical steroids;alcohol*;antacids;antihistamines;barbiturates;carbamazepine;chloral hydrate*;chlordiazepoxide;cholestyramine;diet high in vitamin K;d"
Etonogestrel,Trileptal,int,Low,1,"Etonogestrel may interact with the following medications: acetaminophen (Tylenol), antibiotics such as ampicillin and tetracycline, anticonvulsants (Dilantin, Phenobarbital, Tegretol, Trileptal, Topamax, Felbatol), antifungals (Gris-PEG, Nizoral, Sporanox), atorvastatin (Lipitor), clofibrate (Atromi"
clozapine,Type 1C antiarrhythmics,advise,Moderate,1,"Therefore, co-administration of clozapine with other drugs that are metabolized by this isozyme, including antidepressants, phenothiazines, carbamazepine, and Type 1C antiarrhythmics (e.g., propafenone, flecainide and encainide), or that inhibit this enzyme (e.g., quinidine), should be approached wi"
beta-adrenergic blocking agents,digitalis,effect,Moderate,1,The concomitant use of beta-adrenergic blocking agents with digitalis and calcium antagonists may have additive effects on prolonging atrioventricular conduction time.
erythromycin,fentanyl,mechanism,High,1,"The concomitant use of other CYP3A4 inhibitors such as diltiazem and erythromycin with transdermal fentanyl may also result in an increase in fentanyl plasma concentrations, which could increase or prolong adverse drug effects and may cause serious respiratory depression."
buprenorphine,Levo-Dromoran,advise,Moderate,1,"Interactions with Mixed Agonist/Antagonist Opioid Analgesics: Agonist/antagonist analgesics (eg, pentazocine, nalbuphine, butorphanol, dezocine and buprenorphine) should NOT be administered to a patient who has received or is receiving a course of therapy with a pure agonist opioid analgesic such as"
eszopiclone,ketoconazole,mechanism,High,1,"The AUC of eszopiclone was increased 2.2-fold by coadministration of ketoconazole, a potent inhibitor of CYP3A4, 400 mg daily for 5 days."
tiagabine,phenytoin,mechanism,High,1,Phenytoin: Population pharmacokinetic analyses indicate that tiagabine clearance is 60% greater in patients taking phenytoin with or without other enzyme- inducing AEDs.
indinavir,SUSTIVA,mechanism,High,2,Increasing the indinavir dose to 1000 mg every 8 hours does not compensate for the increased indinavir metabolism due to SUSTIVA.
EQUETROTM,methadone,mechanism,High,1,"Agents that have been found, or are expected to have decreased plasma levels in the presence of EQUETROTM due to induction of CYP enzymes are the following: Acetaminophen, alprazolam, amitriptyline, bupropion, buspirone, citalopram, clobazam, clonazepam, clozapine, cyclosporin, delavirdine, desipram"
TAMBOCOR,digoxin,mechanism,High,1,"During administration of multiple oral doses of TAMBOCOR to healthy subjects stabilized on a maintenance dose of digoxin, a 13%-19% increase in plasma digoxin levels occurred at six hours postdose."
saquinavir,VIRACEPT,mechanism,High,1,Saquinavir: Coadministration of saquinavir (using an experimental soft-gelatin capsule formulation of saquinavir 1200mg) with VIRACEPT resulted in an 18% increase in nelfinavir plasma AUC and a 4-fold increase in saquinavir plasma A.C.
aliskiren,furosemide,mechanism,High,1,"Furosemide: When aliskiren was co-administered with furosemide, the AUC and Cmax of furosemide were reduced by about 30% and 50%, respectively."
levothyroxine sodium,estrogen-containing compounds,mechanism,High,1,"Binding to Serum Proteins: The following agents may either inhibit levothyroxine sodium binding to serum proteins or alter the concentrations of serum binding proteins: androgens and related anabolic hormones, asparaginase, clofibrate, estrogens and estrogen-containing compounds, 5-fluorouracil, fur"
T.A.,SSRIs,advise,Moderate,1,"Nevertheless, caution is indicated in the co-administration of T.A. with any of the SSRIs and also in switching from one class to the other."
quinolone,aluminum,mechanism,High,1,"Multivalent Cation-Containing Products: Concurrent administration of a quinolone, including ciprofloxacin, with multivalent cation-containing products such as magnesium or aluminum antacids, sucralfate, VIDEX chewable/buffered tablets or pediatric powder, or products containing calcium, iron, or zin"
Chlorotrianisene,corticosteroids,int,Low,1,"Chlorotrianisene may interact with antidepressants, aspirin, barbiturates, bromocriptine, calcium supplements, corticosteroids, corticotropin, cyclosporine, dantrolene, nicotine, somatropin, tamoxifen, and warfarin."
astemizole,itraconazole,mechanism,High,2,"In vitro data suggest that itraconazole, when compared to ketoconazole, has a less pronounced effect on the biotransformation system responsible for the metabolism of astemizole."
Trileptal,hormonal contraceptives,effect,Moderate,1,"Therefore, concurrent use of Trileptal with hormonal contraceptives may render these contraceptives less effective."
fluoxetine,CMI,mechanism,High,1,"plasma levels of several closely related tricyclic antidepressants have been reported to be increased by the concomitant administration of methylphenidate or hepatic enzyme inhibitors (e.g., cimetidine, fluoxetine) and decreased by the concomitant administration of hepatic enzyme inducers (e.g., bar"
methaqualone,anticoagulant agents,int,Low,1,"Chloral hydrate and methaqualone interact pharmacologically with orally administered anticoagulant agents, but the effect is not clinically significant."
Nevirapine,combination hormonal contraceptives,mechanism,High,1,Non-nucleoside reverse transcriptase inhibitors (NNRTIs): Nevirapine may decrease plasma levels of combination hormonal contraceptives;
sumatriptan,citalopram,advise,Moderate,1,"If concomitant treatment with sumatriptan and an SSRI (e.g., fluoxetine, fluvoxamine, paroxetine, sertraline, citalopram, escitalopram) is clinically warranted, appropriate observation of the patient is advised."
rifampin,efavirenz,mechanism,High,1,"Drugs which induce CYP3A4 activity (eg, phenobarbital, rifampin, rifabutin) would be expected to increase the clearance of efavirenz resulting in lowered plasma concentrations."
Buforin II,minocycline,effect,Moderate,1,Buforin II may be active in inhibiting Cryptosporidium parvum growth in vitro upon combination with either azithromycin or minocycline.
disopyramide,saquinavir,mechanism,High,1,"Although specific studies have not been performed, coadministration with drugs that are mainly metabolized by CYP3A4 (eg, calcium channel blockers, dapsone, disopyramide, quinine, amiodarone, quinidine, warfarin, tacrolimus, cyclosporine, ergot derivatives, pimozide, carbamazepine, fentanyl, alfenta"
Accutane,vitamin A,effect,Moderate,1,"Vitamin A: Because of the relationship of Accutane to vitamin A, patients should be advised against taking vitamin supplements containing vitamin A to avoid additive toxic effects"
FLEXERIL,alcohol,effect,Moderate,1,"FLEXERIL may enhance the effects of alcohol, barbiturates, and other CNS depressants."
alosetron,fluvoxamine,mechanism,High,2,Fluvoxamine increased mean alosetron plasma concentrations (AUC) approximately 6-fold and prolonged the half-life by approximately 3-fold.
Felbamate,gestodene,mechanism,High,1,"Felbamate treatment resulted in a 42% decrease in the gestodene AUC 0-24, but no clinically relevant effect was observed on the pharmacokinetic parameters of ethinyl estradiol."
anticoagulant,phenyramidol,effect,Moderate,1,"Drugs that reportedly may increase oral anticoagulant response, ie, increased prothrombin response, in man include:alcohol*;allopurinol;aminosalicylic acid;amiodarone;anabolic steroids;antibiotics;bromelains;chloral hydrate*;chlorpropamide;chymotrypsin;cimetidine;cinchophen;clofibrate;dextran;dextro"
quinolones,magnesium,mechanism,High,1,"Administration of quinolones with antacids containing aluminum, magnesium, or calcium, with sucralfate, with metal cations such as iron, or with multivitamins containing iron or zinc, or with formulations containing divalent and trivalent cations such as VIDEX (didanosine) chewable/buffered tablets "
amiodarone,digitalis,advise,Moderate,1,"On administration of oral amiodarone, the need for digitalis therapy should be reviewed and the dose reduced by approximately 50% or discontinued."
FOSCAVIR,pentamidine,advise,Moderate,3,"Because of foscarnets tendency to cause renal impairment, the use of FOSCAVIR should be avoided in combination with potentially nephrotoxic drugs such as aminoglycosides, amphotericin B and intravenous pentamidine unless the potential benefits outweigh the risks to the patient."
Potassium-depleting diuretics,digitalis,effect,Moderate,1,Potassium-depleting diuretics are a major contributing factor to digitalis toxicity.
cholestyramine,fluvastatin,mechanism,High,2,"Cholestyramine, an anionic-binding resin, has a considerable effect in lowering the rate and extent of fluvastatin bioavailability."
Clozapine,carbamazepine,advise,Moderate,3,"Although concomitant use of Clozapine and carbamazepine is not recommended, it should be noted that discontinuation of concomitant carbamazepine administration may result in an increase in Clozapine plasma levels."
antacids,fosinopril,mechanism,High,1,"Antacids: In a clinical pharmacology study, coadministration of an antacid (aluminum hydroxide, magnesium hydroxide, and simethicone) with fosinopril reduced serum levels and urinary excretion of fosinoprilat as compared with fosinopril administered alone, suggesting that antacids may impair absorpt"
L-arginine,cyclosporin,effect,Moderate,1,Cyclosporine - L-arginine may counteract the antinaturetic effect of cyclosporin.
desipramine hydrochloride,sedative,effect,Moderate,1,"If desipramine hydrochloride is to be combined with other psychotropic agents such as tranquilizers or sedative/hypnotics, careful consideration should be given to the pharmacology of the agents employed since the sedative effects of desipramine and benzodiazepines (e.g., chlordiazepoxide or diazepa"
benzodiazepine class,monoamine oxidase inhibitors,effect,Moderate,1,"Pharmacodynamic Interactions: The CNS-depressant action of the benzodiazepine class of drugs may be potentiated by alcohol, narcotics, barbiturates, nonbarbiturate hypnotics, antianxiety agents, the phenothiazines, thioxanthene and butyrophenone classes of antipsychotic agents, monoamine oxidase inh"
AED,oxcarbazepine,mechanism,High,1,"In addition, several AED s that are cytochrome P450 inducers can decrease plasma concentrations of oxcarbazepine and MHD."
lopinavir,nevirapine,advise,Moderate,1,A dose increase of lopinavir/ritonavir to 533/133 mg twice daily with food isrecommended in combination with nevirapine.
ciprofloxacin,didanosine,mechanism,High,2,"In a single subject given one dose of ciprofloxacin 2 hours after a dose of didanosine-placebo tablets, a greater than 50% reduction in the AUC of ciprofloxacin was observed."
losartan,indomethacin,effect,Moderate,1,"As with other antihypertensive agents, the antihypertensive effect of losartan may be blunted by the non-steroidal anti-inflammatory drug indomethacin"
chlorothiazide,colestipol hydrochloride,mechanism,High,1,Studies in humans show that the absorption of chlorothiazide as reflected in urinary excretion is markedly decreased even when administered one hour before colestipol hydrochloride.
Nitrofurantoin,nalidixic acid,effect,Moderate,1,Nitrofurantoin interferes with the therapeutic action of nalidixic acid.
Etonogestrel,vitamin C,int,Low,1,"Etonogestrel may interact with the following medications: acetaminophen (Tylenol), antibiotics such as ampicillin and tetracycline, anticonvulsants (Dilantin, Phenobarbital, Tegretol, Trileptal, Topamax, Felbatol), antifungals (Gris-PEG, Nizoral, Sporanox), atorvastatin (Lipitor), clofibrate (Atromi"
Rifampin,ethinyl estradiol,mechanism,High,1,Rifampin: Rifampin increases the metabolism of ethinyl estradiol and some progestins (norethindrone) resulting in decreased contraceptive effectiveness and increased menstrual irregularities.
glimepiride,bismuth subsalicylate,advise,Moderate,1,"Before taking glimepiride, tell your doctor if you are taking any of the following medicines: - aspirin or another salicylate such as magnesium/choline salicylate (Trilisate), salsalate (Disalcid, others), choline salicylate (Arthropan), magnesium salicylate (Magan), or bismuth subsalicylate (Pepto-"
Loperamide,dmPGE2,effect,Moderate,1,"Loperamide and morphine (0.1 and 1.0 mg/kg, s.c.) inhibited the dmPGE2 (0.3 mg/kg, p.o.)-induced diarrhea in cecectomized rats."
enalapril,antihypertensive agents,effect,Moderate,2,"Agents Causing Renin Release: The antihypertensive effect of enalapril and enalapril IV is augmented by antihypertensive agents that cause renin release (e.g., diuretics)."
Iron,carbidopa,mechanism,High,1,Iron salts may reduce the bioavailability of carbidopa and levodopa.
Phenothiazine-related compounds,beta-adrenergic blocking agents,mechanism,High,1,Phenothiazine-related compounds and beta-adrenergic blocking agents may have additive hypotensite effects due to the inhibition of each other s metabolism.
cyclosporine,TRICOR,effect,Moderate,1,"Cyclosporine: Because cyclosporine can produce nephrotoxicity with decreases in creatinine clearance and rises in serum creatinine, and because renal excretion is the primary elimination route of fibrate drugs including TRICOR, there is a risk that an interaction will lead to deterioration."
ethosuximide,antiepileptic drugs,int,Low,1,"Since Zarontin (ethosuximide) may interact with concurrently administered antiepileptic drugs, periodic serum level determinations of these drugs may be necessary (eg, ethosuximide may elevate phenytoin serum levels and valproic acid has been reported to both increase and decrease ethosuximide level"
theophylline,CGS 21680,effect,Moderate,1,"The anxiogenic effects of theophylline were reduced by pretreatment with CGS 21680, an A2-selective agonist, but not by N6-cyclopentyladenosine (CPA), an A1-selective agonist."
d-amphetamine,tricyclics,mechanism,High,2,d-amphetamine with desipramine or protriptyline and possibly other tricyclics cause striking and sustained increases in the concentration of d-amphetamine in the brain;
ALPHAGAN P,anesthetics,advise,Moderate,1,"Although specific drug interaction studies have not been conducted with ALPHAGAN P, the possibility of an additive or potentiating effect with CNS depressants (alcohol, barbiturates, opiates, sedatives, or anesthetics) should be considered."
nonsteroidal anti-inflammatory agents,antidiabetic drugs,effect,Moderate,1,"Certain drugs, including nonsteroidal anti-inflammatory agents (NSAIDs), salicylates, monoamine oxidase inhibitors, and non-selective beta-adrenergic-blocking agents may potentiate the hypoglycemic action of Starlix and other oral antidiabetic drugs."
DURAGESIC,sedatives,effect,Moderate,1,"Central Nervous System Depressants: The concomitant use of DURAGESIC  (fentanyl transdermal system) with other central nervous system depressants, including but not limited to other opioids, sedatives, hypnotics, tranquilizers (e.g., benzodiazepines), general anesthetics, phenothiazines, skeletal mu"
serotonin reuptake inhibitor drug,monoamine oxidase inhibitors,effect,Moderate,1,"In patients receiving another serotonin reuptake inhibitor drug in combination with monoamine oxidase inhibitors (MAOI), there have been reports of serious, sometimes fatal, reactions including hyperthermia, rigidity, myoclonus, autonomic instability with possible rapid fluctuations of vital signs, "
acitretin,glibenclamide,effect,Moderate,1,"Glibenclamide: In a study of 7 healthy male volunteers, acitretin treatment potentiated the blood glucose lowering effect of glibenclamide (a sulfonylurea similar to chlorpropamide) in 3 of the 7 subjects."
warfarin,etodolac,effect,Moderate,2,"However, caution should be exercised because there have been a few spontaneous reports of prolonged prothrombin times, with or without bleeding, in etodolac-treated patients receiving concomitant warfarin therapy."
Sympathomimetic amines,mecamylamine,effect,Moderate,1,"Sympathomimetic amines may reduce the antihypertensive effects of reserpine, veratrum alkaloids, methyldopa and mecamylamine."
Indinavir,amprenavir,mechanism,High,1,"Indinavir steady-state Cmax, A.C. and Cmin were decreased by 22%, 38%, and 27%, respectively, by concomitant amprenavir."
carbamazepine,ethinyl estradiol,mechanism,High,1,"Anticonvulsants (carbamazepine, felbamate, phenobarbital, phenytoin, topiramate): Increase the metabolism of ethinyl estradiol and/or some progestins, leading to possible decrease in contraceptive effectiveness."
anticholinergic,phenothiazines,effect,Moderate,1,"Drug Interactions: The central anticholinergic syndrome can occur when anticholinergic agents such as AKINETON are administered concomitantly with drugs that have secondary anticholinergic actions, e.g., certain narcotic analgesics such as meperidine, the phenothiazines and other antipsychotics, tri"
heparin sodium,dicumarol,advise,Moderate,1,"Therefore, when heparin sodium is given with dicumarol or warfarin sodium, a period of at least 5 hours after the last intravenous dose or 24 hours after the last subcutaneous dose should elapse before blood is drawn if a valid prothrombin time is to be obtained."
ergotamine,SPRYCEL,advise,Moderate,1,"Therefore, CYP3A4 substrates known to have a narrow therapeutic index such as alfentanil, astemizole, terfenadine, cisapride, cyclosporine, fentanyl, pimozide, quinidine, sirolimus, tacrolimus, or ergot alkaloids (ergotamine, dihydroergotamine) should be administered with caution in patients receivi"
Barbiturates,fludrocortisone acetate,mechanism,High,1,"Barbiturates, phenytoin, or rifampin increased metabolic clearance of fludrocortisone acetate because of the induction of hepatic enzymes."
hormonal contraceptives,cyclosporine,mechanism,High,1,"Cyclosporine: Combination hormonal contraceptives may inhibit the metabolism of cyclosporine, leading to increased plasma concentrations;"
duloxetine,desipramine,mechanism,High,1,"When duloxetine was administered (at a dose of 60 mg BID) in conjunction with a single 50-mg dose of desipramine, a CYP2D6 substrate, the AUC of desipramine increased 3-fold."
anticoagulant,trimethoprim,effect,Moderate,1,"Drugs that reportedly may increase oral anticoagulant response, ie, increased prothrombin response, in man include:alcohol*;allopurinol;aminosalicylic acid;amiodarone;anabolic steroids;antibiotics;bromelains;chloral hydrate*;chlorpropamide;chymotrypsin;cimetidine;cinchophen;clofibrate;dextran;dextro"
Adrenergic blockers,amphetamines,effect,Moderate,2,Adrenergic blockers: Adrenergic blockers are inhibited by amphetamines.
ritonavir,combination hormonal contraceptives,mechanism,High,1,"Protease inhibitors: Amprenavir, lopinavir, nelfinavir, and ritonavir have been shown to decrease plasma levels of combination hormonal contraceptives;"
amiloride,dofetilide,advise,Moderate,1,"In addition, drugs that are actively secreted via this route (e.g., triamterene, metformin and amiloride) should be co-administered with care as they might increase dofetilide levels."
anticholinesterase agents,corticosteroids,effect,Moderate,1,Anticholinesterases: Concomitant use of anticholinesterase agents and corticosteroids may produce severe weakness in patients with myasthenia gravis.
fentanyl,beta blocker,effect,Moderate,1,Fentanyl Anesthesia: Severe hypotension has been reported during fentanyl anesthesia with concomitant use of a beta blocker and a calcium channel blocker.
lopinavir,SUSTIVA,advise,Moderate,1,A dose increase of lopinavir/ritonavir to 533/133 mg (4 capsules or 6.5 mL) twice daily taken with food is recommended when used in combination with SUSTIVA.
quinidine,nifedipine,mechanism,High,1,Quinidine: Immediate Release Capsules: There have been rare reports of an interaction between quinidine and nifedipine (with a decreased plasma level of quinidine).
adenosine,carbamazepine,effect,Moderate,1,"As the primary effect of adenosine is to decrease conduction through the A-V node, higher degrees of heart block may be produced in the presence of carbamazepine."
NUROMAX,bacitracin,effect,Moderate,1,"Other drugs which may enhance the neuromuscular blocking action of nondepolarizing agents such as NUROMAX include certain antibiotics (e. g., aminoglycosides, tetracyclines, bacitracin, polymyxins, lincomycin, clindamycin, colistin, and sodium colistimethate), magnesium salts, lithium, local anesthe"
furazolidone,amphetamine,mechanism,High,2,"MAO inhibitors: MAOI antidepressants, as well as a metabolite of furazolidone, slow amphetamine metabolism."
angiotensin converting enzyme inhibitors,azathioprine,effect,Moderate,1,Use with Angiotensln Converting Enzyme Inhibitors: The use of angiotensin converting enzyme inhibitors to control hypertension in patients on azathioprine has been reported to induce severe leukopenia.
phenytoin,sulfonamides,mechanism,High,1,"The most commonly occurring drug interactions are listed below: - Drugs that may increase plasma phenytoin concentrations include: acute alcohol intake, amiodarone, chboramphenicol, chlordiazepoxide, cimetidine, diazepam, dicumarol, disulfiram, estrogens, ethosuximide, fluoxetine, H2-antagonists, ha"
azithromycin,cetirizine,mechanism,High,1,"When used in therapeutic doses, azithromycin had a modest effect on the pharmacokinetics of atorvastatin, carbamazepine, cetirizine, didanosine, efavirenz, fluconazole, indinavir, midazolam, rifabutin, sildenafil, theophylline (intravenous and oral), triazolam, trimethoprim/sulfamethoxazole or zidov"
rifampin,bexarotene,mechanism,High,1,"Furthermore, rifampin, phenytoin, phenobarbital, and other inducers of cytochrome P450 3A4 may cause a reduction in plasma bexarotene concentrations."
Butalbital,narcotic analgesic,effect,Moderate,1,"Butalbital, acetaminophen and caffeine may enhance the effects of: other narcotic analgesics, alcohol, general anesthetics, tranquilizers such as chlordiazepoxide, sedative-hypnotics, or other CNS depressants, causing increased CNS depression."
aluminum hydroxide,fosinopril,mechanism,High,1,"Antacids: In a clinical pharmacology study, coadministration of an antacid (aluminum hydroxide, magnesium hydroxide, and simethicone) with fosinopril reduced serum levels and urinary excretion of fosinoprilat as compared with fosinopril administered alone, suggesting that antacids may impair absorpt"
Tricyclic antidepressants,combination hormonal contraceptives,mechanism,High,1,"Tricyclic antidepressants (amitriptyline, imipramine, nortriptyline): Metabolism may be inhibited by combination hormonal contraceptives, increasing plasma levels of antidepressant;"
sodium cephalothin,Coly-Mycin M,effect,Moderate,2,Sodium cephalothin may enhance the nephrotoxicity of Coly-Mycin M Parenteral.
monoamine oxidase inhibitors,paroxetine,effect,Moderate,1,"In patients receiving nonselective monoamine oxidase inhibitors (MAOIs) (e.g., selegiline hydrochloride) in combination with serotoninergic agents (e.g., fluoxetine, fluvoxamine, paroxetine, sertraline, venlafaxine), there have been reports of serious, sometimes fatal, reactions."
caffeine,tranquilizers,effect,Moderate,1,"Butalbital, acetaminophen and caffeine may enhance the effects of: other narcotic analgesics, alcohol, general anesthetics, tranquilizers such as chlordiazepoxide, sedative-hypnotics, or other CNS depressants, causing increased CNS depression."
fluoxetine,alprazolam,mechanism,High,1,Drugs Demonstrated to be CYP 3A Inhibitors of Possible Clinical Significance on the Basis of Clinical Studies Involving Alprazolam (caution is recommended during coadministration with alprazolam): Coadministration of fluoxetine with alprazolam increased the maximum plasma concentration of alprazolam
TRISENOX,amphotericin B,advise,Moderate,1,Caution is advised when TRISENOX is coadministered with other medications that can prolong the QT interval (e.g. certain antiarrhythmics or thioridazine) or lead to electrolyte abnormalities (such as diuretics or amphotericin B).
Beta-adrenergic blocking drugs,captopril,effect,Moderate,1,"Beta-adrenergic blocking drugs add some further antihypertensive effect to captopril, but the overall response is less than additive."
diuretics,adrenergic agonists,effect,Moderate,1,"Concomitant treatment with methylxanthines (aminophylline, theophylline), steroids, or diuretics may potentiate any hypokalemic effect of adrenergic agonists."
zinc,quinolone,mechanism,High,2,"Multivalent Cation-Containing Products: Concurrent administration of a quinolone, including ciprofloxacin, with multivalent cation-containing products such as magnesium or aluminum antacids, sucralfate, VIDEX chewable/buffered tablets or pediatric powder, or products containing calcium, iron, or zin"
capecitabine,phenprocoumon,effect,Moderate,1,Coumarin Anticoagulants Altered coagulation parameters and/or bleeding have been reported in patients taking capecitabine concomitantly with coumarin-derivative anticoagulants such as warfarin and phenprocoumon.
ascorbic acid,amphetamines,mechanism,High,1,"Acidifying agents: Gastrointestinal acidifying agents (guanethidine, reserpine, glutamic acid HCl, ascorbic acid, fruit juices, etc.) lower absorption of amphetamines."
cephalosporins,diuretics,effect,Moderate,2,Nephrotoxicity has been reported following concomitant administration of cephalosporins with aminoglycoside antibiotics or potent diuretics such as furosemide.
quinolones,theophylline,mechanism,High,4,There have been reports of theophylline-related side effects in patients on concomitant therapy with quinolones and theophylline.
Tagamet,metronidazole,mechanism,High,1,"Tagamet, apparently through an effect on certain microsomal enzyme systems, has been reported to reduce the hepatic metabolism of warfarin-type anticoagulants, phenytoin, propranolol, nifedipine, chlordiazepoxide, diazepam, certain tricyclic antidepressants, lidocaine, theophylline and metronidazole"
linezolid,adrenergic,int,Low,1,"Therefore, linezolid has the potential for interaction with adrenergic and serotonergic agents."
piperacillin,vecuronium,effect,Moderate,2,"In one controlled clinical study, the ureidopenicillins, including piperacillin, were reported to prolong the action of vecuronium."
Levo-Dromoran,central nervous system depressants,effect,Moderate,1,"Interactions with Other CNS Agents: Concurrent use of Levo-Dromoran with all central nervous system depressants (eg, alcohol, sedatives, hypnotics, other opioids, general anesthetics, barbiturates, tricyclic antidepressants, phenothiazines, tranquilizers, skeletal muscle relaxants and antihistamines"
coumarin,fondaparinux,mechanism,High,1,"In an in vitro study in human liver microsomes, inhibition of CYP2A6 hydroxylation of coumarin by fondaparinux (200 m m M i.e., 350 mg/L) was 17-28%."
thyroid products,antidiabetic drugs,effect,Moderate,1,"Certain drugs including thiazides, corticosteroids, thyroid products, and sympathomimetics may reduce the hypoglycemic action of Starlix and other oral antidiabetic drugs."
levothyroxine sodium,asparaginase,mechanism,High,1,"Binding to Serum Proteins: The following agents may either inhibit levothyroxine sodium binding to serum proteins or alter the concentrations of serum binding proteins: androgens and related anabolic hormones, asparaginase, clofibrate, estrogens and estrogen-containing compounds, 5-fluorouracil, fur"
theophylline,lansoprazole,mechanism,High,2,"When lansoprazole was administered concomitantly with theophylline (CYP1A2, CYP3A), a minor increase (10%) in the clearance of theophylline was seen."
amiodarone,saquinavir,mechanism,High,1,"Although specific studies have not been performed, coadministration with drugs that are mainly metabolized by CYP3A4 (eg, calcium channel blockers, dapsone, disopyramide, quinine, amiodarone, quinidine, warfarin, tacrolimus, cyclosporine, ergot derivatives, pimozide, carbamazepine, fentanyl, alfenta"
CNS depressants,hydrocodone,effect,Moderate,1,"Patients receiving other narcotic analgesics, antipsychotics, antianxiety agents, or other CNS depressants (including alcohol) concomitantly with hydrocodone and acetaminophen tablets may exhibit an additive CNS depression."
azithromycin,carbamazepine,mechanism,High,1,"When used in therapeutic doses, azithromycin had a modest effect on the pharmacokinetics of atorvastatin, carbamazepine, cetirizine, didanosine, efavirenz, fluconazole, indinavir, midazolam, rifabutin, sildenafil, theophylline (intravenous and oral), triazolam, trimethoprim/sulfamethoxazole or zidov"
decongestants,tricyclic antidepressants,advise,Moderate,1,"Avoid the use of preparations such as decongestants and local anesthetics which contain any sympathomimetic amine (e.g., epinephrine, norepinephrine), since it has been reported that tricyclic antidepressants can potentiate the effects of catecholamines."
Flupenthixol,MAOI,effect,Moderate,2,"Drug Interactions: Flupenthixol may interact with some drugs, like Monoamine oxidase inhibitors (MAOI): MAOI could theoretically affect flupenthixol pharmacodynamics - Arecoline - Eproxindine - Ethanol: Flupenthixol and Ethanol cause additive CNS depression - Tricyclic antidepressants: Flupenthixol "
ciprofloxacin,magnesium,mechanism,High,2,"Multivalent Cation-Containing Products: Concurrent administration of a quinolone, including ciprofloxacin, with multivalent cation-containing products such as magnesium or aluminum antacids, sucralfate, VIDEX chewable/buffered tablets or pediatric powder, or products containing calcium, iron, or zin"
INSPRA,enalapril,effect,Moderate,1,In a study in diabetics with microalbuminuria INSPRA 200 mg combined with the ACE inhibitor enalapril 10 mg increased the frequency of hyperkalemia (serum potassium  5.5 mEq/L) from 17% on enalapril alone to 38%.
Nonsteroidal anti-inflammatory agents,lithium,mechanism,High,2,Lithium: Nonsteroidal anti-inflammatory agents have been reported to increase steadystate plasma lithium levels.
Estrogens,corticosteroids,mechanism,High,1,"Estrogens, including oral contraceptives: Estrogens may decrease the hepatic metabolism of certain corticosteroids, thereby increasing their effect."
itraconazole,VIDEX,advise,Moderate,1,Drugs Whose Absorption Can Be Affected by the Level of Acidity in the Stomach: Drugs such as ketoconazole and itraconazole should be administered at least 2 hours prior to dosing with VIDEX.
fentanyl,SPRYCEL,advise,Moderate,1,"Therefore, CYP3A4 substrates known to have a narrow therapeutic index such as alfentanil, astemizole, terfenadine, cisapride, cyclosporine, fentanyl, pimozide, quinidine, sirolimus, tacrolimus, or ergot alkaloids (ergotamine, dihydroergotamine) should be administered with caution in patients receivi"
Aprepitant,nelfinavir,advise,Moderate,1,"Consequently, concomitant administration of Aprepitant with strong CYP3A4 inhibitors (e.g., ketoconazole, itraconazole, nefazodone, troleandomycin, clarithromycin, ritonavir, nelfinavir) should be approached with caution."
ALFENTA,anesthetics,effect,Moderate,1,"Both the magnitude and duration of central nervous system and cardiovascular effects may be enhanced when ALFENTA is administered in combination with other CNS depressants such as barbiturates, tranquilizers, opioids, or inhalation general anesthetics."
carbamazepine,clonazepam,mechanism,High,1,"Cytochrome P-450 inducers, such as phenytoin, carbamazepine and phenobarbital, induce clonazepam metabolism, causing an approximately 30% decrease in plasma clonazepam levels."
Griseofulvin,combination hormonal contraceptives,mechanism,High,1,Griseofulvin: Griseofulvin may induce the metabolism of combination hormonal contraceptives causing menstrual changes;
calcium acetate,digitalis glycosides,effect,Moderate,1,"Using calcium acetate with digitalis glycosides (heart medicine) may cause hypercalcemia (too much calcium in the blood), which could increase the chance of developing an irregular heartbeat."
ranitidine,ceftibuten,mechanism,High,2,"however, 150 mg of ranitidine q12h for 3 days increased the ceftibuten C max by 23% and ceftibuten AUC by 16%."
diethylpropion,guanethidine,int,Low,1,"conversely, diethylpropion may interfere with antihypertensive drugs (i.e., guanethidine, a-methyldopa)."
phenytoin,saquinavir,mechanism,High,1,"Coadministration with compounds that are potent inducers of CYP3A4 (eg, phenobarbital, phenytoin, dexamethasone, carbamazepine) may result in decreased plasma levels of saquinavir."
thiazides,amphetamine,mechanism,High,1,"Urinary alkalinizing agents (acetazolamide, some thiazides) increase the concentration of the non-ionized species of the amphetamine molecule, thereby decreasing urinary excretion."
benzodiazepine class,alcohol,effect,Moderate,1,"Pharmacodynamic Interactions: The CNS-depressant action of the benzodiazepine class of drugs may be potentiated by alcohol, narcotics, barbiturates, nonbarbiturate hypnotics, antianxiety agents, the phenothiazines, thioxanthene and butyrophenone classes of antipsychotic agents, monoamine oxidase inh"
benzodiazepine class,butyrophenone classes of antipsychotic agents,effect,Moderate,1,"Pharmacodynamic Interactions: The CNS-depressant action of the benzodiazepine class of drugs may be potentiated by alcohol, narcotics, barbiturates, nonbarbiturate hypnotics, antianxiety agents, the phenothiazines, thioxanthene and butyrophenone classes of antipsychotic agents, monoamine oxidase inh"
erythromycin,midazolam,mechanism,High,2,Erythromycin has been reported to decrease the clearance of triazolam and midazolam and thus may increase the pharmacologic effect of these benzodiazepines.
tricyclic antidepressant,cimetidine,mechanism,High,3,"In patients who have been reported to be well controlled on tricyclic antidepressants receiving concurrent cimetidine therapy, discontinuation of cimetidine has been reported to decrease established steady-state serum tricyclic antidepressant levels and compromise their therapeutic effects."
cisplatin,sodium thiosulfate,effect,Moderate,2,Sodium thiosulfate is a neutralizing agent for cisplatin that protects against renal damage.
ibuprofen,furosemide,effect,Moderate,1,"Furosemide: Clinical studies, as well as random observations, have shown that ibuprofen can reduce the natriuretic effect of furosemide and thiazides in some patients."
probenecid,PIPRACIL,mechanism,High,1,Probenecid: The oral combination of probenecid before intramuscular injection of PIPRACIL produces an increase in piperacillin peak serum level of about 30%.
Cisapride,sotalol,advise,Moderate,1,"Cisapride should not be used concomitantly with other drugs known to prolong the QT interval: certain antiarrhythmics, including those of Class IA (such as quinidine and procainamide) and Class III (such as sotalol);"
agents with b-blocking properties,monoamine oxidase inhibitors,effect,Moderate,1,"Catecholamine-depleting Agents: Patients taking both agents with b-blocking properties and a drug that can deplete catecholamines (e.g., reserpine and monoamine oxidase inhibitors) should be observed closely for signs of hypotension and/or severe bradycardia."
ranitidine,alendronate,mechanism,High,1,Intravenous ranitidine was shown to double the bioavailability of oral alendronate.
Cimetidine,chloroquine,mechanism,High,1,"Cimetidine: Cimetidine can inhibit the metabolism of chloroquine, increasing its plasma level."
leucovorin,methotrexate,effect,Moderate,1,"However, high doses of leucovorin may reduce the efficacy of intrathecally administered methotrexate."
Beta-blockers,beta-agonists,effect,Moderate,1,"Beta-blockers not only block the therapeutic effects of beta-agonists, but may produce severe bronchospasm in COPD patients."
Paroxetine,duloxetine,mechanism,High,1,"Paroxetine (20 mg QD) increased the concentration of duloxetine (40 mg QD) by about 60%, and greater degrees of inhibition are expected with higher doses of paroxetine."
cimetidine,nimodipine,mechanism,High,1,"A study in eight healthy volunteers has shown a 50% increase in mean peak nimodipine plasma concentrations and a 90% increase in mean area under the curve, after a one week course of cimetidine at 1,000 mg/day and nimodipine at 90 mg/day."
statins,TRACLEER,advise,Moderate,1,Patients using CYP3A4 metabolized statins should have cholesterol levels monitored after TRACLEER is initiated to see whether the statin dose needs adjustment.
fentanyl,ketoconazole,mechanism,High,1,"The concomitant use of transdermal fentanyl with ritonavir or other potent 3A4 inhibitors such as ketoconazole, itraconazole, troleandomycin, clarithromycin, nelfinavir, and nefazadone may result in an increase in fentanyl plasma concentrations."
EQUETROTM,glucocorticoids,mechanism,High,1,"Agents that have been found, or are expected to have decreased plasma levels in the presence of EQUETROTM due to induction of CYP enzymes are the following: Acetaminophen, alprazolam, amitriptyline, bupropion, buspirone, citalopram, clobazam, clonazepam, clozapine, cyclosporin, delavirdine, desipram"
astemizole,SPRYCEL,advise,Moderate,1,"Therefore, CYP3A4 substrates known to have a narrow therapeutic index such as alfentanil, astemizole, terfenadine, cisapride, cyclosporine, fentanyl, pimozide, quinidine, sirolimus, tacrolimus, or ergot alkaloids (ergotamine, dihydroergotamine) should be administered with caution in patients receivi"
Cimetidine,epirubicin,mechanism,High,1,Cimetidine increased the AUC of epirubicin by 50%.
salicylates,furosemide,effect,Moderate,1,"Patients receiving high doses of salicylates concomitantly with furosemide, as in rheumatic disease, may experience salicylate toxicity at lower doses because of competitive renal excretory sites."
antipsychotic agents,anesthetics,effect,Moderate,1,"As with other antipsychotic agents, it should be noted that HALDOL may be capable of potentiating CNS depressants such as anesthetics, opiates, and alcohol."
neomycin,digoxin,mechanism,High,1,"Antacids, kaolin-pectin, sulfasalazine, neomycin, cholestyramine, certain anticancer drugs, and metoclopramide may interfere with intestinal digoxin absorption, resulting in unexpectedly low serum concentrations."
Clonidine,alcohol,effect,Moderate,1,"Amitriptyline in combination with clonidine enhances the manifestation of corneal lesions in rats Epidural Injection Clonidine may potentiate the CNS-depressive effect of alcohol, barbiturates or other sedating drugs."
diflunisal,anticoagulants,advise,Moderate,1,"Accordingly, when diflunisal is administered with oral anticoagulants, the prothrombin time should be closely monitored during and for several days after concomitant drug administration."
Doxylamine,epinephrine,effect,Moderate,1,Doxylamine may enhance the effects of epinephrine.
fluvoxamine,anagrelide,mechanism,High,1,"It is known that CYP1A2 is inhibited by several medicinal products, including fluvoxamine, and such medicinal products could theoretically adversely influence the clearance of anagrelide."
Anticoagulants,ardeparin,effect,Moderate,1,"Anticoagulants including coumarin derivatives, indandione derivatives, and platelet aggregation inhibitors such as nonsteroidal anti-inflammatory drugs (NSAIDs), and aspirin may increase the risk of bleeding when administered concomitantly with ardeparin."
terfenadine,itraconazole,mechanism,High,3,"Coadministration of terfenadine with Itraconazole has led to elevated plasma concentrations of terfenadine, resulting in rare instances of life- threatening cardiac dysrhythmias and one death."
loxapine,lorazepam,effect,Moderate,1,"There have been rare reports of significant respiratory depression, stupor and/or hypotension with the concomitant use of loxapine and lorazepam."
Auranofin,Depen,advise,Moderate,1,"Auranofin should not be used together with penicillamine (Depen, Cuprimine), another arthritis medication."
iron supplements,OMNICEF,advise,Moderate,1,"If iron supplements are required during OMNICEF therapy, OMNICEF should be taken at least 2 hours before or after the supplement."
bupropion,imipramine,advise,Moderate,1,"Therefore, co-administration of bupropion with drugs that are metabolized by CYP2D6 isoenzyme including certain antidepressants (e.g., nortriptyline, imipramine, desipramine, paroxetine, fluoxetine, sertraline), antipsychotics (e.g., haloperidol, risperidone, thioridazine), beta-blockers (e.g., meto"
EQUETROTM,ketoconazole,mechanism,High,1,"Agents that are CYP3A4 inhibitors that have been found, or are expected, to increase plasma levels of EQUETROTM are the following: Acetazolamide, azole antifungals, cimetidine, clarithromycin(1), dalfopristin, danazol, delavirdine, diltiazem, erythromycin(1), fluoxetine, fluvoxamine, grapefruit juic"
anesthetic solutions,phenothiazines,effect,Moderate,1,"The administration of local anesthetic solutions containing epinephrine or norepinephrine to patients receiving monoamine oxidase inhibitors, tricyclic antidepressants or phenothiazines may produce severe, prolonged hypotension or hypertension."
anticoagulant,carbamazepine,effect,Moderate,1,"Drugs that have been reported to diminish oral anticoagulant response, ie, decreased prothrom-bin time response, in man significantly include: adrenocortical steroids;alcohol*;antacids;antihistamines;barbiturates;carbamazepine;chloral hydrate*;chlordiazepoxide;cholestyramine;diet high in vitamin K;d"
nonsteroidal anti-inflammatory agents,Starlix,effect,Moderate,1,"Certain drugs, including nonsteroidal anti-inflammatory agents (NSAIDs), salicylates, monoamine oxidase inhibitors, and non-selective beta-adrenergic-blocking agents may potentiate the hypoglycemic action of Starlix and other oral antidiabetic drugs."
quinidine,flecainide,mechanism,High,1,"Drugs that inhibit cytochrome P450IID6, such as quinidine , might increase the plasma concentrations of flecainide in patients that are on chronic flecainide therapy;"
EQUETROTM,warfarin,mechanism,High,1,"Agents that have been found, or are expected to have decreased plasma levels in the presence of EQUETROTM due to induction of CYP enzymes are the following: Acetaminophen, alprazolam, amitriptyline, bupropion, buspirone, citalopram, clobazam, clonazepam, clozapine, cyclosporin, delavirdine, desipram"
triacetyloleandomycin,ergotamine,mechanism,High,1,The effects of ERGOMAR may be potentiated by triacetyloleandomycin which inhibits the metabolism of ergotamine.
azithromycin,sulfamethoxazole,mechanism,High,1,"When used in therapeutic doses, azithromycin had a modest effect on the pharmacokinetics of atorvastatin, carbamazepine, cetirizine, didanosine, efavirenz, fluconazole, indinavir, midazolam, rifabutin, sildenafil, theophylline (intravenous and oral), triazolam, trimethoprim/sulfamethoxazole or zidov"
sulfonylureas,monoamine oxidase inhibitors,effect,Moderate,2,"Immediate and Extended Release Tablets The hypoglycemic action of sulfonylureas may be potentiated by certain drugs including nonsteroidal anti-inflammatory agents, some azoles and other drugs that are highly protein bound, salicylates, sulfonamides, chloramphenicol, probenecid, coumarins, monoamine"
PGF2alpha,oxytocin,effect,Moderate,2,There is thus an enhancement effect of PGF2alpha upon the reaction of placental vessels to oxytocin in vitro.
enoxacin,bismuth subsalicylate,mechanism,High,2,"Bismuth: Bismuth subsalicylate, given concomitantly with enoxacin or 60 minutes following enoxacin administration, decreased enoxacin bioavailability by approximately 25%."
SPRYCEL,erythromycin,mechanism,High,1,"Concomitant use of SPRYCEL and drugs that inhibit CYP3A4 (eg, ketoconazole, itraconazole, erythromycin, clarithromycin, ritonavir, atazanavir, indinavir, nefazodone, nelfinavir, saquinavir, telithromycin) may increase exposure to dasatinib and should be avoided."
ENABLEX,clarithromycin,advise,Moderate,1,"The daily dose of ENABLEX should not exceed 7.5 mg when coadministered with potent CYP3A4 inhibitors (e.g., ketoconazole, itraconazole, ritonavir, nelfinavir, clarithromycin and nefazadone) ."
nonsteroidal anti-inflammatory drugs,ardeparin,effect,Moderate,1,"Anticoagulants including coumarin derivatives, indandione derivatives, and platelet aggregation inhibitors such as nonsteroidal anti-inflammatory drugs (NSAIDs), and aspirin may increase the risk of bleeding when administered concomitantly with ardeparin."
desipramine,norepinephrine,effect,Moderate,1,The uptake inhibitors cocaine and desipramine (3 mumol/liter) potentiated the positive inotropic effects of norepinephrine in nonfailing myocardium (p < 0.05) but not in functional class IV myocardium.
ENABLEX,anticholinergic agents,effect,Moderate,1,"The concomitant use of ENABLEX with other anticholinergic agents may increase the frequency and/or severity of dry mouth, constipation, blurred vision and other anticholinergic pharmacological effects."
fentanyl,itraconazole,mechanism,High,1,"The concomitant use of transdermal fentanyl with ritonavir or other potent 3A4 inhibitors such as ketoconazole, itraconazole, troleandomycin, clarithromycin, nelfinavir, and nefazadone may result in an increase in fentanyl plasma concentrations."
atorvastatin,ethinyl estradiol,mechanism,High,2,Atorvastatin: Atorvastatin increases the AUC for norethindrone and ethinyl estradiol.
PROLEUKIN,antineoplastic agents,effect,Moderate,1,"Hypersensitivity reactions have been reported in patients receiving combination regimens containing sequential high dose PROLEUKIN and antineoplastic agents, specifically, dacarbazine, cis-platinum, tamoxifen and interferon-alfa."
oxyphenbutazone,androgens,mechanism,High,2,Concurrent administration of oxyphenbutazone and androgens may result in elevated serum levels of oxyphenbutazone.
indinavir,cisapride,mechanism,High,1,Protease Inhibitors: In vitro data indicate that indinavir and ritonavir markedly inhibit the metabolism of cisapride which can result in an increase in plasma cisapride levels and prolongation of the QT interval on the ECG.
diuretic,fosinopril sodium,effect,Moderate,1,The possibility of hypotensive effects can be minimized by either discontinuing the diuretic or increasing salt intake prior to initiation of treatment with fosinopril sodium.
Azlocillin,tobramycin,advise,Moderate,1,"Azlocillin should not be administered concomitantly with amikacin, ciprofloxacin, gentamicin, netilmicin, or tobramycin."
GL,antibiotics,effect,Moderate,1,"The antimicrobial combinations of GL with four antibiotics resulted in additive effect in most instances, synergism in two instances, and antagonism in two instances."
phenytoin,tolbutamide,mechanism,High,1,"The most commonly occurring drug interactions are listed below: - Drugs that may increase plasma phenytoin concentrations include: acute alcohol intake, amiodarone, chboramphenicol, chlordiazepoxide, cimetidine, diazepam, dicumarol, disulfiram, estrogens, ethosuximide, fluoxetine, H2-antagonists, ha"
ergot alkaloids,SPRYCEL,advise,Moderate,1,"Therefore, CYP3A4 substrates known to have a narrow therapeutic index such as alfentanil, astemizole, terfenadine, cisapride, cyclosporine, fentanyl, pimozide, quinidine, sirolimus, tacrolimus, or ergot alkaloids (ergotamine, dihydroergotamine) should be administered with caution in patients receivi"
sulfinpyrazone,nitrofurantoin,mechanism,High,1,"Uricosuric drugs, such as probenecid and sulfinpyrazone, can inhibit renal tubular secretion of nitrofurantoin."
apomorphine,dolasetron,advise,Moderate,1,"5HT3 Antagonists: Based on reports of profound hypotension and loss of consciousness when apomorphine was administered with ondansetron, the concomitant use of apomorphine with drugs of the 5HT3 antagonist class (including, for example, ondansetron, granisetron, dolasetron, palonosetron, and alosetr"
PROLEUKIN,tamoxifen,effect,Moderate,1,"Hypersensitivity reactions have been reported in patients receiving combination regimens containing sequential high dose PROLEUKIN and antineoplastic agents, specifically, dacarbazine, cis-platinum, tamoxifen and interferon-alfa."
cilostazol,anagrelide,effect,Moderate,1,"The effects of medicinal products with similar properties such as inotropes milrinone, enoximone, amrinone, olprinone and cilostazol may be exacerbated by anagrelide."
Valdecoxib,S-warfarin,mechanism,High,1,"Valdecoxib caused a statistically significant increase in plasma exposures of R-warfarin and S-warfarin (12% and 15%, respectively), and in the pharmacodynamic effects (prothrombin time, measured as INR) of warfarin."
acetaminophen,caffeine,effect,Moderate,2,Careful observations on hepatotoxicity are suggested when acetaminophen is prescribed with caffeine.
Chlorotrianisene,bromocriptine,int,Low,1,"Chlorotrianisene may interact with antidepressants, aspirin, barbiturates, bromocriptine, calcium supplements, corticosteroids, corticotropin, cyclosporine, dantrolene, nicotine, somatropin, tamoxifen, and warfarin."
TIKOSYN,verapamil,mechanism,High,1,"Co-administration of TIKOSYN with verapamil resulted in increases in dofetilide peak plasma levels of 42%, although overall exposure to dofetilide was not significantly increased."
desipramine hydrochloride,tranquilizers,effect,Moderate,1,"If desipramine hydrochloride is to be combined with other psychotropic agents such as tranquilizers or sedative/hypnotics, careful consideration should be given to the pharmacology of the agents employed since the sedative effects of desipramine and benzodiazepines (e.g., chlordiazepoxide or diazepa"
glimepiride,salsalate,advise,Moderate,1,"Before taking glimepiride, tell your doctor if you are taking any of the following medicines: - aspirin or another salicylate such as magnesium/choline salicylate (Trilisate), salsalate (Disalcid, others), choline salicylate (Arthropan), magnesium salicylate (Magan), or bismuth subsalicylate (Pepto-"
amiloride,angiotensin-converting enzyme inhibitor,effect,Moderate,1,"When amiloride HCl is administered concomitantly with an angiotensin-converting enzyme inhibitor, the risk of hyperkalemia may be increased."
fexofenadine hydrochloride,magnesium,mechanism,High,1,Drug Interactions with Antacids Administration of 120 mg of fexofenadine hydrochloride (2 x 60 mg capsule) within 15 minutes of an aluminum and magnesium containing antacid (Maalox ) decreased fexofenadine AUC by 41% and cmax by 43%.
HMG-CoA reductase inhibitors,Fentanyl,advise,Moderate,1,"Experience with co-administration of HMG-CoA reductase inhibitors and Fentanyl in patients is limited,therefore,consideration should be given to temporarily suspending use of HMG-CoA reductase inhibitors in patients receiving Fentanyl."
Selective serotonin reuptake inhibitors,5-HT1 agonists,effect,Moderate,1,"Selective serotonin reuptake inhibitors (SSRIs) (e.g., fluoxetine, fluvoxamine, paroxetine, sertraline) have been reported, rarely, to cause weakness, hyperreflexia, and incoordination when coadministered with 5-HT1 agonists."
lithium,insulin,effect,Moderate,2,"Beta-blockers, clonidine, lithium salts, and alcohol may either potentiate or weaken the blood-glucose-lowering effect of insulin."
erythromycin,tacrolimus,int,Low,1,"There have been reports of interactions of erythromycin with carbamazepine, cyclosporine, tacrolimus, hexobarbital, phenytoin, alfentanil, cisapride, disopyramide, lovastatin, bromocriptine, valproate, terfenadine, and astemizole."
NIMBEX,lincomycin,effect,Moderate,1,"Other drugs which may enhance the neuromuscular blocking action of nondepolarizing agents such as NIMBEX include certain antibiotics (e. g., aminoglycosides, tetracyclines, bacitracin, polymyxins, lincomycin, clindamycin, colistin, and sodium colistemethate), magnesium salts, lithium, local anesthet"
EQUETROTM,topiramate,mechanism,High,1,"Agents that have been found, or are expected to have decreased plasma levels in the presence of EQUETROTM due to induction of CYP enzymes are the following: Acetaminophen, alprazolam, amitriptyline, bupropion, buspirone, citalopram, clobazam, clonazepam, clozapine, cyclosporin, delavirdine, desipram"
nifedipine,Vardenafil,effect,Moderate,1,"In these patients whose hypertension was controlled with nifedipine, Vardenafil 20 mg produced mean additional supine systolic/diastolic blood pressure reductions of 6/5 mm Hg compared to placebo."
quinolone,magnesium,mechanism,High,1,"Multivalent Cation-Containing Products: Concurrent administration of a quinolone, including ciprofloxacin, with multivalent cation-containing products such as magnesium or aluminum antacids, sucralfate, VIDEX chewable/buffered tablets or pediatric powder, or products containing calcium, iron, or zin"
EQUETROTM,risperidone,mechanism,High,1,"Agents that have been found, or are expected to have decreased plasma levels in the presence of EQUETROTM due to induction of CYP enzymes are the following: Acetaminophen, alprazolam, amitriptyline, bupropion, buspirone, citalopram, clobazam, clonazepam, clozapine, cyclosporin, delavirdine, desipram"
lopinavir,combination hormonal contraceptives,mechanism,High,1,"Protease inhibitors: Amprenavir, lopinavir, nelfinavir, and ritonavir have been shown to decrease plasma levels of combination hormonal contraceptives;"
EQUETROTM,fluvoxamine,mechanism,High,1,"Agents that are CYP3A4 inhibitors that have been found, or are expected, to increase plasma levels of EQUETROTM are the following: Acetazolamide, azole antifungals, cimetidine, clarithromycin(1), dalfopristin, danazol, delavirdine, diltiazem, erythromycin(1), fluoxetine, fluvoxamine, grapefruit juic"
vitamin B12,aminosalicylic acid,mechanism,High,2,"Aminosalicylic acid may also decrease the absorption of vitamin B12, which can lead to a deficiency."
ritonavir,budesonide,advise,Moderate,1,"If treatment with inhibitors of CYP3A4 activity (such as ketoconazole, intraconazole, ritonavir, indinavir, saquinavir, erythromycin, etc.) is indicated, reduction of the budesonide dose should be considered."
anticoagulant,sulfinpyrazone,effect,Moderate,1,"Drugs that reportedly may increase oral anticoagulant response, ie, increased prothrombin response, in man include:alcohol*;allopurinol;aminosalicylic acid;amiodarone;anabolic steroids;antibiotics;bromelains;chloral hydrate*;chlorpropamide;chymotrypsin;cimetidine;cinchophen;clofibrate;dextran;dextro"
dopamine,metoprolol,effect,Moderate,1,"Cardiac effects of dopamine are antagonized by beta-adrenergic blocking agents, such as propranolol and metoprolol."
cefditoren pivoxil,antacids,advise,Moderate,1,"Although the clinical significance is not known, it is not recommended that cefditoren pivoxil be taken concomitantly with antacids."
NSAID,digoxin,effect,Moderate,1,"Patients who begin taking diclofenac or who increase their diclofenac dose or any other NSAID while taking digoxin, methotrexate, or cyclosporine may develop toxicity characteristics for these drugs."
calcium,Ibandronate,mechanism,High,1,"Products containing calcium and other multivalent cations (such as aluminum, magnesium, iron) are likely to interfere with absorption of Ibandronate."
phenytoin,carbamazepine,mechanism,High,1,"- Drugs that may decrease plasma phenytoin concentrations include: carbamazepine, chronic alcohol abuse, reserpine"
AKINETON,tricyclic antidepressants,effect,Moderate,1,"Drug Interactions: The central anticholinergic syndrome can occur when anticholinergic agents such as AKINETON are administered concomitantly with drugs that have secondary anticholinergic actions, e.g., certain narcotic analgesics such as meperidine, the phenothiazines and other antipsychotics, tri"
NSAIDs,hydralazine,effect,Moderate,1,NSAIDs may decrease the hemodynamic effects of hydralazine;
ciprofloxacin,caffeine,mechanism,High,1,"Some quinolones, including ciprofloxacin, have also been shown to interfere with the metabolism of caffeine."
anticoagulants,tolbutamide,mechanism,High,1,"Oral anticoagulants may potentiate the hypoglycemic action of hypoglycemic agents, eg, tolbutamide and chlorpropamide, by inhibiting their metabolism in the liver."
flurbiprofen,furosemide,advise,Moderate,2,Patients receiving flurbiprofen and furosemide or other diuretics should be observed closely to determine if the desired effect is obtained.
Beta-blockers,insulin,effect,Moderate,2,"Beta-blockers, clonidine, lithium salts, and alcohol may either potentiate or weaken the blood-glucose-lowering effect of insulin."
digoxin,BREVIBLOC,advise,Moderate,2,"Although the interactions observed in these studies do not appear to be of major clinical importance, BREVIBLOC should be titrated with caution in patients being treated concurrently with digoxin, morphine, succinylcholine or warfarin."
lymecycline,iron,mechanism,High,1,"The absorption of lymecycline may be affected by the simultaneous administration of indigestion remedies, iron or zinc supplements."
erythromycin,fexofenadine,mechanism,High,1,These studies indicate that ketoconazole or erythromycin co-administration enhances fexofenadine gastrointestinal absorption.
Clozapine,fluvoxamine,advise,Moderate,1,"Therefore, such combined treatment should be approached with caution and patients should be monitored closely when Clozapine is combined with these drugs, particularly with fluvoxamine."
ALFENTA,CNS depressants,effect,Moderate,1,"Both the magnitude and duration of central nervous system and cardiovascular effects may be enhanced when ALFENTA is administered in combination with other CNS depressants such as barbiturates, tranquilizers, opioids, or inhalation general anesthetics."
cimetidine,flecainide,mechanism,High,1,"In healthy subjects receiving cimetidine (1 gm daily) for one week, plasma flecainide levels increased by about 30% and half-life increased by about 10%."
atorvastatin,CRIXIVAN,advise,Moderate,1,"Use lowest possible dose of atorvastatin with careful monitoring, or consider HMG-CoA reductase inhibitors that are not primarily metabolized by CYP3A4, such as pravastatin, fluvastatin, or rosuvastatin in combination with CRIXIVAN."
BUSULFEX,phenytoin,mechanism,High,1,"Since the pharmacokinetics of BUSULFEX were studied in patients treated with phenytoin, the clearance of BUSULFEX at the recommended dose may be lower and exposure (AUC) higher in patients not treated with phenytoin."
AKINETON,meperidine,effect,Moderate,1,"Drug Interactions: The central anticholinergic syndrome can occur when anticholinergic agents such as AKINETON are administered concomitantly with drugs that have secondary anticholinergic actions, e.g., certain narcotic analgesics such as meperidine, the phenothiazines and other antipsychotics, tri"
rifampin,Gleevec,mechanism,High,1,"Pretreatment of healthy volunteers with multiple doses of rifampin followed by a single dose of Gleevec, increased Gleevec oral-dose clearance by 3.8-fold, which significantly (p 0.05) decreased mean cmax and AUC(0-8)."
anticoagulant,miconazole,effect,Moderate,1,"Drugs that reportedly may increase oral anticoagulant response, ie, increased prothrombin response, in man include:alcohol*;allopurinol;aminosalicylic acid;amiodarone;anabolic steroids;antibiotics;bromelains;chloral hydrate*;chlorpropamide;chymotrypsin;cimetidine;cinchophen;clofibrate;dextran;dextro"
phenobarbital,progestins,mechanism,High,1,"Anticonvulsants (carbamazepine, felbamate, phenobarbital, phenytoin, topiramate): Increase the metabolism of ethinyl estradiol and/or some progestins, leading to possible decrease in contraceptive effectiveness."
SUSTIVA,clarithromycin,effect,Moderate,1,"In uninfected volunteers, 46% developed rash while receiving SUSTIVA and clarithromycin."
ciprofloxacin,cyclosporine,effect,Moderate,1,"Some quinolones, including ciprofloxacin, have been associated with transient elevations in serum creatinine in patients receiving cyclosporine concomitantly."
Etonogestrel,ampicillin,int,Low,1,"Etonogestrel may interact with the following medications: acetaminophen (Tylenol), antibiotics such as ampicillin and tetracycline, anticonvulsants (Dilantin, Phenobarbital, Tegretol, Trileptal, Topamax, Felbatol), antifungals (Gris-PEG, Nizoral, Sporanox), atorvastatin (Lipitor), clofibrate (Atromi"
chlorprothixene,opioids,effect,Moderate,2,"If chlorprothixene is given concomitantly with opioids, the opioid dose should be reduced (by approx. 50%), because chlorprothixene amplifies the therapeutic actions and side-effects of opioids massively."
Amphetamines,phenytoin,mechanism,High,2,Phenytoin: Amphetamines may delay intestinal absorption of phenytoin;
CMI,haloperidol,mechanism,High,1,The plasma concentration of CMI has been reported to be increased by the concomitant administration of haloperidol;
vitamin K antagonists,Activase,effect,Moderate,1,"In addition to bleeding associated with heparin and vitamin K antagonists, drugs that alter platelet function (such as acetylsalicylic acid, dipyridamole and Abciximab) may increase the risk of bleeding if administered prior to, during, or after Activase therapy."
ethoxzolamide,diuretics,effect,Moderate,1,"Coadministration of ethoxzolamide with other diuretics, amphotericin B, and corticosteroids may cause hypokalemia."
beta-adrenergic blocking agents,calcium antagonist,effect,Moderate,2,"Hypotension, AV conduction disturbances, and left ventricular failure have been reported in some patients receiving beta-adrenergic blocking agents when an oral calcium antagonist was added to the treatment regimen."
desipramine hydrochloride,psychotropic agents,effect,Moderate,1,"If desipramine hydrochloride is to be combined with other psychotropic agents such as tranquilizers or sedative/hypnotics, careful consideration should be given to the pharmacology of the agents employed since the sedative effects of desipramine and benzodiazepines (e.g., chlordiazepoxide or diazepa"
phenytoin,corticosteroid,advise,Moderate,2,"Drugs that induce hepatic enzymes such as phenobarbital, phenytoin and rifampin may increase the clearance of corticosteroids and may require increases in corticosteroid dose to achieve the desired response."
TAMBOCOR,propranolol,mechanism,High,2,"In a study involving healthy subjects receiving TAMBOCOR and propranolol concurrently, plasma flecainide levels were increased about 20% and propranolol levels were increased about 30% compared to control values."
NIMBEX,sodium colistemethate,effect,Moderate,1,"Other drugs which may enhance the neuromuscular blocking action of nondepolarizing agents such as NIMBEX include certain antibiotics (e. g., aminoglycosides, tetracyclines, bacitracin, polymyxins, lincomycin, clindamycin, colistin, and sodium colistemethate), magnesium salts, lithium, local anesthet"
Cholestyramine,T4,mechanism,High,1,"Cholestyramine: Cholestyramine binds both T4 and T3 in the intestine, thus impairing absorption of these thyroid hormones."
warfarin,enoxacin,advise,Moderate,1,"Nevertheless, the prothrombin time or other suitable coagulation test should be monitored when warfarin or its derivatives and enoxacin are given concomitantly."
clonidine,insulin,effect,Moderate,2,"Beta-blockers, clonidine, lithium salts, and alcohol may either potentiate or weaken the blood-glucose-lowering effect of insulin."
STRATTERA,albuterol,advise,Moderate,1,Drug-Drug Interactions Albuterol - STRATTERA should be administered with caution to patients being treated with systemically-administered (oral or intravenous) albuterol (or other beta2 agonists) because the action of albuterol on the cardiovascular system can be potentiated resulting in increases i
heroin,Valium,effect,Moderate,1,"Toxicology studies of heroin-related deaths reveal frequent involvement of other central nervous system depressants, including alcohol, benzodiazepines such as diazepam (Valium), and, to a rising degree, methadone."
tetracyclines,anticoagulant,advise,Moderate,3,"Because the tetracyclines have been shown to depress plasma prothrombin activity, patients who are on anticoagulant therapy may require downward adjustment of their anticoagulant dosage."
neomycin sulfate,coumarin,effect,Moderate,1,Oral neomycin sulfate may enhance the effect of coumarin in anticoagulants by decreasing vitamin K availability.
Fluvoxamine,tolbutamide,mechanism,High,2,"RESULTS: During treatment with fluvoxamine, there was a statistically significant decrease in the median of the total clearance of tolbutamide, from 845 mL/h to 688 mL/h, among the volunteers who received 75 mg/d."
AKINETON,antipsychotics,effect,Moderate,1,"Drug Interactions: The central anticholinergic syndrome can occur when anticholinergic agents such as AKINETON are administered concomitantly with drugs that have secondary anticholinergic actions, e.g., certain narcotic analgesics such as meperidine, the phenothiazines and other antipsychotics, tri"
alprazolam,ethanol,effect,Moderate,1,"The benzodiazepines, including alprazolam, produce additive CNS depressant effects when co-administered with other psychotropic medications, anticonvulsants, antihistaminics, ethanol, and other drugs which themselves produce CNS depression."
propoxyphene,alprazolam,mechanism,High,1,"Coadministration of propoxyphene decreased the maximum plasma concentration of alprazolam by 6%, decreased clearance by 38%, and increased half-life by 58%."
diazepam,metamizol,effect,Moderate,1,"Similarly, diazepam decreased the antinociceptive effect of metamizol (only in the tail-flick test) and indomethacin."
Mefloquine,anti-arrhythmic,effect,Moderate,1,"This appears to be the only clinically relevant interaction of this kind with Mefloquine, although theoretically, coadministration of other drugs known to alter cardiac conduction (eg, anti-arrhythmic or beta-adrenergic blocking agents, calcium channel blockers, antihistamines or H1-blocking agents,"
EQUETROTM,diazepam,mechanism,High,1,"Agents that have been found, or are expected to have decreased plasma levels in the presence of EQUETROTM due to induction of CYP enzymes are the following: Acetaminophen, alprazolam, amitriptyline, bupropion, buspirone, citalopram, clobazam, clonazepam, clozapine, cyclosporin, delavirdine, desipram"
ibuprofen,methotrexate,mechanism,High,3,"Methotrexate: Ibuprofen, as well as other nonsteroidal anti-inflammatory drugs, probably reduces the tubular secretion of methotrexate based on in vitro studies in rabbit kidney slices."
ranitidine,IRESSA,mechanism,High,1,Drugs that cause significant sustained elevation in gastric pH (histamine H2-receptor antagonists such as ranitidine or cimetidine) may reduce plasma concentrations of IRESSA and therefore potentially may reduce efficacy.
barbiturates,ketamine,effect,Moderate,1,Prolonged recovery time may occur if barbiturates and/or narcotics are used concurrently with ketamine.
bupropion,Type 1C antiarrhythmics,advise,Moderate,1,"Therefore, co-administration of bupropion with drugs that are metabolized by CYP2D6 isoenzyme including certain antidepressants (e.g., nortriptyline, imipramine, desipramine, paroxetine, fluoxetine, sertraline), antipsychotics (e.g., haloperidol, risperidone, thioridazine), beta-blockers (e.g., meto"
cetirizine,theophylline,mechanism,High,2,"In a multiple dose study of theophylline (400 mg once daily for 3 days) and cetirizine (20 mg once daily for 3 days), a 16% decrease in the clearance of cetirizine was observed."
furosemide,FLOLAN,mechanism,High,1,"In clinical trials, FLOLAN was used with digoxin, diuretics, anticoagulants, oral vasodilators, and supplemental oxygen.In a pharmacokinetic substudy in patients with congestive heart failure receiving furosemide or digoxin in whom therapy with FLOLAN was initiated, apparent oral clearance values fo"
quinolone,sucralfate,mechanism,High,1,"Multivalent Cation-Containing Products: Concurrent administration of a quinolone, including ciprofloxacin, with multivalent cation-containing products such as magnesium or aluminum antacids, sucralfate, VIDEX chewable/buffered tablets or pediatric powder, or products containing calcium, iron, or zin"
felbamate,ethinyl estradiol,mechanism,High,1,"Anticonvulsants (carbamazepine, felbamate, phenobarbital, phenytoin, topiramate): Increase the metabolism of ethinyl estradiol and/or some progestins, leading to possible decrease in contraceptive effectiveness."
bromocriptine mesylate,metoclopramide,effect,Moderate,1,"Compounds in these categories result in a decreased efficacy of bromocriptine mesylate: phenothiazines, haloperidol, metoclopramide, pimozide."
Benzthiazide,lithium,int,Low,1,"Benzthiazide may interact with alcohol, blood thinners, decongestant drugs (allergy, cold, and sinus medicines), diabetic drugs, lithium, norepinephrine, NSAIDs like Aleve or Ibuprofen, and high blood pressure medications."
MAOIs,ethchlorvynol,effect,Moderate,1,"Other depressasnts such as alcohol, barbiturates, and MAOIs may enhance CNS depression when administered with ethchlorvynol."
antiplatelet agents,FLOLAN,effect,Moderate,1,"When other antiplatelet agents or anticoagulants are used concomitantly, there is the potential for FLOLAN to increase the risk of bleeding."
STADOL NS,nasal vasoconstrictor,effect,Moderate,1,"Therefore, a slower onset can be anticipated if STADOL NS is administered concomitantly with, or immediately following, a nasal vasoconstrictor."
Chlorthalidone,tubocurarine,effect,Moderate,1,Chlorthalidone and related drugs may increase the responsiveness to tubocurarine.
phenobarbital sodium,coumaphos,effect,Moderate,1,"In ewes given 40 mg of phenobarbital sodium/kg for 5 days intraperitoneally (IP), the anticholinesterase effect of 4 mg of coumaphos/kg was significantly reduced and signs of toxicity were not present."
Clonidine hydrochloride,barbiturates,effect,Moderate,1,"Clonidine hydrochloride may enhance the CNS-depressive effects of alcohol, barbiturates or other sedatives."
dapsone,saquinavir,mechanism,High,1,"Although specific studies have not been performed, coadministration with drugs that are mainly metabolized by CYP3A4 (eg, calcium channel blockers, dapsone, disopyramide, quinine, amiodarone, quinidine, warfarin, tacrolimus, cyclosporine, ergot derivatives, pimozide, carbamazepine, fentanyl, alfenta"
chlorprothixene,benzodiazepines,effect,Moderate,1,"Consider additive sedative effects and confusional states to emerge, if chlorprothixene is given with benzodiazepines or barbituates."
Norpace,quinidine,mechanism,High,1,Concomitant administration of Norpace and quinidine resulted in slight increases in plasma disopyramide levels and slight decreases in plasma quinidine levels.
diclofenac,methotrexate,effect,Moderate,2,"Patients who begin taking diclofenac or who increase their diclofenac dose or any other NSAID while taking digoxin, methotrexate, or cyclosporine may develop toxicity characteristics for these drugs."
anticoagulant,meprobamate,effect,Moderate,1,"Drugs that have been reported to diminish oral anticoagulant response, ie, decreased prothrom-bin time response, in man significantly include: adrenocortical steroids;alcohol*;antacids;antihistamines;barbiturates;carbamazepine;chloral hydrate*;chlordiazepoxide;cholestyramine;diet high in vitamin K;d"
dopamine HCl,diuretic agents,effect,Moderate,1,Concurrent administration of low-dose dopamine HCl and diuretic agents may produce an additive or potentiating effect on urine flow.
Tiagabine,valproate,mechanism,High,2,"Valproate: The addition of tiagabine to patients taking valproate chronically had no effect on tiagabine pharmacokinetics, but valproate significantly decreased tiagabine binding in vitro from 96.3 to 94.8%, which resulted in an increase of approximately 40% in the free tiagabine concentration."
bromocriptine mesylate,phenothiazines,effect,Moderate,1,"Compounds in these categories result in a decreased efficacy of bromocriptine mesylate: phenothiazines, haloperidol, metoclopramide, pimozide."
VIRACEPT,quinidine,advise,Moderate,1,"Drugs That Should Not Be Coadministered With VIRACEPT Antiarrhythmics: amiodarone, quinidine Antihistamines: astemizole, terfenadine Antimigraine: ergot derivatives Antimycobacterial agents: rifampin Benzodiazepines midazolam, triazolam GI motility agents: cisapride"
pimozide,SPRYCEL,advise,Moderate,1,"Therefore, CYP3A4 substrates known to have a narrow therapeutic index such as alfentanil, astemizole, terfenadine, cisapride, cyclosporine, fentanyl, pimozide, quinidine, sirolimus, tacrolimus, or ergot alkaloids (ergotamine, dihydroergotamine) should be administered with caution in patients receivi"
adenosine,theophylline,effect,Moderate,1,The effects of adenosine are antagonized by methylxanthines such as caffeine and theophylline.
aminoglycosides,HIVID,effect,Moderate,1,"Amphotericin, Foscarnet, and Aminoglycosides: Drugs such as amphotericin, foscarnet, and aminoglycosides may increase the risk of developing peripheral neuropathy or other HIVID-associated adverse events by interfering with the renal clearance of zalcitabine (thereby raising systemic exposure)."
Duloxetine,antidepressants,advise,Moderate,1,"Therefore, co-administration of Duloxetine with other drugs that are extensively metabolized by this isozyme and which have a narrow therapeutic index, including certain antidepressants (tricyclic antidepressants [TCAs], such as nortriptyline, amitriptyline, and imipramine), phenothiazines and Type "
Sildenafil,indinavir,advise,Moderate,1,Sildenafil dose should not exceed a maximum of 25 mg in a 48- hour period in patients receiving concomitant indinavir therapy.
Itraconazole,dihydropyridine calcium channel blockers,effect,Moderate,1,Edema has been reported in patients concomitantly receiving Itraconazole and dihydropyridine calcium channel blockers.
pseudoephedrine,kaolin,mechanism,High,1,"Antacids increase the rate of absorption of pseudoephedrine, while kaolin decreases it."
furosemide,colestipol hydrochloride,mechanism,High,1,"The absorption of tetracycline, furosemide, penicillin G, hydrochlorothiazide, and gemfibrozil was significantly decreased when given simultaneously with colestipol hydrochloride;"
caffeine,sedative-hypnotics,effect,Moderate,1,"Butalbital, acetaminophen and caffeine may enhance the effects of: other narcotic analgesics, alcohol, general anesthetics, tranquilizers such as chlordiazepoxide, sedative-hypnotics, or other CNS depressants, causing increased CNS depression."
phenytoin,sodium valproate,mechanism,High,1,"- Drugs that may either increase or decrease plasma phenytoin concentrations include: phenobarbital, vaiproic acid, and sodium valproate."
dihydroergotamine mesylate,peripheral vasoconstrictors,effect,Moderate,1,"Vasoconstrictors: D.H.E. 45  (dihydroergotamine mesylate) Injection, USP should not be used with peripheral vasoconstrictors because the combination may cause synergistic elevation of blood pressure."
methotrexate,ciprofloxacin,advise,Moderate,2,"Therefore, patients under methotrexate therapy should be carefully monitored when concomitant ciprofloxacin therapy is indicated."
quinolone antimicrobial,warfarin,advise,Moderate,2,"However, because some quinolones have been reported to enhance the effects of warfarin or its derivatives, prothrombin time or other suitable anticoagulation test should be monitored closely if a quinolone antimicrobial is administered with warfarin or its derivatives."
Antihistamines,warfarin,effect,Moderate,1,Antihistamines may partially counteract the anticoagulation effects of heparin or warfarin.
cinoxacin,anticoagulants,effect,Moderate,1,"Quinolones, including cinoxacin, may enhance the effects of oral anticoagulants, such as warfarin or its derivatives."
quinidine,doxepin,mechanism,High,1,"Inhibitors or substrates of CYP2D6 (i.e., quinidine, selective serotonin reuptake inhibitors [SSRIs]) may increase the plasma concentration of doxepin when administered concomitantly."
fentanyl,sedatives,effect,Moderate,1,"Central Nervous System Depressants: The concomitant use of DURAGESIC  (fentanyl transdermal system) with other central nervous system depressants, including but not limited to other opioids, sedatives, hypnotics, tranquilizers (e.g., benzodiazepines), general anesthetics, phenothiazines, skeletal mu"
Amphetamines,tricyclic,effect,Moderate,1,"Antidepressants, tricyclic: Amphetamines may enhance the activity of tricyclic or sympathomimetic agents;"
nondepolarizing agents,procainamide,effect,Moderate,2,"Other drugs which may enhance the neuromuscular blocking action of nondepolarizing agents such as NIMBEX include certain antibiotics (e. g., aminoglycosides, tetracyclines, bacitracin, polymyxins, lincomycin, clindamycin, colistin, and sodium colistemethate), magnesium salts, lithium, local anesthet"
azithromycin,triazolam,mechanism,High,1,"When used in therapeutic doses, azithromycin had a modest effect on the pharmacokinetics of atorvastatin, carbamazepine, cetirizine, didanosine, efavirenz, fluconazole, indinavir, midazolam, rifabutin, sildenafil, theophylline (intravenous and oral), triazolam, trimethoprim/sulfamethoxazole or zidov"
ertapenem,probenecid,mechanism,High,3,"Because of the small effect on half-life, the coadministration with probenecid to extend the half-life of ertapenem is not recommended."
ketoconazole,gefitinib,mechanism,High,2,"Substances that are potent inhibitors of CYP3A4 activity (eg, ketoconazole and itraconazole) decrease gefitinib metabolism and increase gefitinib plasma concentrations."
Beta-blockers,PROLEUKIN,effect,Moderate,1,"Although glucocorticoids have been shown to reduce PROLEUKIN-induced side effects including fever, renal insufficiency, hyperbilirubinemia, confusion, and dyspnea, concomitant administration of these agents with PROLEUKIN may reduce the antitumor effectiveness of PROLEUKIN and thus should be avoided"
HUMORSOL,anticholinesterase agents,int,Low,1,Possible drug interactions of HUMORSOL with succinylcholine or with other anticholinesterase agents.
Nabilone,psychoactive drugs,advise,Moderate,1,"Nabilone should be administered with caution to patients who are taking other psychoactive drugs or CNS depressants, including alcohol, barbiturates and narcotic analgesics, or to those with a history of psychiatric disorder (including manic-depressive illness and schizophrenia)."
Levo-Dromoran,alcohol,effect,Moderate,1,"Interactions with Other CNS Agents: Concurrent use of Levo-Dromoran with all central nervous system depressants (eg, alcohol, sedatives, hypnotics, other opioids, general anesthetics, barbiturates, tricyclic antidepressants, phenothiazines, tranquilizers, skeletal muscle relaxants and antihistamines"
Etonogestrel,phenylbutazone,int,Low,1,"Etonogestrel may interact with the following medications: acetaminophen (Tylenol), antibiotics such as ampicillin and tetracycline, anticonvulsants (Dilantin, Phenobarbital, Tegretol, Trileptal, Topamax, Felbatol), antifungals (Gris-PEG, Nizoral, Sporanox), atorvastatin (Lipitor), clofibrate (Atromi"
bepridil hydrochloride,digoxin,mechanism,High,1,"Digoxin: In controlled studies in healthy volunteers, bepridil hydrochloride either had no effect (one study) or was associated with modest increases, about 30% (two studies) in steady-state serum digoxin concentrations."
colestipol hydrochloride,digoxin,mechanism,High,1,Particular caution should be observed with digitalis preparations since there are conflicting results for the effect of colestipol hydrochloride on the availability of digoxin and digitoxin.
Chlorthalidone,norepinephrine,effect,Moderate,1,Chlorthalidone and related drugs may decrease arterial responsiveness to norepinephrine.
felodipine,anticonvulsant,mechanism,High,1,"Anticonvulsants: In a pharmacokinetic study, maximum plasma concentrations of felodipine were considerably lower in epileptic patients on long-term anticonvulsant therapy (eg, phenytoin, carbamazepine, or phenobarbital) than in healthy volunteers."
sympathomimetic amine,tricyclic antidepressants,advise,Moderate,1,"Avoid the use of preparations such as decongestants and local anesthetics which contain any sympathomimetic amine (e.g., epinephrine, norepinephrine), since it has been reported that tricyclic antidepressants can potentiate the effects of catecholamines."
lithium,TORADOL,mechanism,High,1,"The effect of TORADOL on plasma lithium has not been studied, but cases of increased lithium plasma levels during TORADOL therapy have been reported."
iodine,Carbimazole,effect,Moderate,2,"Iodine or iodine excess may decrease the effect of Carbimazole, and an iodine deficiency can increase the effect of Carbimazole."
TORADOL,probenecid,mechanism,High,2,Probenecid: Concomitant administration of TORADOL ORAL and probenecid resulted in decreased clearance of ketorolac and significant increases in ketorolac plasma levels (total AUC increased approximately threefold from 5.4 to 17.8 m g/h/mL) and terminal half-life increased approximately twofold from 
VIOXX,benazepril,effect,Moderate,1,"In patients with mild to moderate hypertension, administration of 25 mg daily of VIOXX with the ACE inhibitor benazepril, 10 to 40 mg for 4 weeks, was associated with an average increase in mean arterial pressure of about 3 mm Hg compared to ACE inhibitor alone."
xanthine derivatives,beta2-agonists.,effect,Moderate,1,"Corticosteroids, Methylxanthines and Diuretics: Concomitant treatment with xanthine derivatives, steroids, or diuretics may potentiate a possible hypokalemic effect of  beta2-agonists."
clorazepate dipotassium,hexobarbital,effect,Moderate,1,"Animal experience indicates that clorazepate dipotassium prolongs the sleeping time after hexobarbital or after ethyl alcohol, increases the inhibitory effects of chlorpromazine, but does not exhibit monoamine oxidase inhibition."
AKINETON,phenothiazines,effect,Moderate,1,"Drug Interactions: The central anticholinergic syndrome can occur when anticholinergic agents such as AKINETON are administered concomitantly with drugs that have secondary anticholinergic actions, e.g., certain narcotic analgesics such as meperidine, the phenothiazines and other antipsychotics, tri"
imipramine,alprazolam,mechanism,High,1,"The steady state plasma concentrations of imipramine and desipramine have been reported to be increased an average of 31% and 20%, respectively, by the concomitant administration of alprazolam tablets in doses up to 4 mg/day."
aspirin,VIOXX,effect,Moderate,1,"Aspirin: Concomitant administration of low-dose aspirin with VIOXX may result in an increased rate of GI ulceration or other complications, compared to use of VIOXX alone."
Cimetidine,ALFENTA,mechanism,High,1,Cimetidine reduces the clearance of ALFENTA.
Clonidine,sedating drugs,effect,Moderate,1,"Amitriptyline in combination with clonidine enhances the manifestation of corneal lesions in rats Epidural Injection Clonidine may potentiate the CNS-depressive effect of alcohol, barbiturates or other sedating drugs."
erythromycin,ALFENTA,mechanism,High,1,Limited clinical experience indicates that requirements for volatile inhalation anesthetics are reduced by 30 to 50% for the first sixty (60) minutes following ALFENTA induction The concomitant use of erythromycin with ALFENTA can significantly inhibit ALFENTA clearance and may increase the risk of 
omeprazole,cilostazol,mechanism,High,1,Pharmacokinetic studies have demonstrated that omeprazole and erythromycin significantly increased the systemic exposure of cilostazol and/or its major metabolites.
nondepolarizing agents,clindamycin,effect,Moderate,2,"Other drugs which may enhance the neuromuscular blocking action of nondepolarizing agents such as NIMBEX include certain antibiotics (e. g., aminoglycosides, tetracyclines, bacitracin, polymyxins, lincomycin, clindamycin, colistin, and sodium colistemethate), magnesium salts, lithium, local anesthet"
ouabain,PTX,effect,Moderate,2,"In the presence of ouabain (10(-5) M), PTX (10(-8) M) failed to cause the first contraction;"
PRECEDEX,opioids,effect,Moderate,1,"Anesthetics/Sedatives/Hypnotics/Opioids: Co-administration of PRECEDEX with anesthetics, sedatives, hypnotics, and opioids is likely to lead to an enhancement of effects."
Itraconazole,tacrolimus,advise,Moderate,2,"Cyclosporine, tacrolimus and digoxin concentrations should be monitored at the initiation of Itraconazole therapy and frequently thereafter, and the dose of these three drug products adjusted appropriately."
anticoagulant,quinidine,effect,Moderate,1,"Drugs that reportedly may increase oral anticoagulant response, ie, increased prothrombin response, in man include:alcohol*;allopurinol;aminosalicylic acid;amiodarone;anabolic steroids;antibiotics;bromelains;chloral hydrate*;chlorpropamide;chymotrypsin;cimetidine;cinchophen;clofibrate;dextran;dextro"
cephalosporins,aminoglycosides,effect,Moderate,1,"Although the occurrence has not been reported with Cefizox, nephrotoxicity has been reported following concomitant administration of other cephalosporins and aminoglycosides."
anticoagulant,glucagon,effect,Moderate,1,"Drugs that reportedly may increase oral anticoagulant response, ie, increased prothrombin response, in man include:alcohol*;allopurinol;aminosalicylic acid;amiodarone;anabolic steroids;antibiotics;bromelains;chloral hydrate*;chlorpropamide;chymotrypsin;cimetidine;cinchophen;clofibrate;dextran;dextro"
zidovudine,VIRACEPT,advise,Moderate,1,A dose adjustment is not needed when zidovudine is administered with VIRACEPT.
Dexbrompheniramine,monoamine oxidase (MAO) inhibitors,effect,Moderate,2,"Dexbrompheniramine can interact with alcohol or other CNS depressants (may potentiate the CNS depressant effects of either these medications or antihistamines), anticholinergics or other medications with anticholinergic activity (anticholinergic effects may be potentiated when these medications are "
Bezalip retard,cholestryramine,advise,Moderate,1,"- When Bezalip or Bezalip retard is used concurrently with anion-exchange resins (e.g. cholestryramine), an interval of at least 2 hours should be maintained between the two medicines, since the absorption of Bezalip or Bezalip retard is impaired"
Argatroban,warfarin,effect,Moderate,1,"However, the concomitant use of Argatroban and warfarin (5-7.5 mg initial oral dose followed by 2.5-6 mg/day orally for 6-10 days) results in prolongation of the prothrombin time (PT) and International Normalized Ratio (INR)."
antacid,fosinopril,mechanism,High,1,"Antacids: In a clinical pharmacology study, coadministration of an antacid (aluminum hydroxide, magnesium hydroxide, and simethicone) with fosinopril reduced serum levels and urinary excretion of fosinoprilat as compared with fosinopril administered alone, suggesting that antacids may impair absorpt"
CELEBREX,ACE-inhibitors,advise,Moderate,1,This interaction should be given consideration in patients taking CELEBREX concomitantly with ACE-inhibitors.
caffeine,anesthetics,effect,Moderate,1,"Butalbital, acetaminophen and caffeine may enhance the effects of: other narcotic analgesics, alcohol, general anesthetics, tranquilizers such as chlordiazepoxide, sedative-hypnotics, or other CNS depressants, causing increased CNS depression."
sulfonylureas,sulfonamides,effect,Moderate,2,"Immediate and Extended Release Tablets The hypoglycemic action of sulfonylureas may be potentiated by certain drugs including nonsteroidal anti-inflammatory agents, some azoles and other drugs that are highly protein bound, salicylates, sulfonamides, chloramphenicol, probenecid, coumarins, monoamine"
amphotericin B,leukocyte transfusions,effect,Moderate,1,Leukocyte transfusions: acute pulmonary toxicity has been reported in patients receiving intravenous amphotericin B and leukocyte transfusions.
Amprenavir,25-O-desacetylrifabutin,mechanism,High,2,Amprenavir significantly increased the area under the curve at steady state (AUC(ss)) of rifabutin by 2.93-fold and the AUC(ss) of 25-O-desacetylrifabutin by 13.3-fold.
norfloxacin,TIKOSYN,advise,Moderate,1,"Inhibitors of this isoenzyme (e.g., macrolide antibiotics, azole antifungal agents, protease inhibitors, serotonin reuptake inhibitors, amiodarone, cannabinoids, diltiazem, grapefruit juice, nefazadone, norfloxacin, quinine, zafirlukast) should be cautiously coadministered with TIKOSYN as they can p"
NSAIDs,diuretics,effect,Moderate,1,Diuretics: Diclofenac and other NSAIDs can inhibit the activity of diuretics.
Iron,levodopa,mechanism,High,1,Iron salts may reduce the bioavailability of carbidopa and levodopa.
methysergide,AXERT,advise,Moderate,1,"Because there is a theoretical basis that these effects may be additive, use of ergotamine-containing or ergot-type medications (like dihydroergotamine or methysergide) and AXERT within 24 hours of each other should be avoided."
Bumetanide,antihypertensive drugs,effect,Moderate,1,"- Antihypertensives: Bumetanide may potentiate the effect of various antihypertensive drugs, necessitating a reduction in the dosage of these drugs."
tricyclic antidepressants,Cerebyx,effect,Moderate,1,"- Although not a true drug interaction, tricyclic antidepressants may precipitate seizures in susceptible patients and Cerebyx dosage may need to be adjusted"
Acetazolamide,cyclosporine,mechanism,High,1,Acetazolamide may elevate cyclosporine levels.
TORADOL,furosemide,effect,Moderate,1,Furosemide: TORADOL IV/IM reduced the diuretic response to furosemide in normovolemic healthy subjects by approximately 20% (mean sodium and urinary output decreased 17%).
tricyclic antidepressants,encainide,advise,Moderate,1,"Therefore, co-administration of tricyclic antidepressants with other drugs that are metabolized by this isoenzyme, including other antidepressants, phenothiazines, carbamazepine, and Type 1C antiarrhythmics (eg, propafenone, flecainide, and encainide), or that inhibit this enzyme (eg, quinidine), sh"
Quinolones,R-warfarin,mechanism,High,1,"Warfarin: Quinolones, including enoxacin, decrease the clearance of R-warfarin, the less active isomer of racemic warfarin."
Etonogestrel,Lipitor,int,Low,1,"Etonogestrel may interact with the following medications: acetaminophen (Tylenol), antibiotics such as ampicillin and tetracycline, anticonvulsants (Dilantin, Phenobarbital, Tegretol, Trileptal, Topamax, Felbatol), antifungals (Gris-PEG, Nizoral, Sporanox), atorvastatin (Lipitor), clofibrate (Atromi"
cytotoxic,PROLEUKIN,effect,Moderate,1,"Concurrent administration of drugs possessing nephrotoxic (e.g., aminoglycosides, indomethacin), myelotoxic (e.g., cytotoxic chemotherapy), cardiotoxic (e.g., doxorubicin) or hepatotoxic (e.g., methotrexate, asparaginase) effects with PROLEUKIN may increase toxicity in these organ systems."
EQUETROTM,cyclosporin,mechanism,High,1,"Agents that have been found, or are expected to have decreased plasma levels in the presence of EQUETROTM due to induction of CYP enzymes are the following: Acetaminophen, alprazolam, amitriptyline, bupropion, buspirone, citalopram, clobazam, clonazepam, clozapine, cyclosporin, delavirdine, desipram"
alprazolam,psychotropic medications,effect,Moderate,1,"The benzodiazepines, including alprazolam, produce additive CNS depressant effects when co-administered with other psychotropic medications, anticonvulsants, antihistaminics, ethanol, and other drugs which themselves produce CNS depression."
Chlorotrianisene,calcium,int,Low,1,"Chlorotrianisene may interact with antidepressants, aspirin, barbiturates, bromocriptine, calcium supplements, corticosteroids, corticotropin, cyclosporine, dantrolene, nicotine, somatropin, tamoxifen, and warfarin."
cinoxacin,warfarin,effect,Moderate,1,"Quinolones, including cinoxacin, may enhance the effects of oral anticoagulants, such as warfarin or its derivatives."
Cholestyramine,corticosteroids,mechanism,High,1,Cholestyramine: Cholestyramine may increase the clearance of corticosteroids.
nortriptyline hydrochloride,anticholinergic drugs,advise,Moderate,1,Close supervision and careful adjustment of the dosage are required when nortriptyline hydrochloride is used with other anticholinergic drugs or sympathomimetic drugs.
contraceptives,Aprepitant,advise,Moderate,2,"Although a 3-day regimen of Aprepitant given concomitantly with oral contraceptives has not been studied, alternative or back-up methods of contraception should be used."
uricosuric agents,allopurinol,mechanism,High,1,The concomitant administration of uricosuric agents and allopurinol has been associated with a decrease in the excretion of oxypurines (hypoxanthine and xanthine) and an increase in urinary uric acid excretion compared with that observed with allopurinol alone.
Sulfapyridine,Tylenol,int,Low,1,"Sulfapyridine may interact with any of the following: - Acetaminophen (e.g., Tylenol) (with long-term, high-dose use) or"
HUMORSOL,succinylcholine,int,Low,1,Possible drug interactions of HUMORSOL with succinylcholine or with other anticholinesterase agents.
anticoagulant,chymotrypsin,effect,Moderate,1,"Drugs that reportedly may increase oral anticoagulant response, ie, increased prothrombin response, in man include:alcohol*;allopurinol;aminosalicylic acid;amiodarone;anabolic steroids;antibiotics;bromelains;chloral hydrate*;chlorpropamide;chymotrypsin;cimetidine;cinchophen;clofibrate;dextran;dextro"
ADL-8-2698,opioid,effect,Moderate,1,ADL-8-2698 is a novel peripherally restricted opioid antagonist that may selectively prevent opioid-induced gastrointestinal effects without reversing analgesia.
NUROMAX,lithium,effect,Moderate,1,"Other drugs which may enhance the neuromuscular blocking action of nondepolarizing agents such as NUROMAX include certain antibiotics (e. g., aminoglycosides, tetracyclines, bacitracin, polymyxins, lincomycin, clindamycin, colistin, and sodium colistimethate), magnesium salts, lithium, local anesthe"
AKINETON,narcotic analgesics,effect,Moderate,1,"Drug Interactions: The central anticholinergic syndrome can occur when anticholinergic agents such as AKINETON are administered concomitantly with drugs that have secondary anticholinergic actions, e.g., certain narcotic analgesics such as meperidine, the phenothiazines and other antipsychotics, tri"
Cholestyramine,thiazide diuretics,effect,Moderate,2,"May interact with the following: cholestyramine, colestipol (use with thiazide diuretics may prevent the diuretic from working properly;"
aminoglycoside,penicillins,effect,Moderate,1,In vitro mixing of an aminoglycoside with beta-lactamtype antibiotics (penicillins or cephalosporins) may result in a significant mutual inactivation.
benzodiazepines,ergotamine,int,Low,1,"Data from in vitro studies of benzodiazepines other than alprazolam suggest a possible drug interaction for the following: ergotamine, cyclosporine, amiodarone, nicardipine, and nifedipine."
TARCEVA,troleandomycin,advise,Moderate,1,"Caution should be used when administering or taking TARCEVA with ketoconazole and other strong CYP3A4 inhibitors such as, but not limited to, atazanavir, clarithromycin, indinavir, itraconazole, nefazodone, nelfinavir, ritonavir, saquinavir, telithromycin, troleandomycin (TAO), and voriconazole ."
phenothiazines,LEVULAN KERASTICK,effect,Moderate,1,"It is, however, possible that concomitant use of other known photosensitizing agents such as griseofulvin, thiazide diuretics, sulfonylureas, phenothiazines, sulfonamides and tetracyclines might increase the photosensitivity reaction of actinic keratoses treated with the LEVULAN KERASTICK for Topica"
BEXTRA,warfarin,advise,Moderate,1,"Anticoagulant therapy should be monitored, particularly during the first few weeks, after initiating therapy with BEXTRA in patients receiving warfarin or similar agents."
Bentiromide,chloramphenicol,int,Low,1,"Bentiromide may interact with acetaminophen (e.g., Tylenol), chloramphenicol (e.g., Chloromycetin), local anesthetics (e.g., benzocaine and lidocaine), para-aminobenzoic acid (PABA)-containing preparations (e.g., sunscreens and some multivitamins), procainamide (e.g., Pronestyl), sulfonamides (sulfa"
ergot alkaloid class,macrolide class,mechanism,High,1,"Macrolide Antibiotics (e. g. erythromycin and troleandomycin): Agents of the ergot alkaloid class, of which D.H.E. 45  (dihydroergotamine mesylate) Injection, USP is a member, have been shown to interact with antibiotics of the macrolide class, resulting in increased plasma levels of unchanged alkal"
dextromethorphan hydrobromide,antihistamines,effect,Moderate,1,"The use of dextromethorphan hydrobromide may result in additive CNS depressant effects when coadministered with alcohol, antihistamines, psychotropics or other drugs that produce CNS depression."
DISULFIRAM,PHENYTOIN,mechanism,High,3,"The most commonly occurring drug interactions are listed below: - Drugs that may increase plasma phenytoin concentrations include: acute alcohol intake, amiodarone, chboramphenicol, chlordiazepoxide, cimetidine, diazepam, dicumarol, disulfiram, estrogens, ethosuximide, fluoxetine, H2-antagonists, ha"
anakinra,TNF-blocking agent,effect,Moderate,1,"Anakinra: Concurrent administration of anakinra (an interleukin-1 antagonist) and another TNF-blocking agent has been associated with an increased risk of serious infections, an increased risk of neutropenia and no additional benefit compared to these medicinal products alone."
chlorprothixene,tramadol,advise,Moderate,1,Avoid the concomitant use of chlorprothixene and tramadol (Ultram).
anticoagulant,salicylates,effect,Moderate,1,"Drugs that reportedly may increase oral anticoagulant response, ie, increased prothrombin response, in man include:alcohol*;allopurinol;aminosalicylic acid;amiodarone;anabolic steroids;antibiotics;bromelains;chloral hydrate*;chlorpropamide;chymotrypsin;cimetidine;cinchophen;clofibrate;dextran;dextro"
fexofenadine hydrochloride,aluminum,mechanism,High,1,Drug Interactions with Antacids Administration of 120 mg of fexofenadine hydrochloride (2 x 60 mg capsule) within 15 minutes of an aluminum and magnesium containing antacid (Maalox ) decreased fexofenadine AUC by 41% and cmax by 43%.
TCA,fluoxetine,advise,Moderate,1,"Of particular importance, sufficient time must elapse before initiating TCAtreatment in a patient being withdrawn from fluoxetine, given the long half-life of the parent and active metabolite (at least 5 weeks may be necessary)."
ipratropium bromide,anticholinergic medications,effect,Moderate,1,"Anticholinergic agents: Although ipratropium bromide is minimally absorbed into the systemic circulation, there is some potential for an additive interaction with concomitantly used anticholinergic medications."
VIOXX,rifampin,mechanism,High,1,"Rifampin: Co-administration of VIOXX with rifampin 600 mg daily, a potent inducer of hepatic metabolism, produced an approximate 50% decrease in rofecoxib plasma concentrations."
AXERT,SSRI,advise,Moderate,1,"If concomitant treatment with AXERT and an SSRI is clinically warranted, appropriate observation of the patient is advised."
phenobarbital,saquinavir,mechanism,High,1,"Coadministration with compounds that are potent inducers of CYP3A4 (eg, phenobarbital, phenytoin, dexamethasone, carbamazepine) may result in decreased plasma levels of saquinavir."
Chlorprothixene,lithium,mechanism,High,1,Chlorprothixene may increase the plasma-level of concomitantly given lithium.
photosensitizing agents,LEVULAN KERASTICK,effect,Moderate,1,"It is, however, possible that concomitant use of other known photosensitizing agents such as griseofulvin, thiazide diuretics, sulfonylureas, phenothiazines, sulfonamides and tetracyclines might increase the photosensitivity reaction of actinic keratoses treated with the LEVULAN KERASTICK for Topica"
Aprepitant,aprepitant,mechanism,High,1,"therefore, coadministration of Aprepitant with drugs that strongly induce CYP3A4 activity (e.g., rifampin, carbamazepine, phenytoin) may result in reduced plasma concentrations of aprepitant that may result in decreased efficacy of Aprepitant."
aminoglycosides,zalcitabine,mechanism,High,1,"Amphotericin, Foscarnet, and Aminoglycosides: Drugs such as amphotericin, foscarnet, and aminoglycosides may increase the risk of developing peripheral neuropathy or other HIVID-associated adverse events by interfering with the renal clearance of zalcitabine (thereby raising systemic exposure)."
pimozide,citalopram,effect,Moderate,1,"Pimozide and Celexa - In a controlled study, a single dose of pimozide 2 mg co-administered with racemic citalopram 40 mg given once daily for 11 days was associated with a mean increase in QTc values of approximately 10 msec compared to pimozide given alone."
pure agonist opioid analgesic,Levo-Dromoran,advise,Moderate,1,"Interactions with Mixed Agonist/Antagonist Opioid Analgesics: Agonist/antagonist analgesics (eg, pentazocine, nalbuphine, butorphanol, dezocine and buprenorphine) should NOT be administered to a patient who has received or is receiving a course of therapy with a pure agonist opioid analgesic such as"
indomethacin,MIDAMOR,effect,Moderate,1,"Since indomethacin and potassium-sparing diuretics, including MIDAMOR, may each be associated with increased serum potassium levels, the potential effects on potassium kinetics and renal function should be considered when these agents are administered concurrently."
valdecoxib,fluconazole,mechanism,High,2,Concomitant single dose administration of valdecoxib 20 mg with multiple doses of ketoconazole and fluconazole produced a significant increase in exposure of valdecoxib.
foscarnet,HIVID,effect,Moderate,1,"Amphotericin, Foscarnet, and Aminoglycosides: Drugs such as amphotericin, foscarnet, and aminoglycosides may increase the risk of developing peripheral neuropathy or other HIVID-associated adverse events by interfering with the renal clearance of zalcitabine (thereby raising systemic exposure)."
dolasetron,cimetidine,mechanism,High,1,"Blood levels of hydrodolasetron increased 24% when dolasetron was coadministered with cimetidine (nonselective inhibitor of cytochrome P-450) for 7 days, and decreased 28% with coadministration of rifampin (potent inducer of cytochrome P-450) for 7 days."
naratriptan,5-HT1 agonists,advise,Moderate,1,"Because their vasospastic effects may be additive, coadministration of naratriptan and other 5-HT1 agonists within 24 hours of each other is not recommended."
Antacids,pseudoephedrine,mechanism,High,1,"Antacids increase the rate of absorption of pseudoephedrine, while kaolin decreases it."
MPTP,pargyline,effect,Moderate,1,It was observed that MPTP induced long lasting depletions of striatal dopamine concentrations and this neurotoxic effect could be prevented by pargyline pretreatment.
LEVSIN,amantadine,effect,Moderate,1,"Additive adverse effects resulting from cholinergic blockade may occur when LEVSIN is administered concomitantly with other antimuscarinics, amantadine, haloperidol, phenothiazines, monoamine oxidase (MAO) inhibitors, tricyclic antidepressants or some antihistamines."
sulfonamides,LEVULAN KERASTICK,effect,Moderate,1,"It is, however, possible that concomitant use of other known photosensitizing agents such as griseofulvin, thiazide diuretics, sulfonylureas, phenothiazines, sulfonamides and tetracyclines might increase the photosensitivity reaction of actinic keratoses treated with the LEVULAN KERASTICK for Topica"
caffeine,CNS depressants,effect,Moderate,1,"Butalbital, acetaminophen and caffeine may enhance the effects of: other narcotic analgesics, alcohol, general anesthetics, tranquilizers such as chlordiazepoxide, sedative-hypnotics, or other CNS depressants, causing increased CNS depression."
clonidine,beta-blockers,advise,Moderate,2,"Should it be decided to discontinue therapy in patients receiving beta-blockers and clonidine concurrently, the beta-blocker should be discontinued slowly over several days before the gradual withdrawal of clonidine."
Cisapride,antiarrhythmics,advise,Moderate,1,"Cisapride should not be used concomitantly with other drugs known to prolong the QT interval: certain antiarrhythmics, including those of Class IA (such as quinidine and procainamide) and Class III (such as sotalol);"
guanfacine,CNS-depressant drug,effect,Moderate,1,The potential for increased sedation when guanfacine is given with other CNS-depressant drug should be appreciated.
levobupivacaine,ketoconazole,mechanism,High,1,"Although no clinical studies have been conducted, it is likely that the metabolism of levobupivacaine may be affected by the known CYP3A4 inducers (such as phenytoin, phenobarbital, rifampin), CYP3A4 inhibitors (azole antimycotics e.g., ketoconazole;"
anticholinergic,meperidine,effect,Moderate,1,"Drug Interactions: The central anticholinergic syndrome can occur when anticholinergic agents such as AKINETON are administered concomitantly with drugs that have secondary anticholinergic actions, e.g., certain narcotic analgesics such as meperidine, the phenothiazines and other antipsychotics, tri"
Physostigmine,alcohol,effect,Moderate,2,"Physostigmine pretreatment augmented the depressant effect of alcohol on the early components P1 and N1, while attenuating alcohol's influence on components P2 and P3."
vaccines,corticosteroid,advise,Moderate,1,Routine administration of vaccines or toxoids should be deferred until corticosteroid therapy is discontinued if possible.
GL,cefazolin,effect,Moderate,1,Synergism was observed when GL was combined with cefazolin against Bacillus subtilis and Klebsiella oxytoca.
zalcitabine,magnesium,advise,Moderate,1,"The clinical significance of this reduction is not known, hence zalcitabine is not recommended to be ingested simultaneously with magnesium/aluminum-containing antacids."
doxapram,monoamine oxidase inhibiting drugs,effect,Moderate,1,Administration of doxapram to patients who are receiving sympathomimetic or monoamine oxidase inhibiting drugs may result in an additive pressor effect .
Isocarboxazid,disulfiram,advise,Moderate,1,"Isocarboxazid should be administered with caution to patients receiving Antabuse (disulfiram, Wyeth-Ayerst Laboratories)."
Lorazepam,phenothiazines,effect,Moderate,1,"Injection: Lorazepam injection, like other injectable benzodiazepines, produces depression of the central nervous system when administered with ethyl alcohol, phenothiazines, barbiturates, MAO inhibitors, and other antidepressants.When scopolamine is used concomitantly with injectable lorazepam, an "
antihistamines,heparin sodium,effect,Moderate,1,"Drugs Decreasing Heparin Effect: Digitalis, tetracyclines, nicotine, or antihistamines may partially counteract the anticoagulant action of heparin sodium."
buspirone,digoxin,mechanism,High,1,"In vitro, buspirone may displace less firmly bound drugs like digoxin."
Furosemide,norepinephrine,effect,Moderate,1,Furosemide may decrease arterial responsiveness to norepinephrine.
Nevirapine,ketoconazole,advise,Moderate,1,Nevirapine and ketoconazole should not beadministered concomitantly becausedecreases in ketoconazole plasmaconcentrations may reduce the efficacy of the drug.
Duloxetine,thioridazine,advise,Moderate,1,"Because of the risk of serious ventricular arrhythmias and sudden death potentially associated with elevated plasma levels of thioridazine, Duloxetine and thioridazine should not be co-administered."
fexofenadine hydrochloride,ketoconazole,mechanism,High,1,"However, co  administration of fexofenadine hydrochloride with either ketoconazole or erythromycin led to increased plasma concentrations of fexofenadine."
Bromocriptine mesylate,dopamine antagonists,int,Low,1,"Bromocriptine mesylate may interact with dopamine antagonists, butyrophenones, and certain other agents."
Lorazepam,MAO inhibitors,effect,Moderate,1,"Injection: Lorazepam injection, like other injectable benzodiazepines, produces depression of the central nervous system when administered with ethyl alcohol, phenothiazines, barbiturates, MAO inhibitors, and other antidepressants.When scopolamine is used concomitantly with injectable lorazepam, an "
ketoconazole,lapatinib,mechanism,High,1,"Ketoconazole: In healthy subjects receiving ketoconazole, a CYP3A4 inhibitor, at 200 mg twice daily for 7 days, systemic exposure (AUC) to lapatinib was increased to approximately 3.6-fold of control and half-life increased to 1.7-fold of control."
VISTIDE,pentamidine,advise,Moderate,1,"Nephrotoxic agents : Concomitant administration of VISTIDE and agents with nephrotoxic potential [e.g., intravenous aminoglycosides (e.g., tobramycin, gentamicin, and amikacin), amphotericin B, foscarnet, intravenous pentamidine, vancomycin, and non-steroidal anti-inflammatory agents] is contraindic"
Bentiromide,thiazide diuretics,int,Low,1,"Bentiromide may interact with acetaminophen (e.g., Tylenol), chloramphenicol (e.g., Chloromycetin), local anesthetics (e.g., benzocaine and lidocaine), para-aminobenzoic acid (PABA)-containing preparations (e.g., sunscreens and some multivitamins), procainamide (e.g., Pronestyl), sulfonamides (sulfa"
Barbiturates,antibiotics,effect,Moderate,2,"Barbiturates may decrease the effectiveness of oral contraceptives, certain antibiotics, quinidine, theophylline, corticosteroids, anticoagulants, and beta blockers."
levothyroxine sodium,sodium polystyrene sulfonate,mechanism,High,1,"Levothyroxine Sodium Absorption: The following agents may bind and decrease absorption of levothyroxine sodium from the gastrointestinal tract: aluminum hydoxide, cholestyramine resin, colestipol hydrochloride, ferrous sulfate, sodium polystyrene sulfonate, soybean flour (e.g., infant formula), sucr"
clorazepate dipotassium,chlorpromazine,effect,Moderate,1,"Animal experience indicates that clorazepate dipotassium prolongs the sleeping time after hexobarbital or after ethyl alcohol, increases the inhibitory effects of chlorpromazine, but does not exhibit monoamine oxidase inhibition."
combination hormonal contraceptives,caffeine,effect,Moderate,1,ETHANOL / NUTRITION / HERB INTERACTIONS: Food: CNS effects of caffeine may be enhanced if combination hormonal contraceptives are used concurrently with caffeine.
thiazide diuretics,digitalis,effect,Moderate,1,(Concurrent use with thiazide diuretics may enhance the possibility of digitalis toxicity associated with hypokalemia.)
alosetron,ketoconazole,mechanism,High,2,Ketoconazole increased mean alosetron plasma concentrations (AUC) by 29%.
HCTZ,dofetilide,mechanism,High,1,"In patients receiving HCTZ alone, dofetilide AUC increased by 27% and Cmax by 21%."
propafenone,digoxin,mechanism,High,1,"Quinidine, verapamil, amiodarone, propafenone, indomethacin, itraconazole, alprazolam, and spironolactone raise the serum digoxin concentration due to a reduction in clearance and/or in volume of distribution of the drug, with the implication that digitalis intoxication may result."
HYDROXYZINE,CENTRAL NERVOUS SYSTEM DEPRESSANTS,advise,Moderate,2,Therefore when central nervous system depressants are administered concomitantly with hydroxyzine their dosage should be reduced.
Tagamet,theophylline,mechanism,High,2,"Tagamet, apparently through an effect on certain microsomal enzyme systems, has been reported to reduce the hepatic metabolism of warfarin-type anticoagulants, phenytoin, propranolol, nifedipine, chlordiazepoxide, diazepam, certain tricyclic antidepressants, lidocaine, theophylline and metronidazole"
MAO inhibitors,dopamine HCl,advise,Moderate,1,Patients who have been treated with MAO inhibitors within two to three weeks prior to the administration of dopamine HCl should receive initial doses of dopamine HCl no greater than one-tenth (1/10) of the usual dose.
VISTIDE,aminoglycosides,advise,Moderate,1,"Nephrotoxic agents : Concomitant administration of VISTIDE and agents with nephrotoxic potential [e.g., intravenous aminoglycosides (e.g., tobramycin, gentamicin, and amikacin), amphotericin B, foscarnet, intravenous pentamidine, vancomycin, and non-steroidal anti-inflammatory agents] is contraindic"
paclitaxel,doxorubicin,mechanism,High,1,Reports in the literature suggest that plasma levels of doxorubicin (and its active metabolite doxorubicinol) may be increased when paclitaxel and doxorubicin are used in combination.
levothyroxine sodium,estrogens,mechanism,High,1,"Binding to Serum Proteins: The following agents may either inhibit levothyroxine sodium binding to serum proteins or alter the concentrations of serum binding proteins: androgens and related anabolic hormones, asparaginase, clofibrate, estrogens and estrogen-containing compounds, 5-fluorouracil, fur"
Amphetamines,antihistamines,effect,Moderate,2,Antihistamines: Amphetamines may counteract the sedative effect of antihistamines.
monoamine oxidase inhibitors,venlafaxine,effect,Moderate,1,"In patients receiving nonselective monoamine oxidase inhibitors (MAOIs) (e.g., selegiline hydrochloride) in combination with serotoninergic agents (e.g., fluoxetine, fluvoxamine, paroxetine, sertraline, venlafaxine), there have been reports of serious, sometimes fatal, reactions."
digoxin,VAPRISOL,mechanism,High,1,"Therefore, if digoxin is administered with VAPRISOL, the clinician should be alert to the possibility of increases in digoxin levels."
Etonogestrel,Astramorph,int,Low,1,"Etonogestrel may interact with the following medications: acetaminophen (Tylenol), antibiotics such as ampicillin and tetracycline, anticonvulsants (Dilantin, Phenobarbital, Tegretol, Trileptal, Topamax, Felbatol), antifungals (Gris-PEG, Nizoral, Sporanox), atorvastatin (Lipitor), clofibrate (Atromi"
Tagamet,Theo-Dur,mechanism,High,1,"However, a crossover study in healthy subjects receiving either Tagamet 300 mg q.i.d. or 800 mg h.s. concomitantly with a 300 mg b.i.d. dosage of theophylline (Theo-Dur , Key Pharmaceuticals, Inc.) demonstrated less alteration in steady-state theophylline peak serum levels with the 800 mg h.s. regim"
EQUETROTM,Cisplatin,mechanism,High,1,"Agents that are CYP inducers that have been found, or are expected, to decrease plasma levels of EQUETROTM are the following: Cisplatin, doxorubicin HCL, felbamate, rifampin, phenobarbital, Phenytoin(2), primidone, methsuximide, and theophylline Thus, if a patient has been titrated to a stable dosag"
Cocaine,heroin,effect,Moderate,1,Cocaine sometimes proves to be fatal when used in combination with heroin.
INDOCIN,probenecid,mechanism,High,1,"When INDOCIN is given to patients receiving probenecid, the plasma levels of indomethacin are likely to be increased."
dolasetron,rifampin,mechanism,High,1,"Blood levels of hydrodolasetron increased 24% when dolasetron was coadministered with cimetidine (nonselective inhibitor of cytochrome P-450) for 7 days, and decreased 28% with coadministration of rifampin (potent inducer of cytochrome P-450) for 7 days."
nicotine,heparin sodium,effect,Moderate,1,"Drugs Decreasing Heparin Effect: Digitalis, tetracyclines, nicotine, or antihistamines may partially counteract the anticoagulant action of heparin sodium."
NSAIDs,antidiabetic drugs,effect,Moderate,1,"Certain drugs, including nonsteroidal anti-inflammatory agents (NSAIDs), salicylates, monoamine oxidase inhibitors, and non-selective beta-adrenergic-blocking agents may potentiate the hypoglycemic action of Starlix and other oral antidiabetic drugs."
troleandomycin,corticosteroids,mechanism,High,2,Drugs such as troleandomycin and ketoconazole may inhibit the metabolism of corticosteroids and thus decrease their clearance.
TRACRIUM,aminoglycosides,effect,Moderate,1,"Drugs which may enhance the neuromuscular blocking action of TRACRIUM include: enflurane;isoflurane;halothane;certain antibiotics, especially the aminoglycosides and polymyxins;lithium;magnesium salts;procainamide;and quinidine."
atorvastatin,aliskiren,mechanism,High,1,Co-administration of atorvastatin resulted in about a 50% increase in aliskiren Cmax and AUC after multiple dosing.
eplerenone,verapamil,mechanism,High,1,"Administration of eplerenone with other CYP3A4 inhibitors (e.g., erythromycin 500 mg BID, verapamil 240 mg QD, saquinavir 1200 mg TID, fluconazole 200 mg QD) resulted in increases in Cmax of eplerenone ranging from 1.4- to 1.6- fold and AUC from 2.0- to 2.9- fold."
azole antifungal agents,isoniazid,mechanism,High,1,Plasma concentrations of azole antifungal agents are reduced when given concurrently with isoniazid.
fluoxetine,cisapride,mechanism,High,1,Coadministration of fluoxetine significantly decreased cisapride plasma concentrations.
Digoxin,Adenocard,effect,Moderate,1,Digoxin and verapamil use may be rarely associated with ventricular fibrillation when combined with Adenocard.
PRECEDEX,sedative,advise,Moderate,1,"However, due to possible pharmacodynamic interactions, when co-administered with PRECEDEX, a reduction in dosage of PRECEDEX on the concomitant anesthetic, sedative, hypnotic or opioid may be required."
pseudoephedrine,digitalis,effect,Moderate,1,Increased ectopic pacemaker activity can occur when pseudoephedrine is used concomitantly with digitalis.
nifedipine,cimetidine,mechanism,High,2,Cimetidine: A study in 6 healthy volunteers has shown a significant increase in peak nifedipine plasma levels (80%) and area-under-the-curve (74%) after a 1 week course of cimetidine at 1000 mg per day and nifedipine at 40 mg per day.
SSRIs,doxepin,mechanism,High,1,"Inhibitors or substrates of CYP2D6 (i.e., quinidine, selective serotonin reuptake inhibitors [SSRIs]) may increase the plasma concentration of doxepin when administered concomitantly."
Azlocillin,ciprofloxacin,advise,Moderate,1,"Azlocillin should not be administered concomitantly with amikacin, ciprofloxacin, gentamicin, netilmicin, or tobramycin."
Furosemide,succinylcholine,effect,Moderate,1,Furosemide has a tendency to antagonize the skeletal muscle relaxing effect of tubocurarine and may potentiate the action of succinylcholine.
PRINIVIL,triamterene,effect,Moderate,1,"Use of PRINIVIL with potassium-sparing diuretics (e.g., spironolactone, triamterene, or amiloride), potassium supplements, or potassium-containing salt substitutes may lead to significant increases in serum potassium."
fenofibrate,atorvastatin,mechanism,High,1,Concomitant administration of fenofibrate (equivalent to 145 mg TRICOR) with atorvastatin (20 mg) once daily for 10 days resulted in approximately 17% decrease (range from 67% decrease to 44% increase) in atorvastatin AUC values in 22 healthy males.
sympathomimetics,MAO inhibitors,effect,Moderate,1,Effects of sympathomimetics are increased with MAO inhibitors and beta adrenergic blockers.
diltiazem,rifampin,mechanism,High,2,Coadministration of rifampin with diltiazem lowered the diltiazem plasma concentrations to undetectable levels.
ALPHAGAN P,alcohol,advise,Moderate,1,"Although specific drug interaction studies have not been conducted with ALPHAGAN P, the possibility of an additive or potentiating effect with CNS depressants (alcohol, barbiturates, opiates, sedatives, or anesthetics) should be considered."
cimetidine,rofecoxib,mechanism,High,1,"Cimetidine: Co-administration with high doses of cimetidine [800 mg twice daily] increased the Cmax of rofecoxib by 21%, the AUC0-120hr by 23% and the t1/2 by 15%."
ergot-type medications,naratriptan,advise,Moderate,1,"Because there is a theoretical basis that these effects may be additive, use of ergotamine-containing or ergot-type medications (like dihydroergotamine or methysergide) and naratriptan within 24 hours is contraindicated."
enoximone,anagrelide,effect,Moderate,1,"The effects of medicinal products with similar properties such as inotropes milrinone, enoximone, amrinone, olprinone and cilostazol may be exacerbated by anagrelide."
Bentiromide,sulfonamides,int,Low,1,"Bentiromide may interact with acetaminophen (e.g., Tylenol), chloramphenicol (e.g., Chloromycetin), local anesthetics (e.g., benzocaine and lidocaine), para-aminobenzoic acid (PABA)-containing preparations (e.g., sunscreens and some multivitamins), procainamide (e.g., Pronestyl), sulfonamides (sulfa"
rifampin,zaleplon,mechanism,High,1,"Multiple-dose administration of the potent CYP3A4 inducer rifampin (600 mg every 24 hours, q24h, for 14 days), however, reduced zaleplon Cmax and AUC by approximately 80%."
lead,alcohol,effect,Moderate,1,These results suggest that exposure to environmental lead may alter the biological and behavioral responsiveness of an animal to alcohol.
IOPIDINE,sedatives,advise,Moderate,1,"Although no specific drug interactions with topical glaucoma drugs or systemic medications were identified in clinical studies of IOPIDINE 0.5% Ophthalmic Solution, the possibility of an additive or potentiating effect with CNS depressants (alcohol, barbiturates, opiates, sedatives, anesthetics) sho"
Epinephrine,isoproterenol,advise,Moderate,1,Epinephrine should not be administered concomitantly with other sympathomimetic drugs (such as isoproterenol) because of possible additive effects and increased toxicity.
nitrofurantoin,Norfloxacin,effect,Moderate,1,The concomitant use of nitrofurantoin is not recommended since nitrofurantoin may antagonize the antibacterial effect of Norfloxacin in the urinary tract.
tetracyclines,aluminum,mechanism,High,2,"Absorption of tetracyclines is impaired by antacids containing aluminum, calcium, or magnesium, and iron-containing preparations."
fentanyl,central nervous system depressants,effect,Moderate,1,"Central Nervous System Depressants: The concomitant use of DURAGESIC  (fentanyl transdermal system) with other central nervous system depressants, including but not limited to other opioids, sedatives, hypnotics, tranquilizers (e.g., benzodiazepines), general anesthetics, phenothiazines, skeletal mu"
PEGANONE,phenacemide,advise,Moderate,1,Considerable caution should be exercised if PEGANONE is administered concurrently with Phenurone (phenacemide) since paranoid symptoms have been reported during therapy with this combination.
phenobarbital,exemestane,mechanism,High,1,"Co-medications that induce CYP 3A4 (e.g., rifampicin, phenytoin, carbamazepine, phenobarbital, or St. John s wort) may significantly decrease exposure to exemestane."
dopamine HCl,phenytoin,effect,Moderate,2,Administration of phenytoin to patients receiving dopamine HCl has been reported to lead to hypotension and bradycardia.
diltiazem hydrochloride,propranolol,mechanism,High,1,Administration of diltiazem hydrochloride concomitantly with propranolol in five normal volunteers resulted in increased propranolol levels in all subjects and bioavailability of propranolol was increased approximately 50%.
Folic acid,primidone,effect,Moderate,1,"Folic acid in large amounts may counteract the antiepileptic effect of phenobarbital, phenytoin and primidone, and increase the frequency of seizures in susceptible pediatric patients."
ISUPREL,anesthetics,advise,Moderate,1,"ISUPREL should be used with caution, if at all, when potent inhalational anesthetics such as halothane are employed because of potential to sensitize the myocardium to effects of sympathomimetic amines."
Antihistamines,antianxiety agents,effect,Moderate,1,"Antihistamines may have additive effects with alcohol and other CNS depressants, e.g., hypnotics, sedatives, tranquilizers, antianxiety agents."
Macrolide antibiotics,corticosteroid,mechanism,High,1,Antibiotics: Macrolide antibiotics have been reported to cause a significant decrease in corticosteroid clearance.
alosetron,itraconazole,advise,Moderate,1,"Coadministration of alosetron and strong CYP3A4 inhibitors, such as clarithromycin, telithromycin, protease inhibitors, voriconazole, and itraconazole has not been evaluated but should be undertaken with caution because of similar potential drug interactions."
Beta blockers,clonidine,effect,Moderate,3,"If replacing clonidine by beta-blocker therapy, the introduction of beta blockers should be delayed for several days after clonidine administration has stopped."
laxative,CAMPTOSAR,effect,Moderate,1,"It would be expected that laxative use during therapy with CAMPTOSAR would worsen the incidence or severity of diarrhea, but this has not been studied."
digitalis,Tiazac,effect,Moderate,1,Pharmacologic studies indicate that there may be additive effects in prolonging AV conduction when using beta-blockers or digitalis concomitantly with Tiazac.
Aminoglutethimide,corticosteroids,effect,Moderate,1,Aminoglutethimide: Aminoglutethimide may diminish adrenal suppression by corticosteroids.
carbamazepine,corticosteroids,mechanism,High,1,"Hepatic Enzyme Inducers, Inhibitors and Substrates: Drugs which induce cytochrome P450 3A4 (CYP 3A4) enzyme activity (e.g., barbiturates, phenytoin, carbamazepine, rifampin) may enhance the metabolism of corticosteroids and require that the dosage of the corticosteroid be increased."
esomeprazole,iron,mechanism,High,1,"Therefore, esomeprazole may interfere with the absorption of drugs where gastric pH is an important determinant of bioavailability (eg, ketoconazole, iron salts and digoxin)."
chlorprothixene,Ultram,advise,Moderate,1,Avoid the concomitant use of chlorprothixene and tramadol (Ultram).
verapamil,HMG-CoA reductase inhibitor class,effect,Moderate,1,"Amiodarone or Verapamil: The risk of myopathy/rhabdomyolysis is increased when either amiodarone or verapamil is used concomitantly with a closely related member of the HMG-CoA reductase inhibitor class (see WARNINGS, Myopathy/Rhabdomyolysis)."
salicylate,ketorolac,mechanism,High,1,"In vitro studies indicate that, at therapeutic concentrations of salicylate (300 m g/mL), the binding of ketorolac was reduced from approximately 99.2% to 97.5%, representing a potential twofold increase in unbound ketorolac plasma levels."
anticoagulant,diazoxide,effect,Moderate,1,"Drugs that reportedly may increase oral anticoagulant response, ie, increased prothrombin response, in man include:alcohol*;allopurinol;aminosalicylic acid;amiodarone;anabolic steroids;antibiotics;bromelains;chloral hydrate*;chlorpropamide;chymotrypsin;cimetidine;cinchophen;clofibrate;dextran;dextro"
INDOCIN,anticoagulants,effect,Moderate,2,"In post-marketing experience, bleeding has been reported in patients on concomitant treatment with anticoagulants and INDOCIN."
neomycin,ACTH,effect,Moderate,1,"Studies in rats have shown that neomycin administration attenuates certain types of adrenocortical steroid dependent hypertension, including ACTH hypertension."
Chloramphenicol,ceftazidime,effect,Moderate,1,"Chloramphenicol has been shown to be antagonistic to beta-lactam antibiotics, including ceftazidime, based on in vitro studies and time kill curves with enteric gram-negative bacilli."
Perhexiline hydrogen maleate,Bezalip,advise,Moderate,1,- Perhexiline hydrogen maleate or MAO-inhibitors (with hepatotoxic potential) must not be administered together with Bezalip or Bezalip retard.
Colchicine,vitamin B12,mechanism,High,1,Colchicine para-aminosalicylic acid and heavy alcohol intake for longer than 2 weeks may produce malabsorption of vitamin B12.
doxylamine,CNS depressant drugs,effect,Moderate,1,"Potential drug interactions for doxylamine include, increased sedation if doxylamine is combined with other CNS depressant drugs."
PLETAL,erythromycin,advise,Moderate,1,"Since PLETAL is extensively metabolized by cytochrome P-450 isoenzymes, caution should be exercised when PLETAL is coadministered with inhibitors of C.P.A. such as ketoconazole and erythromycin or inhibitors of CYP2C19 such as omeprazole."
Bezalip retard,anticoagulants of the coumarin type,effect,Moderate,1,When Bezalip or Bezalip retard is used at the same time as other medicines or substances the following interactions must be taken into account: - Bezalip and Bezalip retard may enhance the action of anticoagulants of the coumarin type.
tolazamide,doxepin,effect,Moderate,1,Tolazamide: A case of severe hypoglycemia has been reported in a type II diabetic patient maintained on tolazamide (1 gm/day) 11 days after the addition of doxepin (75 mg/day).
griseofulvin,LEVULAN KERASTICK,effect,Moderate,1,"It is, however, possible that concomitant use of other known photosensitizing agents such as griseofulvin, thiazide diuretics, sulfonylureas, phenothiazines, sulfonamides and tetracyclines might increase the photosensitivity reaction of actinic keratoses treated with the LEVULAN KERASTICK for Topica"
EQUETROTM,zonisamide,mechanism,High,1,"Agents that have been found, or are expected to have decreased plasma levels in the presence of EQUETROTM due to induction of CYP enzymes are the following: Acetaminophen, alprazolam, amitriptyline, bupropion, buspirone, citalopram, clobazam, clonazepam, clozapine, cyclosporin, delavirdine, desipram"
phenytoin,phenothiazines,mechanism,High,1,"The most commonly occurring drug interactions are listed below: - Drugs that may increase plasma phenytoin concentrations include: acute alcohol intake, amiodarone, chboramphenicol, chlordiazepoxide, cimetidine, diazepam, dicumarol, disulfiram, estrogens, ethosuximide, fluoxetine, H2-antagonists, ha"
ZEBETA,clonidine,advise,Moderate,1,"In patients receiving concurrent therapy with clonidine, if therapy is to be discontinued, it is suggested that ZEBETA be discontinued for several days before the withdrawal of clonidine."
Cholestyramine,progestins,mechanism,High,1,"Cholestyramine resin may delay or reduce the absorption of concomitant oral medication such as phenylbutazone, warfarin, thiazide diuretics (acidic) or propranolol (basic), as well as tetracycline penicillin G, phenobarbital, thyroid and thyroxine preparations, estrogens and progestins, and digitali"
diuretic,Lotensin,advise,Moderate,1,The possibility of hypotensive effects with Lotensin can be minimized by either discontinuing the diuretic or increasing the salt intake prior to initiation of treatment with Lotensin.
digitoxin,antithyroid agents,mechanism,High,1,Serum concentration of digoxin and digitoxin may increase when patients take antithyroid agents.
imidazole compounds,coumarin,effect,Moderate,1,"When taken orally , imidazole compounds like ketoconazole may enhance the anticoagulant effect of coumarin-like drugs."
methyldopa,sulfapyridine,effect,Moderate,1,"- Methyldopa (e.g., Aldomet) Use of methyldopa with sulfapyridine may increase the chance of side effects affecting the liver and/or the blood"
Nalfon,steroid,advise,Moderate,1,"In patients receiving Nalfon and a steroid concomitantly, any reduction in steroid dosage should be gradual in order to avoid the possible complications of sudden steroid withdrawal."
warfarin,nevirapine,int,Low,2,The in vitro interaction between nevirapine and the antithrombotic agent warfarin is complex.
VIRACEPT,cisapride,advise,Moderate,1,"Drugs That Should Not Be Coadministered With VIRACEPT Antiarrhythmics: amiodarone, quinidine Antihistamines: astemizole, terfenadine Antimigraine: ergot derivatives Antimycobacterial agents: rifampin Benzodiazepines midazolam, triazolam GI motility agents: cisapride"
ENABLEX,tricyclic antidepressants,advise,Moderate,1,"Caution should be taken when ENABLEX is used concomitantly with medications that are predominantly metabolized by CYP2D6 and which have a narrow therapeutic window, such as flecainide, thioridazine and tricyclic antidepressants (see CLINICAL PHARMACOLOGY)."
NSAIDs,cyclosporine,advise,Moderate,3,"Cyclosporine, Digoxin, Methotrexate Lodine, like other NSAIDs, through effects on renal prostaglandins, may cause changes in the elimination of these drugs leading to elevated serum levels of cyclosporine, digoxin, methotrexate, and increased toxicity."
halogenated hydrocarbon anesthetics,catecholamines,effect,Moderate,1,"Cyclopropane or halogenated hydrocarbon anesthetics increase cardiac autonomic irritability and may sensitize the myocardium to the action of certain intravenously administered catecholamines, such as dopamine."
gallamine,Coly-Mycin M,effect,Moderate,1,"Curariform muscle relaxants (eg, tubocurarine) and other drugs, including ether, succinylcholine, gallamine, decamethonium and sodium citrate, potentiate the neuromuscular blocking effect and should be used with extreme caution in patients being treated with Coly-Mycin M Parenteral."
spironolactone,digoxin,mechanism,High,1,"Quinidine, verapamil, amiodarone, propafenone, indomethacin, itraconazole, alprazolam, and spironolactone raise the serum digoxin concentration due to a reduction in clearance and/or in volume of distribution of the drug, with the implication that digitalis intoxication may result."
selective serotonin reuptake inhibitor,sumatriptan,effect,Moderate,1,"Sumatriptan - There have been rare postmarketing reports describing patients with weakness, hyperreflexia, and incoordination following the use of a selective serotonin reuptake inhibitor (SSRI) and sumatriptan."
iloprost,antihypertensive agents,effect,Moderate,1,"However, iloprost has the potential to increase the hypotensive effect of vasodilators and antihypertensive agents."
tricyclic antidepressants,adrenergic agonists,effect,Moderate,1,"BROVANA, as with other beta2-agonists, should be administered with extreme caution to patients being treated with monoamine oxidase inhibitors, tricyclic antidepressants, or drugs known to prolong the QTc interval because the action of adrenergic agonists on the cardiovascular system may be potentia"
nefazadone,TIKOSYN,advise,Moderate,1,"Inhibitors of this isoenzyme (e.g., macrolide antibiotics, azole antifungal agents, protease inhibitors, serotonin reuptake inhibitors, amiodarone, cannabinoids, diltiazem, grapefruit juice, nefazadone, norfloxacin, quinine, zafirlukast) should be cautiously coadministered with TIKOSYN as they can p"
non-depolarizing muscle relaxants,piperacillin,effect,Moderate,1,"Due to their similar mechanism of action, it is expected that the neuromuscular blockade produced by any of the non-depolarizing muscle relaxants could be prolonged in the presence of piperacillin."
Dimenhydrinate,apomorphine,effect,Moderate,1,Dimenhydrinate may decrease emetic response to apomorphine.
digoxin,sulfasalazine,mechanism,High,2,"Antacids, kaolin-pectin, sulfasalazine, neomycin, cholestyramine, certain anticancer drugs, and metoclopramide may interfere with intestinal digoxin absorption, resulting in unexpectedly low serum concentrations."
anticoagulant,dextran,effect,Moderate,1,"Drugs that reportedly may increase oral anticoagulant response, ie, increased prothrombin response, in man include:alcohol*;allopurinol;aminosalicylic acid;amiodarone;anabolic steroids;antibiotics;bromelains;chloral hydrate*;chlorpropamide;chymotrypsin;cimetidine;cinchophen;clofibrate;dextran;dextro"
sulfonylurea,probenecid,effect,Moderate,1,"The hypoglycemic action of sulfonylurea may be potentiated by certain drugs including nonsteroidal anti-inflammatory agents and other drugs that are highly protein bound, salicylates, sulfonamides, chloramphenicol, probenecid, coumarins, monoamine oxidase inhibitors, and beta adrenergic blocking age"
Epinephrine,sympathomimetic drugs,advise,Moderate,1,Epinephrine should not be administered concomitantly with other sympathomimetic drugs (such as isoproterenol) because of possible additive effects and increased toxicity.
anticoagulant,glutethimide,effect,Moderate,1,"Drugs that have been reported to diminish oral anticoagulant response, ie, decreased prothrom-bin time response, in man significantly include: adrenocortical steroids;alcohol*;antacids;antihistamines;barbiturates;carbamazepine;chloral hydrate*;chlordiazepoxide;cholestyramine;diet high in vitamin K;d"
interferon beta-1a,TYSABRI,mechanism,High,1,"After multiple dosing, interferon beta-1a (AVONEX  30 mcg IM once weekly) reduced TYSABRI  clearance by approximately 30%."
alprazolam,ergotamine,int,Low,1,"Data from in vitro studies of benzodiazepines other than alprazolam suggest a possible drug interaction for the following: ergotamine, cyclosporine, amiodarone, nicardipine, and nifedipine."
Chlorotrianisene,corticotropin,int,Low,1,"Chlorotrianisene may interact with antidepressants, aspirin, barbiturates, bromocriptine, calcium supplements, corticosteroids, corticotropin, cyclosporine, dantrolene, nicotine, somatropin, tamoxifen, and warfarin."
chloroprocaine,sulfonamide drug,advise,Moderate,1,"Therefore, chloroprocaine should not be used in any condition in which a sulfonamide drug is being employed."
Anti-arrhythmics,bepridil hydrochloride,effect,Moderate,1,Anti-arrhythmics and tricyclic anti-depressants could exaggerate the prolongation of the QT interval observed with bepridil hydrochloride.
anticoagulant,prolonged narcotics,effect,Moderate,1,"Drugs that reportedly may increase oral anticoagulant response, ie, increased prothrombin response, in man include:alcohol*;allopurinol;aminosalicylic acid;amiodarone;anabolic steroids;antibiotics;bromelains;chloral hydrate*;chlorpropamide;chymotrypsin;cimetidine;cinchophen;clofibrate;dextran;dextro"
PRINIVIL,amiloride,effect,Moderate,1,"Use of PRINIVIL with potassium-sparing diuretics (e.g., spironolactone, triamterene, or amiloride), potassium supplements, or potassium-containing salt substitutes may lead to significant increases in serum potassium."
caffeine,cimetidine,advise,Moderate,1,"Based on adult data, lower doses of caffeine may be needed following coadministration of drugs which are reported to decrease caffeine elimination (e.g., cimetidine and ketoconazole) and higher caffeine doses may be needed following coadministration of drugs that increase caffeine elimination (e.g.,"
diethylpropion,antihypertensive drugs,int,Low,1,"conversely, diethylpropion may interfere with antihypertensive drugs (i.e., guanethidine, a-methyldopa)."
penicillins,probenecid,mechanism,High,1,"(1968, 1970), the higher serum concentrations of penicillins and cephaloridine reached after administration of probenecid are due not only to slower renal elimination but also to an altered distribution in the body."
Bentiromide,anesthetics,int,Low,1,"Bentiromide may interact with acetaminophen (e.g., Tylenol), chloramphenicol (e.g., Chloromycetin), local anesthetics (e.g., benzocaine and lidocaine), para-aminobenzoic acid (PABA)-containing preparations (e.g., sunscreens and some multivitamins), procainamide (e.g., Pronestyl), sulfonamides (sulfa"
clozapine,benzodiazepine,advise,Moderate,1,"Although it has not been established that there is an interaction between Clozapine and benzodiazepines or other psychotropics, caution is advised when clozapine is initiated in patients taking a benzodiazepine or any other psychotropic drug."
Benzthiazide,NSAIDs,int,Low,1,"Benzthiazide may interact with alcohol, blood thinners, decongestant drugs (allergy, cold, and sinus medicines), diabetic drugs, lithium, norepinephrine, NSAIDs like Aleve or Ibuprofen, and high blood pressure medications."
EDECRIN,aminoglycoside,effect,Moderate,1,EDECRIN may increase the ototoxic potential of other drugs such as aminoglycoside and some cephalosporin antibiotics.
Benzthiazide,norepinephrine,int,Low,1,"Benzthiazide may interact with alcohol, blood thinners, decongestant drugs (allergy, cold, and sinus medicines), diabetic drugs, lithium, norepinephrine, NSAIDs like Aleve or Ibuprofen, and high blood pressure medications."
Benazepril,beta-adrenergic blockers,effect,Moderate,1,"Benazepril, like other ACE inhibitors, has had less than additive effects with beta-adrenergic blockers, presumably because both drugs lower blood pressure by inhibiting parts of the renin-angiotensin system"
PRINIVIL,potassium,effect,Moderate,1,"Use of PRINIVIL with potassium-sparing diuretics (e.g., spironolactone, triamterene, or amiloride), potassium supplements, or potassium-containing salt substitutes may lead to significant increases in serum potassium."
corticosteroid,live vaccines,effect,Moderate,1,Vaccines: Patients on corticosteroid therapy may exhibit a diminished response to toxoids and live or inactivated vaccines due to inhibition of antibody response.
steroidal anti-inflammatory agent,loop diuretics,effect,Moderate,1,"(In some patients, the steroidal anti-inflammatory agent can reduce the diuretic, natriuretic, and antihypertensive effects of loop, potassium sparing, and thiazide diuretics."
FLEXERIL,barbiturates,effect,Moderate,1,"FLEXERIL may enhance the effects of alcohol, barbiturates, and other CNS depressants."
aluminum hydroxide,enoxacin,mechanism,High,1,Antacids containing aluminum hydroxide and magnesium hydroxide reduce the oral absorption of enoxacin by 75%.
Probenecid,ampicillin,mechanism,High,1,Probenecid: May decrease renal tubular secretion of ampicillin resulting in increased blood levels and/or ampicillin toxicity.
epinephrine,cyclopropane,effect,Moderate,1,"Administration of epinephrine to patients receiving cyclopropane or halogenated hydrocarbon general anesthetics such as halothane which sensitize the myocardium, may induce cardiac arrhythmia.."
Erythromycin,benzodiazepines,effect,Moderate,1,Erythromycin has been reported to decrease the clearance of triazolam and midazolam and thus may increase the pharmacologic effect of these benzodiazepines.
ROMAZICON,benzodiazepine,effect,Moderate,1,"Although ROMAZICON exerts a slight intrinsic anticonvulsant effect, its abrupt suppression of the protective effect of a benzodiazepine agonist can give rise to convulsions in epileptic patients."
Urinary acidifying,amphetamines,mechanism,High,1,Urinary acidifying agents decrease blood levels and increase excretion of amphetamines.
phenytoin,furosemide,effect,Moderate,1,"- Drugs whose efficacy is impaired by phenytoin include: anticoagulants, corticosteroids, coumarin, digitoxin, doxycycline, estrogens, furosemide, oral contraceptives, rifampin, quinidine, theophylline, vitamin D."
anticholinergic,narcotic analgesics,effect,Moderate,1,"Drug Interactions: The central anticholinergic syndrome can occur when anticholinergic agents such as AKINETON are administered concomitantly with drugs that have secondary anticholinergic actions, e.g., certain narcotic analgesics such as meperidine, the phenothiazines and other antipsychotics, tri"
NSAIDs,Ibandronate,advise,Moderate,1,"However, since aspirin, NSAIDs, and bisphosphonates are all associated with gastrointestinal irritation, caution should be exercised in the concomitant use of aspirin or NSAIDs with Ibandronate."
digoxin,antithyroid agents,mechanism,High,1,Serum concentration of digoxin and digitoxin may increase when patients take antithyroid agents.
iloprost,anticoagulants,effect,Moderate,1,"Since iloprost inhibits platelet function, there is a potential for increased risk of bleeding, particularly in patients maintained on anticoagulants."
bupropion,metoprolol,advise,Moderate,1,"Therefore, co-administration of bupropion with drugs that are metabolized by CYP2D6 isoenzyme including certain antidepressants (e.g., nortriptyline, imipramine, desipramine, paroxetine, fluoxetine, sertraline), antipsychotics (e.g., haloperidol, risperidone, thioridazine), beta-blockers (e.g., meto"
hormonal contraceptives,diazepam,mechanism,High,1,"Benzodiazepines: Combination hormonal contraceptives may decrease the clearance of some benzodiazepines (alprazolam, chlordiazepoxide, diazepam) and increase the clearance of others (lorazepam, oxazepam, temazepam)."
TORADOL,psychoactive drugs,effect,Moderate,1,"Psychoactive Drugs: Hallucinations have been reported when TORADOL was used in patients taking psychoactive drugs (fluoxetine, thiothixene, alprazolam)."
agents with b-blocking properties,reserpine,effect,Moderate,1,"Catecholamine-depleting Agents: Patients taking both agents with b-blocking properties and a drug that can deplete catecholamines (e.g., reserpine and monoamine oxidase inhibitors) should be observed closely for signs of hypotension and/or severe bradycardia."
benzodiazepines,isoniazide,mechanism,High,1,"The following are examples of drugs known to inhibit the metabolism of other related benzodiazepines, presumably through inhibition of CYP3A: nefazodone, fluvoxamine, cimetidine, diltiazem, isoniazide, and some macrolide antibiotics."
NIMBEX,procainamide,effect,Moderate,1,"Other drugs which may enhance the neuromuscular blocking action of nondepolarizing agents such as NIMBEX include certain antibiotics (e. g., aminoglycosides, tetracyclines, bacitracin, polymyxins, lincomycin, clindamycin, colistin, and sodium colistemethate), magnesium salts, lithium, local anesthet"
Lodine,digoxin,mechanism,High,1,"Cyclosporine, Digoxin, Methotrexate Lodine, like other NSAIDs, through effects on renal prostaglandins, may cause changes in the elimination of these drugs leading to elevated serum levels of cyclosporine, digoxin, methotrexate, and increased toxicity."
carbamazepine,lapatinib,mechanism,High,1,"Carbamazepine: In healthy subjects receiving the CYP3A4 inducer, carbamazepine, at 100 mg twice daily for 3 days and 200 mg twice daily for 17 days, systemic exposure (AUC) to lapatinib was decreased approximately 72%."
L-arginine,sildenafil citrate,effect,Moderate,1,"Sildenafil citrate - Theoretically, L-arginine supplements taken concomitantly with sildenafil citrate, may potentiate the effects of the drug."
NIMBEX,quinidine,effect,Moderate,1,"Other drugs which may enhance the neuromuscular blocking action of nondepolarizing agents such as NIMBEX include certain antibiotics (e. g., aminoglycosides, tetracyclines, bacitracin, polymyxins, lincomycin, clindamycin, colistin, and sodium colistemethate), magnesium salts, lithium, local anesthet"
Ketoprofen,methotrexate,mechanism,High,1,"Methotrexate: Ketoprofen, like other NSAIDs, may cause changes in the elimination of methotrexate leading to elevated serum levels of the drug and increased toxicity."
fentanyl,opioids,effect,Moderate,1,"Central Nervous System Depressants: The concomitant use of DURAGESIC  (fentanyl transdermal system) with other central nervous system depressants, including but not limited to other opioids, sedatives, hypnotics, tranquilizers (e.g., benzodiazepines), general anesthetics, phenothiazines, skeletal mu"
digoxin,amiodarone,mechanism,High,4,"During amiodarone administration, systemic clearance of digoxin was reduced from 234 +/- 72 ml/min (mean +/- standard deviation) to 172 +/- 33 ml/min (p less than 0.01)."
estazolam,estazolam,mechanism,High,1,"While no in vivo drug-drug interaction studies were conducted between estazolam and inducers of CYP3A, compounds that are potent CYP3A inducers (such as carbamazepine, phenytoin, rifampin, and barbiturates) would be expected to decrease estazolam concentrations."
Etonogestrel,Prelone,int,Low,1,"Etonogestrel may interact with the following medications: acetaminophen (Tylenol), antibiotics such as ampicillin and tetracycline, anticonvulsants (Dilantin, Phenobarbital, Tegretol, Trileptal, Topamax, Felbatol), antifungals (Gris-PEG, Nizoral, Sporanox), atorvastatin (Lipitor), clofibrate (Atromi"
EQUETROTM,erythromycin,mechanism,High,1,"Agents that are CYP3A4 inhibitors that have been found, or are expected, to increase plasma levels of EQUETROTM are the following: Acetazolamide, azole antifungals, cimetidine, clarithromycin(1), dalfopristin, danazol, delavirdine, diltiazem, erythromycin(1), fluoxetine, fluvoxamine, grapefruit juic"
WELLBUTRIN,antidepressants,advise,Moderate,1,"Drugs that Lower Seizure Threshold: Concurrent administration of WELLBUTRIN and agents (e.g., antipsychotics, other antidepressants, theophylline, systemic steroids, etc.) that lower seizure threshold should be undertaken only with extreme caution."
Argatroban,thrombolytics,effect,Moderate,1,"Co-administration: Concomitant use of Argatroban with antiplatelet agents, thrombolytics, and other anticoagulants may increase the risk of bleeding."
Bosentan,statins,mechanism,High,1,"Bosentan is also expected to reduce plasma concentrations of other statins that have significant metabolism by CYP3A4, such as lovastatin and atorvastatin."
chlorpromazine,trihexyphenidyl,effect,Moderate,1,"The concurrent use of two or more drugs with anticholinergic activity--such as an antipsychotic drug (eg, chlorpromazine), an antiparkinsonian drug (eg, trihexyphenidyl), and/or a tricyclic antidepressant (eg, amitriptyline)--commonly results in excessive anticholinergic effects, including dry mouth"
picrotoxin,diazepam,effect,Moderate,1,"[The GABA-ergic system and brain edema] It has been shown in rats with experimental toxic and traumatic edemas that picrotoxin (1 mg/kg) removes the antiedematous action of diazepam, phenazepam, phenibut and amizyl and reduces the action of phentolamine."
EQUETROTM,centrally acting drugs,advise,Moderate,1,"Because of its primary CNS effect, caution should be used when EQUETROTM is taken with other centrally acting drugs and alcohol."
phenytoin,quinidine,effect,Moderate,1,"- Drugs whose efficacy is impaired by phenytoin include: anticoagulants, corticosteroids, coumarin, digitoxin, doxycycline, estrogens, furosemide, oral contraceptives, rifampin, quinidine, theophylline, vitamin D."
Methionine,gentamicin,effect,Moderate,1,Gentamicin - Methionine may protect against the ototoxic effects of gentamicin.
Bentiromide,Pronestyl,int,Low,1,"Bentiromide may interact with acetaminophen (e.g., Tylenol), chloramphenicol (e.g., Chloromycetin), local anesthetics (e.g., benzocaine and lidocaine), para-aminobenzoic acid (PABA)-containing preparations (e.g., sunscreens and some multivitamins), procainamide (e.g., Pronestyl), sulfonamides (sulfa"
nalidixic acid,warfarin,effect,Moderate,1,"Quinolones, including nalidixic acid, may enhance the effects of the oral anticoagulant warfarin or its derivatives."
Sympathomimetics,reserpine,effect,Moderate,2,"The antihypertensive effects of methyldopa, mecamylamine, reserpine, and veratrum alkaloids may be reduced by sympathomimetics."
SPRYCEL,indinavir,mechanism,High,1,"Concomitant use of SPRYCEL and drugs that inhibit CYP3A4 (eg, ketoconazole, itraconazole, erythromycin, clarithromycin, ritonavir, atazanavir, indinavir, nefazodone, nelfinavir, saquinavir, telithromycin) may increase exposure to dasatinib and should be avoided."
Chlorotrianisene,nicotine,int,Low,1,"Chlorotrianisene may interact with antidepressants, aspirin, barbiturates, bromocriptine, calcium supplements, corticosteroids, corticotropin, cyclosporine, dantrolene, nicotine, somatropin, tamoxifen, and warfarin."
erythromycin,bexarotene,mechanism,High,1,"On the basis of the metabolism of bexarotene by cytochrome P450 3A4, ketoconazole, itraconazole, erythromycin, gemfibrozil, grapefruit juice, and other inhibitors of cytochrome P450 3A4 would be expected to lead to an increase in plasma bexarotene concentrations."
nevirapine,methadone,advise,Moderate,2,Methadone levels may be decreased; increased dosages may be required to prevent symptoms of opiate withdrawal. Methadone maintained patients beginning nevirapine therapy should be monitored forevidence of withdrawal and methadone dose should be adjusted accordingly.
nondepolarizing agents,sodium colistemethate,effect,Moderate,1,"Other drugs which may enhance the neuromuscular blocking action of nondepolarizing agents such as NIMBEX include certain antibiotics (e. g., aminoglycosides, tetracyclines, bacitracin, polymyxins, lincomycin, clindamycin, colistin, and sodium colistemethate), magnesium salts, lithium, local anesthet"
Robinul,potassium chloride,mechanism,High,1,Concomitant administration of Robinul Injection and potassium chloride in a wax matrix may increase the severity of potassium chloride-induced gastrointestinal lesions as a result of a slower gastrointestinal transit time.
docetaxel,ketoconazole,mechanism,High,1,"In vitro studies have shown that the metabolism of docetaxel may be modified by the concomitant administration of compounds that induce, inhibit, or are metabolized by cytochrome P450 3A4, such as cyclosporine, terfenadine, ketoconazole, erythromycin, and troleandomycin."
NUROMAX,anesthetics,effect,Moderate,1,"Other drugs which may enhance the neuromuscular blocking action of nondepolarizing agents such as NUROMAX include certain antibiotics (e. g., aminoglycosides, tetracyclines, bacitracin, polymyxins, lincomycin, clindamycin, colistin, and sodium colistimethate), magnesium salts, lithium, local anesthe"
Tagamet,nifedipine,mechanism,High,1,"Tagamet, apparently through an effect on certain microsomal enzyme systems, has been reported to reduce the hepatic metabolism of warfarin-type anticoagulants, phenytoin, propranolol, nifedipine, chlordiazepoxide, diazepam, certain tricyclic antidepressants, lidocaine, theophylline and metronidazole"
alcohol,hydrocodone,effect,Moderate,1,"Patients receiving other narcotic analgesics, antipsychotics, antianxiety agents, or other CNS depressants (including alcohol) concomitantly with hydrocodone and acetaminophen tablets may exhibit an additive CNS depression."
trihexyphenidyl,amitriptyline,effect,Moderate,1,"The concurrent use of two or more drugs with anticholinergic activity--such as an antipsychotic drug (eg, chlorpromazine), an antiparkinsonian drug (eg, trihexyphenidyl), and/or a tricyclic antidepressant (eg, amitriptyline)--commonly results in excessive anticholinergic effects, including dry mouth"
sulfonylurea,sulfonamides,effect,Moderate,1,"The hypoglycemic action of sulfonylurea may be potentiated by certain drugs including nonsteroidal anti-inflammatory agents and other drugs that are highly protein bound, salicylates, sulfonamides, chloramphenicol, probenecid, coumarins, monoamine oxidase inhibitors, and beta adrenergic blocking age"
alosetron,protease inhibitors,advise,Moderate,1,"Coadministration of alosetron and strong CYP3A4 inhibitors, such as clarithromycin, telithromycin, protease inhibitors, voriconazole, and itraconazole has not been evaluated but should be undertaken with caution because of similar potential drug interactions."
enoxacin,fenbufen,effect,Moderate,1,Non-steroidal anti-inflammatory agents: Seizures have been reported in patients taking enoxacin concomitantly with the nonsteroidal anti-inflammatory drug fenbufen.
codeine,antihistamines,effect,Moderate,1,"The use of codeine may result in additive CNS depressant effects when coadministered with alcohol, antihistamines, psychotropics or other drugs that produce CNS depression."
nondepolarizing agents,NIMBEX,effect,Moderate,1,"Other drugs which may enhance the neuromuscular blocking action of nondepolarizing agents such as NIMBEX include certain antibiotics (e. g., aminoglycosides, tetracyclines, bacitracin, polymyxins, lincomycin, clindamycin, colistin, and sodium colistemethate), magnesium salts, lithium, local anesthet"
TRACRIUM,quinidine,effect,Moderate,1,"Drugs which may enhance the neuromuscular blocking action of TRACRIUM include: enflurane;isoflurane;halothane;certain antibiotics, especially the aminoglycosides and polymyxins;lithium;magnesium salts;procainamide;and quinidine."
antipsychotic agents,alcohol,effect,Moderate,1,"As with other antipsychotic agents, it should be noted that HALDOL may be capable of potentiating CNS depressants such as anesthetics, opiates, and alcohol."
Ethopropazine,alcohol,effect,Moderate,1,"Ethopropazine may interact with alcohol or other CNS depressants, causing increased sedative effects."
Itraconazole,hypoglycemic agents,advise,Moderate,1,Blood glucose concentrations should be carefully monitored when Itraconazole and oral hypoglycemic agents are coadministered.
neomycin,penicillin V,mechanism,High,1,"Oral neomycin inhibits the gastrointestinal absorption of penicillin V, oral vitamin B-12, methotrexate and 5-fluorouracil."
b-lactam antibiotics,cefdinir,mechanism,High,1,"Probenecid: As with other b-lactam antibiotics, probenecid inhibits the renal excretion of cefdinir, resulting in an approximate doubling in A.C. a 54% increase in peak cefdinir plasma levels, and a 50% prolongation in the apparent elimination half-life."
erythromycin,cisapride,mechanism,High,4,"There have been postmarketing reports of drug interactions when erythromycin is coadministered with cisapride, resulting in QT prolongation, cardiac arrythmias, ventricular tachycardia, ventricular fibrulation, and torsades de pointes, most like due to inhibition of hepatic metabolism of cisapride b"
ERGOMAR,triacetyloleandomycin,mechanism,High,1,The effects of ERGOMAR may be potentiated by triacetyloleandomycin which inhibits the metabolism of ergotamine.
Acetazolamide,methenamine,effect,Moderate,1,Acetazolamide may prevent the urinary antiseptic effect of methenamine.
apomorphine,5HT3 antagonist class,advise,Moderate,1,"5HT3 Antagonists: Based on reports of profound hypotension and loss of consciousness when apomorphine was administered with ondansetron, the concomitant use of apomorphine with drugs of the 5HT3 antagonist class (including, for example, ondansetron, granisetron, dolasetron, palonosetron, and alosetr"
fentanyl,phenothiazines,effect,Moderate,1,"Central Nervous System Depressants: The concomitant use of DURAGESIC  (fentanyl transdermal system) with other central nervous system depressants, including but not limited to other opioids, sedatives, hypnotics, tranquilizers (e.g., benzodiazepines), general anesthetics, phenothiazines, skeletal mu"
tricyclic antidepressants,hydrocodone,effect,Moderate,1,The use of MAO inhibitors or tricyclic antidepressants with hydrocodone preparations may increase the effect of either the antidepressant or hydrocodone.
anticoagulant,chlordiazepoxide,effect,Moderate,1,"Drugs that have been reported to diminish oral anticoagulant response, ie, decreased prothrom-bin time response, in man significantly include: adrenocortical steroids;alcohol*;antacids;antihistamines;barbiturates;carbamazepine;chloral hydrate*;chlordiazepoxide;cholestyramine;diet high in vitamin K;d"
Lorazepam,antidepressants,effect,Moderate,1,"Injection: Lorazepam injection, like other injectable benzodiazepines, produces depression of the central nervous system when administered with ethyl alcohol, phenothiazines, barbiturates, MAO inhibitors, and other antidepressants.When scopolamine is used concomitantly with injectable lorazepam, an "
HALDOL,anesthetics,effect,Moderate,1,"As with other antipsychotic agents, it should be noted that HALDOL may be capable of potentiating CNS depressants such as anesthetics, opiates, and alcohol."
alfentanil,SPRYCEL,advise,Moderate,1,"Therefore, CYP3A4 substrates known to have a narrow therapeutic index such as alfentanil, astemizole, terfenadine, cisapride, cyclosporine, fentanyl, pimozide, quinidine, sirolimus, tacrolimus, or ergot alkaloids (ergotamine, dihydroergotamine) should be administered with caution in patients receivi"
histamine H2-receptor antagonists,IRESSA,mechanism,High,1,Drugs that cause significant sustained elevation in gastric pH (histamine H2-receptor antagonists such as ranitidine or cimetidine) may reduce plasma concentrations of IRESSA and therefore potentially may reduce efficacy.
ketoconazole,zaleplon,mechanism,High,1,Other strong selective CYP3A4 inhibitors such as ketoconazole can also be expected to increase the exposure of zaleplon.
aminoglycoside,cephalosporins,effect,Moderate,1,In vitro mixing of an aminoglycoside with beta-lactamtype antibiotics (penicillins or cephalosporins) may result in a significant mutual inactivation.
digoxin,ketoconazole,advise,Moderate,1,"It is, therefore, advisable to monitor digoxin concentrations in patients receiving ketoconazole."
sulfonylureas,azoles,effect,Moderate,1,"Immediate and Extended Release Tablets The hypoglycemic action of sulfonylureas may be potentiated by certain drugs including nonsteroidal anti-inflammatory agents, some azoles and other drugs that are highly protein bound, salicylates, sulfonamides, chloramphenicol, probenecid, coumarins, monoamine"
ouabain,Innovar,effect,Moderate,1,"Ventricular tachycardia induced by ouabain was generally converted to sinus rhythm following administration of Innovar, ketamine, or droperidol but not after administration of fentayl alone or after pentobarbital."
protease inhibitors,TIKOSYN,advise,Moderate,1,"Inhibitors of this isoenzyme (e.g., macrolide antibiotics, azole antifungal agents, protease inhibitors, serotonin reuptake inhibitors, amiodarone, cannabinoids, diltiazem, grapefruit juice, nefazadone, norfloxacin, quinine, zafirlukast) should be cautiously coadministered with TIKOSYN as they can p"
Monoamine oxidase inhibitors,sympathomimetic amines,effect,Moderate,2,Hypertensive crises have resulted when sympathomimetic amines have been used concomitantly within14 days following use of monoamine oxidase inhibitors.
lorazepam,alcohol,effect,Moderate,1,"Tablets: The benzodiazepines, including lorazepam, produce CNS-depressant effects when administered with such medications as barbiturates or alcohol."
DURAGESIC,hypnotics,effect,Moderate,1,"Central Nervous System Depressants: The concomitant use of DURAGESIC  (fentanyl transdermal system) with other central nervous system depressants, including but not limited to other opioids, sedatives, hypnotics, tranquilizers (e.g., benzodiazepines), general anesthetics, phenothiazines, skeletal mu"
ENABLEX,flecainide,advise,Moderate,1,"Caution should be taken when ENABLEX is used concomitantly with medications that are predominantly metabolized by CYP2D6 and which have a narrow therapeutic window, such as flecainide, thioridazine and tricyclic antidepressants (see CLINICAL PHARMACOLOGY)."
azithromycin,sildenafil,mechanism,High,1,"When used in therapeutic doses, azithromycin had a modest effect on the pharmacokinetics of atorvastatin, carbamazepine, cetirizine, didanosine, efavirenz, fluconazole, indinavir, midazolam, rifabutin, sildenafil, theophylline (intravenous and oral), triazolam, trimethoprim/sulfamethoxazole or zidov"
EQUETROTM,delavirdine,mechanism,High,2,"Agents that are CYP3A4 inhibitors that have been found, or are expected, to increase plasma levels of EQUETROTM are the following: Acetazolamide, azole antifungals, cimetidine, clarithromycin(1), dalfopristin, danazol, delavirdine, diltiazem, erythromycin(1), fluoxetine, fluvoxamine, grapefruit juic"
EQUETROTM,niacinamide,mechanism,High,1,"Agents that are CYP3A4 inhibitors that have been found, or are expected, to increase plasma levels of EQUETROTM are the following: Acetazolamide, azole antifungals, cimetidine, clarithromycin(1), dalfopristin, danazol, delavirdine, diltiazem, erythromycin(1), fluoxetine, fluvoxamine, grapefruit juic"
Mefloquine,H1-blocking agents,effect,Moderate,1,"This appears to be the only clinically relevant interaction of this kind with Mefloquine, although theoretically, coadministration of other drugs known to alter cardiac conduction (eg, anti-arrhythmic or beta-adrenergic blocking agents, calcium channel blockers, antihistamines or H1-blocking agents,"
docetaxel,troleandomycin,mechanism,High,1,"In vitro studies have shown that the metabolism of docetaxel may be modified by the concomitant administration of compounds that induce, inhibit, or are metabolized by cytochrome P450 3A4, such as cyclosporine, terfenadine, ketoconazole, erythromycin, and troleandomycin."
phenytoin,amiodarone,mechanism,High,1,"The most commonly occurring drug interactions are listed below: - Drugs that may increase plasma phenytoin concentrations include: acute alcohol intake, amiodarone, chboramphenicol, chlordiazepoxide, cimetidine, diazepam, dicumarol, disulfiram, estrogens, ethosuximide, fluoxetine, H2-antagonists, ha"
warfarin,rofecoxib,effect,Moderate,1,"In single and multiple dose studies in healthy subjects receiving both warfarin and rofecoxib, prothrombin time (measured as INR) was increased by approximately 8% to 11%."
L-arginine,ibuprofen,mechanism,High,1,Ibuprofen - L-arginine may increase the absorption of ibuprofen if taken concomitantly.
tetracycline,colestipol hydrochloride,mechanism,High,1,"The absorption of tetracycline, furosemide, penicillin G, hydrochlorothiazide, and gemfibrozil was significantly decreased when given simultaneously with colestipol hydrochloride;"
Chlorotrianisene,warfarin,int,Low,1,"Chlorotrianisene may interact with antidepressants, aspirin, barbiturates, bromocriptine, calcium supplements, corticosteroids, corticotropin, cyclosporine, dantrolene, nicotine, somatropin, tamoxifen, and warfarin."
sympathomimetic agents,FORADIL,effect,Moderate,1,Concomitant administration of other sympathomimetic agents may potentiate the undesirable effects of FORADIL.
glutamic acid HCl,amphetamines,mechanism,High,1,"Acidifying agents: Gastrointestinal acidifying agents (guanethidine, reserpine, glutamic acid HCl, ascorbic acid, fruit juices, etc.) lower absorption of amphetamines."
Thiazides,norepinephrine,effect,Moderate,2,(Thiazides may decrease arterial responsiveness to norepinephrine.
nondepolarizing agents,antibiotics,effect,Moderate,2,"Other drugs which may enhance the neuromuscular blocking action of nondepolarizing agents such as NIMBEX include certain antibiotics (e. g., aminoglycosides, tetracyclines, bacitracin, polymyxins, lincomycin, clindamycin, colistin, and sodium colistemethate), magnesium salts, lithium, local anesthet"
Gleevec,pimozide,advise,Moderate,1,"Particular caution is recommended when administering Gleevec with CYP3A4 substrates that have a narrow therapeutic window (e.g., cyclosporine or pimozide)."
Diphenhydramine hydrochloride,CNS depressants,effect,Moderate,1,"Diphenhydramine hydrochloride has additive effects with alcohol and other CNS depressants (hypnotics, sedatives, tranquilizers, etc)."
heroin,methadone,effect,Moderate,1,"Toxicology studies of heroin-related deaths reveal frequent involvement of other central nervous system depressants, including alcohol, benzodiazepines such as diazepam (Valium), and, to a rising degree, methadone."
oxyphenbutazone,aspirin,effect,Moderate,1,"Pyrazolone Derivatives (phenylbutazone, oxyphenbutazone, and possibly dipyrone): Concomitant administration with aspirin may increase the risk of gastrointestinal ulceration."
fentanyl,tranquilizers,effect,Moderate,1,"Central Nervous System Depressants: The concomitant use of DURAGESIC  (fentanyl transdermal system) with other central nervous system depressants, including but not limited to other opioids, sedatives, hypnotics, tranquilizers (e.g., benzodiazepines), general anesthetics, phenothiazines, skeletal mu"
LEVSIN,phenothiazines,effect,Moderate,1,"Additive adverse effects resulting from cholinergic blockade may occur when LEVSIN is administered concomitantly with other antimuscarinics, amantadine, haloperidol, phenothiazines, monoamine oxidase (MAO) inhibitors, tricyclic antidepressants or some antihistamines."
anesthetics,tricyclic antidepressants,advise,Moderate,1,"Avoid the use of preparations such as decongestants and local anesthetics which contain any sympathomimetic amine (e.g., epinephrine, norepinephrine), since it has been reported that tricyclic antidepressants can potentiate the effects of catecholamines."
INSPRA,lithium,advise,Moderate,1,Serum lithium levels should be monitored frequently if INSPRA is administered concomitantly with lithium.
anticoagulant,pyrazolones,effect,Moderate,1,"Drugs that reportedly may increase oral anticoagulant response, ie, increased prothrombin response, in man include:alcohol*;allopurinol;aminosalicylic acid;amiodarone;anabolic steroids;antibiotics;bromelains;chloral hydrate*;chlorpropamide;chymotrypsin;cimetidine;cinchophen;clofibrate;dextran;dextro"
barbiturates,griseofulvin,effect,Moderate,1,Concomitant use of barbiturates usually depresses griseofulvin activity and may necessitate raising the dosage.
Etonogestrel,Tylenol,int,Low,1,"Etonogestrel may interact with the following medications: acetaminophen (Tylenol), antibiotics such as ampicillin and tetracycline, anticonvulsants (Dilantin, Phenobarbital, Tegretol, Trileptal, Topamax, Felbatol), antifungals (Gris-PEG, Nizoral, Sporanox), atorvastatin (Lipitor), clofibrate (Atromi"
rifabutin,efavirenz,mechanism,High,1,"Drugs which induce CYP3A4 activity (eg, phenobarbital, rifampin, rifabutin) would be expected to increase the clearance of efavirenz resulting in lowered plasma concentrations."
NUROMAX,antibiotics,effect,Moderate,1,"Other drugs which may enhance the neuromuscular blocking action of nondepolarizing agents such as NUROMAX include certain antibiotics (e. g., aminoglycosides, tetracyclines, bacitracin, polymyxins, lincomycin, clindamycin, colistin, and sodium colistimethate), magnesium salts, lithium, local anesthe"
Flavoridin,contortrostatin,effect,Moderate,1,"Flavoridin alone was found to have no effect on CAS, but can completely block contortrostatin-induced phosphorylation of this protein in MDA-MB-435 cells."
ritonavir,cisapride,mechanism,High,1,Protease Inhibitors: In vitro data indicate that indinavir and ritonavir markedly inhibit the metabolism of cisapride which can result in an increase in plasma cisapride levels and prolongation of the QT interval on the ECG.
dexamethasone,saquinavir,mechanism,High,1,"Coadministration with compounds that are potent inducers of CYP3A4 (eg, phenobarbital, phenytoin, dexamethasone, carbamazepine) may result in decreased plasma levels of saquinavir."
iron,Ibandronate,mechanism,High,1,"Products containing calcium and other multivalent cations (such as aluminum, magnesium, iron) are likely to interfere with absorption of Ibandronate."
butorphanol,alcohol,effect,Moderate,1,"Concurrent use of butorphanol with central nervous system depressants (e.g., alcohol, barbiturates, tranquilizers, and antihistamines) may result in increased central nervous system depressant effects."
Salicylates,antidiabetic drugs,effect,Moderate,2,"Certain drugs, including nonsteroidal anti-inflammatory agents (NSAIDs), salicylates, monoamine oxidase inhibitors, and non-selective beta-adrenergic-blocking agents may potentiate the hypoglycemic action of Starlix and other oral antidiabetic drugs."
zaleplon,erythromycin,mechanism,High,1,"Coadministration of single, oral doses of zaleplon with erythromycin (10 mg and 800 mg, respectively), a strong, selective CYP3A4 inhibitor produced a 34% increase in zaleplons maximal plasma concentrations and a 20% increase in the area under the plasma concentration-time curve."
Ocupress,beta-adrenergic blocking agent,advise,Moderate,1,Ocupress should be used with caution in patients who are receiving a beta-adrenergic blocking agent orally because of the potential for additive effects on systemic beta-blockade.
Anafranil,MAO inhibitors,advise,Moderate,1,Anafranil should not be used with MAO inhibitors.
Starlix,tolbutamide,mechanism,High,1,Starlix is a potential inhibitor of the CYP2C9 isoenzyme in vivo as indicated by its ability to inhibit the in vitro metabolism of tolbutamide.
valdecoxib,dextromethorphan,mechanism,High,2,Even so dextromethorphan plasma concentrations in the presence of high doses of valdecoxib were almost 5-fold lower than those seen in CYP 2D6 poor metabolizers suggesting that dose adjustment is not necessary.
diltiazem,carbamazepine,mechanism,High,1,"Concomitant administration of diltiazem with carbamazepine has been reported to result in elevated serum levels of carbamazepine (40% to 72% increase), resulting in toxicity in some cases."
ouabain,phentolamine,effect,Moderate,1,"When ouabain was applied to the muscle in the presence of phentolamine, both first and second contractile responses to PTX were abolished."
dihydroergotamine,AXERT,advise,Moderate,1,"Because there is a theoretical basis that these effects may be additive, use of ergotamine-containing or ergot-type medications (like dihydroergotamine or methysergide) and AXERT within 24 hours of each other should be avoided."
RAPTIVA,immunosuppressive drugs,advise,Moderate,1,RAPTIVA should not be used with other immunosuppressive drugs.
reserpine,ZEBETA,effect,Moderate,1,"Patients receiving catecholamine-depleting drugs, such as reserpine or guanethidine, should be closely monitored, because the added beta-adrenergic blocking action of ZEBETA may produce excessive reduction of sympathetic activity."
antiparkinsonian drug,tricyclic antidepressant,effect,Moderate,1,"The concurrent use of two or more drugs with anticholinergic activity--such as an antipsychotic drug (eg, chlorpromazine), an antiparkinsonian drug (eg, trihexyphenidyl), and/or a tricyclic antidepressant (eg, amitriptyline)--commonly results in excessive anticholinergic effects, including dry mouth"
Epinephrine,guanethidine,effect,Moderate,1,Epinephrine may antagonize the neuron blockade produced by guanethidine resulting in decreased antihypertensive effect and requiring increased dosage of the latter.
anticoagulant,thyroid drugs,effect,Moderate,1,"Drugs that reportedly may increase oral anticoagulant response, ie, increased prothrombin response, in man include:alcohol*;allopurinol;aminosalicylic acid;amiodarone;anabolic steroids;antibiotics;bromelains;chloral hydrate*;chlorpropamide;chymotrypsin;cimetidine;cinchophen;clofibrate;dextran;dextro"
diuretics,captopril,effect,Moderate,1,"Hypotension   Patients on Diuretic Therapy: Patients on diuretics and especially those in whom diuretic therapy was recently instituted, as well as those on severe dietary salt restriction or dialysis, may occasionally experience a precipitous reduction of blood pressure usually within the first hou"
ZYVOX,antidepressants,effect,Moderate,1,"Spontaneous reports of serotonin syndrome associated with co-administration of ZYVOX and serotonergic agents, including antidepressants such as selective serotonin reuptake inhibitors (SSRIs), have been reported."
reserpine,beta-blocking agent,effect,Moderate,1,"Catecholamine-depleting drugs (eg, reserpine) may have an additive effect when given with beta-blocking agents."
phenobarbital,bexarotene,mechanism,High,1,"Furthermore, rifampin, phenytoin, phenobarbital, and other inducers of cytochrome P450 3A4 may cause a reduction in plasma bexarotene concentrations."
amphotericin B,Antineoplastic agents,effect,Moderate,1,"When administered concurrently, the following drugs may interact with amphotericin B: Antineoplastic agents: may enhance the potential for renal toxicity, bronchospasm and hypotension."
docetaxel,terfenadine,mechanism,High,1,"In vitro studies have shown that the metabolism of docetaxel may be modified by the concomitant administration of compounds that induce, inhibit, or are metabolized by cytochrome P450 3A4, such as cyclosporine, terfenadine, ketoconazole, erythromycin, and troleandomycin."
non-steroidal anti-inflammatory drugs,cyclosporine,effect,Moderate,1,"Administration of non-steroidal anti-inflammatory drugs concomitantly with cyclosporine has been associated with an increase in cyclosporine-induced toxicity, possibly due to decreased synthesis of renal prostacyclin."
INVIRASE,ritonavir,advise,Moderate,1,"Since INVIRASE is coadministered with ritonavir, the ritonavir label should be reviewed for additional drugs that should not be coadministered."
anticoagulant,anabolic steroids,effect,Moderate,1,"Drugs that reportedly may increase oral anticoagulant response, ie, increased prothrombin response, in man include:alcohol*;allopurinol;aminosalicylic acid;amiodarone;anabolic steroids;antibiotics;bromelains;chloral hydrate*;chlorpropamide;chymotrypsin;cimetidine;cinchophen;clofibrate;dextran;dextro"
multivitamin preparations,FACTIVE,advise,Moderate,1,"Magnesium- and/or aluminum-containing antacids, products containing ferrous sulfate (iron), multivitamin preparations containing zinc or other metal cations, or Videx (didanosine) chewable/buffered tablets or the pediatric powder for oral solution should not be taken within 3 hours before or 2 hours"
ergotamine,naratriptan,advise,Moderate,1,"Because there is a theoretical basis that these effects may be additive, use of ergotamine-containing or ergot-type medications (like dihydroergotamine or methysergide) and naratriptan within 24 hours is contraindicated."
warfarin,flutamide,effect,Moderate,1,Increases in prothrombin time have been noted in patients receiving long- term warfarin therapy after flutamide was initiated.
Cerubidine,doxorubicin,effect,Moderate,2,Use of Cerubidine in a patient who has previously received doxorubicin increases the risk of cardiotoxicity.
carbamazepine,doxycycline,mechanism,High,1,"Barbiturates, carbamazepine, and phenytoin decrease the half-life of doxycycline."
Etonogestrel,Neoral,int,Low,1,"Etonogestrel may interact with the following medications: acetaminophen (Tylenol), antibiotics such as ampicillin and tetracycline, anticonvulsants (Dilantin, Phenobarbital, Tegretol, Trileptal, Topamax, Felbatol), antifungals (Gris-PEG, Nizoral, Sporanox), atorvastatin (Lipitor), clofibrate (Atromi"
dipyridamole,Activase,effect,Moderate,1,"In addition to bleeding associated with heparin and vitamin K antagonists, drugs that alter platelet function (such as acetylsalicylic acid, dipyridamole and Abciximab) may increase the risk of bleeding if administered prior to, during, or after Activase therapy."
fentanyl,nelfinavir,mechanism,High,1,"The concomitant use of transdermal fentanyl with ritonavir or other potent 3A4 inhibitors such as ketoconazole, itraconazole, troleandomycin, clarithromycin, nelfinavir, and nefazadone may result in an increase in fentanyl plasma concentrations."
selective serotonin reuptake inhibitors,Imitrex,effect,Moderate,1,"A rare, but serious, constellation of symptoms, termed serotonin syndrome, has been reported with the concomitant use of selective serotonin reuptake inhibitors (SSRIs) and agents for migraine therapy, such as Imitrex (sumatriptan succinate) and dihydroergotamine."
anticoagulant,oxyphenbutazone,effect,Moderate,1,"Drugs that reportedly may increase oral anticoagulant response, ie, increased prothrombin response, in man include:alcohol*;allopurinol;aminosalicylic acid;amiodarone;anabolic steroids;antibiotics;bromelains;chloral hydrate*;chlorpropamide;chymotrypsin;cimetidine;cinchophen;clofibrate;dextran;dextro"
methotrexate,sulfapyridine,effect,Moderate,1,"- Methotrexate (e.g., Mexate) Use of methotrexate with sulfapyridine may increase the chance of side effects affecting the liver and/or the side effects of methotrexate"
estazolam,ketoconazole,advise,Moderate,1,"Consequently, estazolam should be avoided in patients receiving ketoconazole and itraconazole, which are very potent inhibitors of CYP3A."
antacid,lomefloxacin,mechanism,High,1,Separating the doses of antacid and lomefloxacin minimizes this decrease in bioavailability;
Erythromycin,astemizole,int,Low,3,"Other drugs Drug interactions have been reported with concomitant administration of erythromycin and other medications, including cyclosporine, hexobarbital, carbamazepine, alfentanil, disopyramide, phenytoin, bromocriptine, valproate, astemizole, and lovastatin."
progestin,Soriatane,advise,Moderate,1,Microdosed minipill progestin preparations are not recommended for use with Soriatane.
HEXALEN,antidepressants of the MAO inhibitor class,effect,Moderate,1,"Concurrent administration of HEXALEN and antidepressants of the MAO inhibitor class may cause severe orthostatic hypotension.Cimetidine, an inhibitor of microsomal drug metabolism, increased altretamines half-life and toxicity in a rat model."
tetracycline,contraceptives,effect,Moderate,1,Concurrent use of tetracycline may render oral contraceptives less effective.
nonsteroidal antiinflammatory agents,corticosteroids,effect,Moderate,1,Nonsteroidal anti-inflammatory agents (NSAIDS): Concomitant use of aspirin (or other nonsteroidal antiinflammatory agents) and corticosteroids increases the risk of gastrointestinal side effects.
MAO inhibitors,hydralazine,advise,Moderate,1,MAO inhibitors should be used with caution in patients receiving hydralazine.
Trileptal,contraceptive,mechanism,High,1,"Hormonal contraceptives Co-administration of Trileptal with an oral contraceptive has been shown to influence the plasma concentrations of the two hormonal components, ethinylestradiol (EE) and levonorgestrel (LNG)."
CMI,phenobarbital,mechanism,High,1,"Administration of CMI has been reported to increase the plasma levels of phenobarbital, if given concomitantly."
antiplatelet medication,anticoagulant medication,advise,Moderate,1,The beneficial effects on arterial thrombus formation from combined therapy with antiplatelet and anticoagulant medication must be weighed against an increased risk of inducing hemorrhage.
bupropion,haloperidol,advise,Moderate,1,"Therefore, co-administration of bupropion with drugs that are metabolized by CYP2D6 isoenzyme including certain antidepressants (e.g., nortriptyline, imipramine, desipramine, paroxetine, fluoxetine, sertraline), antipsychotics (e.g., haloperidol, risperidone, thioridazine), beta-blockers (e.g., meto"
alprazolam,diltiazem,int,Low,1,Drugs and other substances demonstrated to be CYP 3A inhibitors on the basis of clinical studies involving benzodiazepines metabolized similarly to alprazolam or on the basis of in vitro studies with alprazolam or other benzodiazepines (caution is recommended during coadministration with alprazolam)
ZYVOX,vasopressor,effect,Moderate,1,"Adrenergic Agents:Some individuals receiving ZYVOX may experience a reversible enhancement of the pressor response to indirect-acting sympathomimetic agents, vasopressor or dopaminergic agents."
anti-malarial drugs,carbamazepine,effect,Moderate,1,"Additionally, anti-malarial drugs, such as chloroquine and mefloquine, may antagonize the activity of carbamazepine."
propranolol,diltiazem,mechanism,High,1,"In vitro, propranolol appears to be displaced from its binding sites by diltiazem."
Accutane,tetracyclines,effect,Moderate,2,"Tetracyclines: Concomitant treatment with Accutane and tetracyclines should be avoided because Accutane use has been associated with a number of cases of pseudotumor cerebri (benign intracranial hypertension), some of which involved concomitant use of tetracyclines"
bupropion,antipsychotics,advise,Moderate,1,"Therefore, co-administration of bupropion with drugs that are metabolized by CYP2D6 isoenzyme including certain antidepressants (e.g., nortriptyline, imipramine, desipramine, paroxetine, fluoxetine, sertraline), antipsychotics (e.g., haloperidol, risperidone, thioridazine), beta-blockers (e.g., meto"
NIMBEX,clindamycin,effect,Moderate,1,"Other drugs which may enhance the neuromuscular blocking action of nondepolarizing agents such as NIMBEX include certain antibiotics (e. g., aminoglycosides, tetracyclines, bacitracin, polymyxins, lincomycin, clindamycin, colistin, and sodium colistemethate), magnesium salts, lithium, local anesthet"
Auranofin,penicillamine,advise,Moderate,1,"Auranofin should not be used together with penicillamine (Depen, Cuprimine), another arthritis medication."
erythromycin,disopyramide,int,Low,2,"There have been reports of interactions of erythromycin with carbamazepine, cyclosporine, tacrolimus, hexobarbital, phenytoin, alfentanil, cisapride, disopyramide, lovastatin, bromocriptine, valproate, terfenadine, and astemizole."
phenytoin,ciprofloxacin,mechanism,High,1,Phenytoin: Altered serum levels of phenytoin (increased and decreased) have been reported in patients receiving concomitant ciprofloxacin.
L-glutamine,human growth hormone,mechanism,High,1,Human growth hormone - Concomitant use of L-glutamine and human growth hormone may enhance nutrient absorption in those with severe short bowel syndrome.
tranquilizers,DILAUDID,effect,Moderate,1,"Patients receiving other narcotic analgesics, general anesthetics, phenothiazines, tranquilizers, sedative-hypnotics, tricyclic antidepressants or other CNS depressants (including alcohol) concomitantly with DILAUDID may exhibit an additive CNS depression."
labetalol,calcium antagonist,advise,Moderate,1,Care should be taken if labetalol is used concomitantly with calcium antagonists of the verapamil type.
sulfonylurea,coumarins,effect,Moderate,1,"The hypoglycemic action of sulfonylurea may be potentiated by certain drugs including nonsteroidal anti-inflammatory agents and other drugs that are highly protein bound, salicylates, sulfonamides, chloramphenicol, probenecid, coumarins, monoamine oxidase inhibitors, and beta adrenergic blocking age"
reserpine,beta-blocking agents,effect,Moderate,3,"Catecholamine-depleting drugs, such as reserpine, may have an additive effect when given with beta-blocking agents."
WelChol,verapamil,mechanism,High,1,"WelChol  decreased the Cmax and AUC of sustained-release verapamil (Calan SR ) by approximately 31% and 11%, respectively."
ACE inhibitors,beta-adrenergic blockers,effect,Moderate,1,"Benazepril, like other ACE inhibitors, has had less than additive effects with beta-adrenergic blockers, presumably because both drugs lower blood pressure by inhibiting parts of the renin-angiotensin system"
diflunisal,sulindac,mechanism,High,1,Sulindac: The concomitant administration of diflunisal and sulindac in normal volunteers resulted in lowering of the plasma levels of the active sulindac sulfide metabolite by approximately one-third.
nondepolarizing agents,tetracyclines,effect,Moderate,2,"Other drugs which may enhance the neuromuscular blocking action of nondepolarizing agents such as NIMBEX include certain antibiotics (e. g., aminoglycosides, tetracyclines, bacitracin, polymyxins, lincomycin, clindamycin, colistin, and sodium colistemethate), magnesium salts, lithium, local anesthet"
Probenecid,aminosalicylic acid,mechanism,High,1,"Probenecid : Probenecid is known to interact with the metabolism or renal tubular excretion of many drugs (e.g., acetaminophen, acyclovir, angiotensin-converting enzyme inhibitors, aminosalicylic acid, barbiturates, benzodiazepines, bumetanide, clofibrate, methotrexate, famotidine, furosemide, nonst"
enalapril,diuretic,effect,Moderate,1,The possibility of hypotensive effects with enalapril or enalaprilat can be minimized by either discontinuing the diuretic or increasing the salt intake prior to initiation of treatment with enalapril or enalaprilat.
Ketoconazole,TIKOSYN,mechanism,High,1,"Ketoconazole at 400 mg daily (the maximum approved prescription dose) co-administered with TIKOSYN (500 mcg BID) for 7 days has been shown to increase dofetilide Cmax by 53% in males and 97% in females, and AUC by 41% in males and 69% in females."
succinylcholine,BREVIBLOC,advise,Moderate,2,"Although the interactions observed in these studies do not appear to be of major clinical importance, BREVIBLOC should be titrated with caution in patients being treated concurrently with digoxin, morphine, succinylcholine or warfarin."
omeprazole,dasatinib,effect,Moderate,1,"H2 Blockers/Proton Pump Inhibitors: Long-term suppression of gastric acid secretion by H2 blockers or proton pump inhibitors (eg, famotidine and omeprazole) is likely to reduce dasatinib exposure."
halothane,labetalol HCl,effect,Moderate,2,"During controlled hypotensive anesthesia using labetalol HCl in association with halothane, high concentrations (3% or above) of halothane should not be used because the degree of hypotension will be increased and because of the possibility of a large reduction in cardiac output and an increase in c"
paroxetine,sumatriptan,advise,Moderate,2,"If concomitant treatment with sumatriptan and an SSRI (e.g., fluoxetine, fluvoxamine, paroxetine, sertraline, citalopram, escitalopram) is clinically warranted, appropriate observation of the patient is advised."
phenytoin,dicumarol,mechanism,High,1,"The most commonly occurring drug interactions are listed below: - Drugs that may increase plasma phenytoin concentrations include: acute alcohol intake, amiodarone, chboramphenicol, chlordiazepoxide, cimetidine, diazepam, dicumarol, disulfiram, estrogens, ethosuximide, fluoxetine, H2-antagonists, ha"
clonidine hydrochloride,tricyclic antidepressants,effect,Moderate,1,"Tablet If a patient receiving clonidine hydrochloride is also taking tricyclic antidepressants, the effect of clonidine may be reduced, thus necessitating an increase in dosage."
clarithromycin,pimozide,advise,Moderate,1,Concomitant administration of clarithromycin with pimozide is contraindicated.
phenytoin,salicylates,mechanism,High,1,"The most commonly occurring drug interactions are listed below: - Drugs that may increase plasma phenytoin concentrations include: acute alcohol intake, amiodarone, chboramphenicol, chlordiazepoxide, cimetidine, diazepam, dicumarol, disulfiram, estrogens, ethosuximide, fluoxetine, H2-antagonists, ha"
WELLBUTRIN,cyclophosphamide,int,Low,1,"Therefore, the potential exists for a drug interaction between WELLBUTRIN and drugs that affect the CYP2B6 isoenzyme (e.g., orphenadrine and cyclophosphamide)."
thyroid products,imipramine,effect,Moderate,1,Tricyclic Antidepressants: Use of thyroid products with imipramine and other tricyclic antidepressants may increase receptor sensitivity and enhance antidepressant activity transient cardiac arrhythmias have been observed.
dihydroergotamine,naratriptan,advise,Moderate,1,"Because there is a theoretical basis that these effects may be additive, use of ergotamine-containing or ergot-type medications (like dihydroergotamine or methysergide) and naratriptan within 24 hours is contraindicated."
sulfonylurea,monoamine oxidase inhibitors,effect,Moderate,1,"The hypoglycemic action of sulfonylurea may be potentiated by certain drugs including nonsteroidal anti-inflammatory agents and other drugs that are highly protein bound, salicylates, sulfonamides, chloramphenicol, probenecid, coumarins, monoamine oxidase inhibitors, and beta adrenergic blocking age"
Lorazepam,ethyl alcohol,effect,Moderate,1,"Injection: Lorazepam injection, like other injectable benzodiazepines, produces depression of the central nervous system when administered with ethyl alcohol, phenothiazines, barbiturates, MAO inhibitors, and other antidepressants.When scopolamine is used concomitantly with injectable lorazepam, an "
atorvastatin,norethindrone,mechanism,High,2,Atorvastatin: Atorvastatin increases the AUC for norethindrone and ethinyl estradiol.
Robinul,phenothiazines,effect,Moderate,1,"The concurrent use of Robinul Injection with other anticholinergics or medications with anticholinergic activity, such as phenothiazines, antiparkinson drugs, or tricyclic antidepressants, may intensify the antimuscarinic effects and may result in an increase in anticholinergic side effects."
antacids,lomefloxacin,mechanism,High,1,"Magnesium- and aluminum-containing antacids, administered concomitantly with lomefloxacin, significantly decreased the bioavailability (48%) of lomefloxacin."
cyclosporin,TAXOL,advise,Moderate,1,"Hypersensitivity Reactions: Patients with a history of severe hypersensitivity reactions to products containing Cremophor  EL (eg, cyclosporin for injection concentrate and teniposide for injection concentrate) should not be treated with TAXOL."
atorvastatin,erythromycin,mechanism,High,1,"Erythromycin: In healthy individuals, plasma concentrations of atorvastatin increased approximately 40% with coadministration of atorvastatin and erythromycin, a known inhibitor of cytochrome P450 3A4."
cefdinir,Maalox TC,mechanism,High,1,Antacids (aluminum- or magnesium-containing): Concomitant administration of 300-mg cefdinir capsules with 30 mL Maalox TC suspension reduces the rate (Cmax) and extent (AUC) of absorption by approximately 40%.
anticoagulants,thyroid,advise,Moderate,1,Patients stabilized on oral anticoagulants who are found to require thyroid replacement therapy should be watched very closely when thyroid is started.
Etonogestrel,temazepam,int,Low,1,"Etonogestrel may interact with the following medications: acetaminophen (Tylenol), antibiotics such as ampicillin and tetracycline, anticonvulsants (Dilantin, Phenobarbital, Tegretol, Trileptal, Topamax, Felbatol), antifungals (Gris-PEG, Nizoral, Sporanox), atorvastatin (Lipitor), clofibrate (Atromi"
Sympathomimetics,methyldopa,effect,Moderate,2,"The antihypertensive effects of methyldopa, mecamylamine, reserpine, and veratrum alkaloids may be reduced by sympathomimetics."
retinoids,EGF,effect,Moderate,1,"These results suggest that both dexamethasone and retinyl acetate, and possibly other glucocorticoids and retinoids, may regulate the proliferation of prostate epithelium by a dose-dependent modification of the activity of insulin and EGF."
NIZORAL,midazolam,mechanism,High,1,Coadministration of NIZORAL  Tablets with midazolam or triazolam has resulted in elevated plasma concentrations of the latter two drugs.
rifampicin,exemestane,mechanism,High,1,"Co-medications that induce CYP 3A4 (e.g., rifampicin, phenytoin, carbamazepine, phenobarbital, or St. John s wort) may significantly decrease exposure to exemestane."
Thyroxine,norepinephrine,effect,Moderate,1,Vasopressors: Thyroxine increases the adrenergic effect of catecholamines such as epinephrine and norepinephrine.
fluconazole,azithromycin,mechanism,High,2,"When used in therapeutic doses, azithromycin had a modest effect on the pharmacokinetics of atorvastatin, carbamazepine, cetirizine, didanosine, efavirenz, fluconazole, indinavir, midazolam, rifabutin, sildenafil, theophylline (intravenous and oral), triazolam, trimethoprim/sulfamethoxazole or zidov"
methylphenidate,CMI,mechanism,High,1,"plasma levels of several closely related tricyclic antidepressants have been reported to be increased by the concomitant administration of methylphenidate or hepatic enzyme inhibitors (e.g., cimetidine, fluoxetine) and decreased by the concomitant administration of hepatic enzyme inducers (e.g., bar"
levodopa,papaverine,effect,Moderate,1,"In addition, the beneficial effects of levodopa in Parkinsons disease have been reported to be reversed by phenytoin and papaverine."
Duloxetine,imipramine,advise,Moderate,1,"Therefore, co-administration of Duloxetine with other drugs that are extensively metabolized by this isozyme and which have a narrow therapeutic index, including certain antidepressants (tricyclic antidepressants [TCAs], such as nortriptyline, amitriptyline, and imipramine), phenothiazines and Type "
EQUETROTM,zileuton,mechanism,High,1,"Agents that are CYP3A4 inhibitors that have been found, or are expected, to increase plasma levels of EQUETROTM are the following: Acetazolamide, azole antifungals, cimetidine, clarithromycin(1), dalfopristin, danazol, delavirdine, diltiazem, erythromycin(1), fluoxetine, fluvoxamine, grapefruit juic"
Pyrazolone Derivatives,aspirin,effect,Moderate,1,"Pyrazolone Derivatives (phenylbutazone, oxyphenbutazone, and possibly dipyrone): Concomitant administration with aspirin may increase the risk of gastrointestinal ulceration."
verapamil,TAMBOCOR,advise,Moderate,1,"Because both of these drugs have negative inotropic properties and the effects of coadministration with TAMBOCOR are unknown, neither disopyramide nor verapamil should be administered concurrently with TAMBOCOR unless, in the judgment of the physician, the benefits of this combination outweigh the r"
Probenecid,clofibrate,mechanism,High,1,"Probenecid : Probenecid is known to interact with the metabolism or renal tubular excretion of many drugs (e.g., acetaminophen, acyclovir, angiotensin-converting enzyme inhibitors, aminosalicylic acid, barbiturates, benzodiazepines, bumetanide, clofibrate, methotrexate, famotidine, furosemide, nonst"
erythromycin,almotriptan,advise,Moderate,1,"Although the interaction between almotriptan and other potent CYP3A4 inhibitors (e.g., itraconazole, ritonavir, and erythromycin) has not been studied, increased exposures to almotriptan may be expected when almotriptan is used concomitantly with these medications."
SPRYCEL,itraconazole,mechanism,High,1,"Concomitant use of SPRYCEL and drugs that inhibit CYP3A4 (eg, ketoconazole, itraconazole, erythromycin, clarithromycin, ritonavir, atazanavir, indinavir, nefazodone, nelfinavir, saquinavir, telithromycin) may increase exposure to dasatinib and should be avoided."
bromocriptine mesylate,pimozide,effect,Moderate,1,"Compounds in these categories result in a decreased efficacy of bromocriptine mesylate: phenothiazines, haloperidol, metoclopramide, pimozide."
levothyroxine sodium,furosemide,mechanism,High,1,"Binding to Serum Proteins: The following agents may either inhibit levothyroxine sodium binding to serum proteins or alter the concentrations of serum binding proteins: androgens and related anabolic hormones, asparaginase, clofibrate, estrogens and estrogen-containing compounds, 5-fluorouracil, fur"
steroids,beta2-agonists.,effect,Moderate,1,"Corticosteroids, Methylxanthines and Diuretics: Concomitant treatment with xanthine derivatives, steroids, or diuretics may potentiate a possible hypokalemic effect of  beta2-agonists."
alcohol,insulin,effect,Moderate,2,"Beta-blockers, clonidine, lithium salts, and alcohol may either potentiate or weaken the blood-glucose-lowering effect of insulin."
digoxin,COREG,effect,Moderate,2,Both digoxin and COREG slow AV conduction.
Lodine,cyclosporine,mechanism,High,1,"Cyclosporine, Digoxin, Methotrexate Lodine, like other NSAIDs, through effects on renal prostaglandins, may cause changes in the elimination of these drugs leading to elevated serum levels of cyclosporine, digoxin, methotrexate, and increased toxicity."
Aprepitant,phenytoin,mechanism,High,2,"Coadministration of Aprepitant with these drugs or other drugs that are known to be metabolized by CYP2C9, such as phenytoin, may result in lower plasma concentrations of these drugs."
TARCEVA,atazanavir,advise,Moderate,1,"Caution should be used when administering or taking TARCEVA with ketoconazole and other strong CYP3A4 inhibitors such as, but not limited to, atazanavir, clarithromycin, indinavir, itraconazole, nefazodone, nelfinavir, ritonavir, saquinavir, telithromycin, troleandomycin (TAO), and voriconazole ."
Itraconazole,rifampin,mechanism,High,1,"When Itraconazole was coadministered with phenytoin, rifampin, or H2antagonists, reduced plasma concentrations of itraconazole were reported."
probenecid,nitrofurantoin,mechanism,High,1,"Uricosuric drugs, such as probenecid and sulfinpyrazone, can inhibit renal tubular secretion of nitrofurantoin."
BEXTRA,lithium,advise,Moderate,1,Lithium serum concentrations should be monitored closely when initiating or changing therapy with BEXTRA in patients receiving lithium.
Cholestyramine,penicillin G,mechanism,High,1,"Cholestyramine resin may delay or reduce the absorption of concomitant oral medication such as phenylbutazone, warfarin, thiazide diuretics (acidic) or propranolol (basic), as well as tetracycline penicillin G, phenobarbital, thyroid and thyroxine preparations, estrogens and progestins, and digitali"
reserpine,amphetamines,mechanism,High,1,"Acidifying agents: Gastrointestinal acidifying agents (guanethidine, reserpine, glutamic acid HCl, ascorbic acid, fruit juices, etc.) lower absorption of amphetamines."
imidazoles,amphotericin B,effect,Moderate,1,"Imidazoles (e. g., ketoconazole, miconazole, clotrimazole, fluconazole, etc.): in vitro and animal studies with the combination of amphotericin B and imidazoles suggest that imidazoles may induce fungal resistance to amphotericin B."
methotrexate,rofecoxib,mechanism,High,1,"At 24 hours postdose, a similar proportion of patients treated with methotrexate alone (94%) and subsequently treated with methotrexate co-administered with 75 mg of rofecoxib (88%) had methotrexate plasma concentrations below the measurable limit (5 ng/mL)."
probenecid,cefditoren pivoxil,mechanism,High,1,"Probenecid: As with other b-lactam antibiotics, co-administration of probenecid with cefditoren pivoxil resulted in an increase in the plasma exposure of cefditoren, with a 49% increase in mean Cmax, a 122% increase in mean AUC, and a 53% increase in half-life."
DIAMOX,primidone,mechanism,High,2,"By decreasing the gastrointestinal absorption of primidone, DIAMOX may decrease serum concentrations of primidone and its metabolites, with a consequent possible decrease in anticonvulsant effect."
Chloral hydrate,anticoagulant agents,int,Low,1,"Chloral hydrate and methaqualone interact pharmacologically with orally administered anticoagulant agents, but the effect is not clinically significant."
Etonogestrel,rifadin,int,Low,1,"Etonogestrel may interact with the following medications: acetaminophen (Tylenol), antibiotics such as ampicillin and tetracycline, anticonvulsants (Dilantin, Phenobarbital, Tegretol, Trileptal, Topamax, Felbatol), antifungals (Gris-PEG, Nizoral, Sporanox), atorvastatin (Lipitor), clofibrate (Atromi"
levothyroxine sodium,clofibrate,mechanism,High,1,"Binding to Serum Proteins: The following agents may either inhibit levothyroxine sodium binding to serum proteins or alter the concentrations of serum binding proteins: androgens and related anabolic hormones, asparaginase, clofibrate, estrogens and estrogen-containing compounds, 5-fluorouracil, fur"
antidepressant drugs,hypoglycemic agents,int,Low,1,Treatment with antidepressant drugs can directly interfere with blood glucose levels or may interact with hypoglycemic agents.
naproxen sodium,Neurontin,mechanism,High,1,Naproxen: Coadministration (N=18) of naproxen sodium capsules (250 mg) with Neurontin (125 mg) appears to increase the amount of gabapentin absorbed by 12% to 15%.
Curariform muscle relaxants,Coly-Mycin M,effect,Moderate,1,"Curariform muscle relaxants (eg, tubocurarine) and other drugs, including ether, succinylcholine, gallamine, decamethonium and sodium citrate, potentiate the neuromuscular blocking effect and should be used with extreme caution in patients being treated with Coly-Mycin M Parenteral."
monoamine oxidase inhibitors,sertraline,effect,Moderate,1,"In patients receiving nonselective monoamine oxidase inhibitors (MAOIs) (e.g., selegiline hydrochloride) in combination with serotoninergic agents (e.g., fluoxetine, fluvoxamine, paroxetine, sertraline, venlafaxine), there have been reports of serious, sometimes fatal, reactions."
erythromycin,budesonide,advise,Moderate,1,"If treatment with inhibitors of CYP3A4 activity (such as ketoconazole, intraconazole, ritonavir, indinavir, saquinavir, erythromycin, etc.) is indicated, reduction of the budesonide dose should be considered."
anticonvulsant agents,cisplatin,mechanism,High,1,Plasma levels of anticonvulsant agents may become subtherapeutic during cisplatin therapy.
phenytoin,clonazepam,mechanism,High,1,"Cytochrome P-450 inducers, such as phenytoin, carbamazepine and phenobarbital, induce clonazepam metabolism, causing an approximately 30% decrease in plasma clonazepam levels."
antipsychotic drug,amitriptyline,effect,Moderate,1,"The concurrent use of two or more drugs with anticholinergic activity--such as an antipsychotic drug (eg, chlorpromazine), an antiparkinsonian drug (eg, trihexyphenidyl), and/or a tricyclic antidepressant (eg, amitriptyline)--commonly results in excessive anticholinergic effects, including dry mouth"
phenothiazines,DILAUDID,effect,Moderate,1,"Patients receiving other narcotic analgesics, general anesthetics, phenothiazines, tranquilizers, sedative-hypnotics, tricyclic antidepressants or other CNS depressants (including alcohol) concomitantly with DILAUDID may exhibit an additive CNS depression."
STRATTERA,quinidine,advise,Moderate,1,"Dosage adjustment of STRATTERA may be necessary when coadministered with CYP2D6 inhibitors, e.g., paroxetine, fluoxetine, and quinidine."
nondepolarizing agents,aminoglycosides,effect,Moderate,2,"Other drugs which may enhance the neuromuscular blocking action of nondepolarizing agents such as NIMBEX include certain antibiotics (e. g., aminoglycosides, tetracyclines, bacitracin, polymyxins, lincomycin, clindamycin, colistin, and sodium colistemethate), magnesium salts, lithium, local anesthet"
anticoagulants,hypoglycemic agents,mechanism,High,1,"Oral anticoagulants may potentiate the hypoglycemic action of hypoglycemic agents, eg, tolbutamide and chlorpropamide, by inhibiting their metabolism in the liver."
ALPHAGAN P,opiates,advise,Moderate,1,"Although specific drug interaction studies have not been conducted with ALPHAGAN P, the possibility of an additive or potentiating effect with CNS depressants (alcohol, barbiturates, opiates, sedatives, or anesthetics) should be considered."
ZEBETA,phenylalkylamine,advise,Moderate,1,"ZEBETA should be used with care when myocardial depressants or inhibitors of AV conduction, such as certain calcium antagonists (particularly of the phenylalkylamine [verapamil] and benzothiazepine [diltiazem] classes), or antiarrhythmic agents, such as disopyramide, are used concurrently."
dopamine HCl,cyclopropane,advise,Moderate,1,"Therefore, EXTREME CAUTION should be exercised when administering dopamine HCl to patients receiving cyclopropane or halogenated hydrocarbon anesthetics."
tricyclic antidepressants,Type 1C antiarrhythmics,advise,Moderate,1,"Therefore, co-administration of tricyclic antidepressants with other drugs that are metabolized by this isoenzyme, including other antidepressants, phenothiazines, carbamazepine, and Type 1C antiarrhythmics (eg, propafenone, flecainide, and encainide), or that inhibit this enzyme (eg, quinidine), sh"
EQUETROTM,buspirone,mechanism,High,1,"Agents that have been found, or are expected to have decreased plasma levels in the presence of EQUETROTM due to induction of CYP enzymes are the following: Acetaminophen, alprazolam, amitriptyline, bupropion, buspirone, citalopram, clobazam, clonazepam, clozapine, cyclosporin, delavirdine, desipram"
benzodiazepine class,nonbarbiturate hypnotics,effect,Moderate,1,"Pharmacodynamic Interactions: The CNS-depressant action of the benzodiazepine class of drugs may be potentiated by alcohol, narcotics, barbiturates, nonbarbiturate hypnotics, antianxiety agents, the phenothiazines, thioxanthene and butyrophenone classes of antipsychotic agents, monoamine oxidase inh"
anticoagulants,chlorpropamide,mechanism,High,1,"Oral anticoagulants may potentiate the hypoglycemic action of hypoglycemic agents, eg, tolbutamide and chlorpropamide, by inhibiting their metabolism in the liver."
EQUETROTM,verapamil,mechanism,High,1,"Agents that are CYP3A4 inhibitors that have been found, or are expected, to increase plasma levels of EQUETROTM are the following: Acetazolamide, azole antifungals, cimetidine, clarithromycin(1), dalfopristin, danazol, delavirdine, diltiazem, erythromycin(1), fluoxetine, fluvoxamine, grapefruit juic"
phenytoin,valproate,effect,Moderate,1,"Similarly, the effects of phenytoin on phenobarbital, valproic acid and sodium plasma valproate concentrations are unpredictable"
desipramine,diazepam,effect,Moderate,1,"If desipramine hydrochloride is to be combined with other psychotropic agents such as tranquilizers or sedative/hypnotics, careful consideration should be given to the pharmacology of the agents employed since the sedative effects of desipramine and benzodiazepines (e.g., chlordiazepoxide or diazepa"
beta-blockers,epinephrine,effect,Moderate,1,"Risk of Anaphylactic Reaction: Although it is known that patients on beta-blockers may be refractory to epinephrine in the treatment of anaphylactic shock, beta-blockers can, in addition, interfere with the modulation of allergic reaction and lead to an increased severity and/or frequency of attacks"
Cholestyramine,propranolol,mechanism,High,1,"Cholestyramine resin may delay or reduce the absorption of concomitant oral medication such as phenylbutazone, warfarin, thiazide diuretics (acidic) or propranolol (basic), as well as tetracycline penicillin G, phenobarbital, thyroid and thyroxine preparations, estrogens and progestins, and digitali"
fluvoxamine,sumatriptan,advise,Moderate,2,"If concomitant treatment with sumatriptan and an SSRI (e.g., fluoxetine, fluvoxamine, paroxetine, sertraline, citalopram, escitalopram) is clinically warranted, appropriate observation of the patient is advised."
levodopa,phenytoin,effect,Moderate,1,"In addition, the beneficial effects of levodopa in Parkinsons disease have been reported to be reversed by phenytoin and papaverine."
Saquinavir,amprenavir,mechanism,High,1,"Saquinavir steady-state Cmax, A.C. and Cmin were increased 21%, decreased 19%, and decreased 48%, respectively, by concomitant amprenavir."
aspirin,nonsteroidal anti-inflammatory agents,effect,Moderate,1,"Aspirin: Animal studies wshow that aspirin given with nonsteroidal anti-inflammatory agents, including ibuprofen, yields a net decrease in anti-inflammatory activity with lowered blood levels of the non-aspirin drug."
ergonovine,oxytocic drugs,effect,Moderate,1,"The concomitant use of vasopressors, vasoconstricting agents (such as ergonovine) and some oxytocic drugs may result in severe hypertension."
nabumetone,warfarin,advise,Moderate,1,Caution should be exercised when administering nabumetone with warfarin since interactions have been seen with other NSAIDs.
VIRACEPT,Antiarrhythmics,advise,Moderate,1,"Drugs That Should Not Be Coadministered With VIRACEPT Antiarrhythmics: amiodarone, quinidine Antihistamines: astemizole, terfenadine Antimigraine: ergot derivatives Antimycobacterial agents: rifampin Benzodiazepines midazolam, triazolam GI motility agents: cisapride"
DURAGESIC,tranquilizers,effect,Moderate,1,"Central Nervous System Depressants: The concomitant use of DURAGESIC  (fentanyl transdermal system) with other central nervous system depressants, including but not limited to other opioids, sedatives, hypnotics, tranquilizers (e.g., benzodiazepines), general anesthetics, phenothiazines, skeletal mu"
phenytoin,bexarotene,mechanism,High,1,"Furthermore, rifampin, phenytoin, phenobarbital, and other inducers of cytochrome P450 3A4 may cause a reduction in plasma bexarotene concentrations."
PLETAL,ketoconazole,advise,Moderate,1,"Since PLETAL is extensively metabolized by cytochrome P-450 isoenzymes, caution should be exercised when PLETAL is coadministered with inhibitors of C.P.A. such as ketoconazole and erythromycin or inhibitors of CYP2C19 such as omeprazole."
IOPIDINE,barbiturates,advise,Moderate,1,"Although no specific drug interactions with topical glaucoma drugs or systemic medications were identified in clinical studies of IOPIDINE 0.5% Ophthalmic Solution, the possibility of an additive or potentiating effect with CNS depressants (alcohol, barbiturates, opiates, sedatives, anesthetics) sho"
non-steroidal anti-inflammatory drugs,lisinopril,effect,Moderate,1,"Non-steroidal Anti-inflammatory Agents: In some patients with compromised renal function who are being treated with non-steroidal anti-inflammatory drugs, the co-administration of lisinopril may result in a further deterioration of renal function."
clozapine,flecainide,advise,Moderate,1,"Therefore, co-administration of clozapine with other drugs that are metabolized by this isozyme, including antidepressants, phenothiazines, carbamazepine, and Type 1C antiarrhythmics (e.g., propafenone, flecainide and encainide), or that inhibit this enzyme (e.g., quinidine), should be approached wi"
dapsone,Lamprene,effect,Moderate,1,Preliminary data which suggest that dapsone may inhibit the anti-inflammatory activity of Lamprene have not been confirmed.
N-methyllevallorphan,loperamide,effect,Moderate,1,"N-methyllevallorphan (5 mg/kg, s.c.) completely antagonized the inhibitory effect of loperamide and partly antagonized the effect of morphine."
dapsone,folic acid antagonists,effect,Moderate,1,"With oral dapsone treatment, folic acid antagonists such as pyrimethamine have been noted to possibly increase the likelihood of hematologic reactions"
Ketoconazole,tacrolimus,mechanism,High,1,"Ketoconazole tablets may alter the metabolism of cyclosporine, tacrolimus, and methylprednisolone, resulting in elevated plasma concentrations of the latter drugs."
D.H.E. 45,peripheral vasoconstrictors,effect,Moderate,1,"Vasoconstrictors: D.H.E. 45  (dihydroergotamine mesylate) Injection, USP should not be used with peripheral vasoconstrictors because the combination may cause synergistic elevation of blood pressure."
glimepiride,magnesium/choline salicylate,advise,Moderate,1,"Before taking glimepiride, tell your doctor if you are taking any of the following medicines: - aspirin or another salicylate such as magnesium/choline salicylate (Trilisate), salsalate (Disalcid, others), choline salicylate (Arthropan), magnesium salicylate (Magan), or bismuth subsalicylate (Pepto-"
indinavir,efavirenz,mechanism,High,1,Increasing the indinavir dose to 1000 mg every 8 hours does not compensate for the increased indinavir metabolism due to efavirenz.
Sonata,imipramine,effect,Moderate,1,Imipramine: Coadministration of single doses of Sonata 20 mg and imipramine 75 mg produced additive effects on decreased alertness and impaired psychomotor performance for 2 to 4 hours after administration.
felodipine,phenobarbital,mechanism,High,1,"Anticonvulsants: In a pharmacokinetic study, maximum plasma concentrations of felodipine were considerably lower in epileptic patients on long-term anticonvulsant therapy (eg, phenytoin, carbamazepine, or phenobarbital) than in healthy volunteers."
fluvoxamine maleate,alprazolam,mechanism,High,1,"Alprazolam: When fluvoxamine maleate (100 mg qd) and alprazolam (1 mg q.d. were co-administered to steady state, plasma concentration and other pharmacokinetics parameters (AUC, Cmax, T1/2,) of alprazolam were approximately twice those observed when alprazolam was administered alone;"
glimepiride,choline salicylate,advise,Moderate,1,"Before taking glimepiride, tell your doctor if you are taking any of the following medicines: - aspirin or another salicylate such as magnesium/choline salicylate (Trilisate), salsalate (Disalcid, others), choline salicylate (Arthropan), magnesium salicylate (Magan), or bismuth subsalicylate (Pepto-"
dapsone,clofazimine,advise,Moderate,1,"If leprosy-associated inflammatory reactions develop in patients being treated with dapsone and clofazimine, it is still advisable to continue treatment with both drugs."
anesthetics,calcium channel blockers,effect,Moderate,2,"The depression of cardiac contractility, conductivity, and automaticity as well as the vascular dilation associated with anesthetics may be potentiated by calcium channel blockers."
Buforin II,azithromycin,effect,Moderate,1,Buforin II may be active in inhibiting Cryptosporidium parvum growth in vitro upon combination with either azithromycin or minocycline.
saquinavir,budesonide,advise,Moderate,1,"If treatment with inhibitors of CYP3A4 activity (such as ketoconazole, intraconazole, ritonavir, indinavir, saquinavir, erythromycin, etc.) is indicated, reduction of the budesonide dose should be considered."
doxapram,muscle relaxant drugs,effect,Moderate,1,"In patients who have received muscle relaxants, doxapram may temporarily mask the residual effects of muscle relaxant drugs."
Etonogestrel,theophylline,int,Low,1,"Etonogestrel may interact with the following medications: acetaminophen (Tylenol), antibiotics such as ampicillin and tetracycline, anticonvulsants (Dilantin, Phenobarbital, Tegretol, Trileptal, Topamax, Felbatol), antifungals (Gris-PEG, Nizoral, Sporanox), atorvastatin (Lipitor), clofibrate (Atromi"
enalapril,lithium,advise,Moderate,1,It is recommended that serum lithium levels be monitored frequently if enalapril is administered concomitantly with lithium.
butorphanol,central nervous system depressants,effect,Moderate,1,"Concurrent use of butorphanol with central nervous system depressants (e.g., alcohol, barbiturates, tranquilizers, and antihistamines) may result in increased central nervous system depressant effects."
ALFENTA,opioids,effect,Moderate,1,"Both the magnitude and duration of central nervous system and cardiovascular effects may be enhanced when ALFENTA is administered in combination with other CNS depressants such as barbiturates, tranquilizers, opioids, or inhalation general anesthetics."
nortriptyline,fluoxetine hydrochloride,mechanism,High,1,"There have been greater than 2-fold increases in previously stable plasma levels of other antidepressants, including nortriptyline, when fluoxetine hydrochloride has been administered in combination with these agents."
caffeine,phenytoin,advise,Moderate,1,"Based on adult data, lower doses of caffeine may be needed following coadministration of drugs which are reported to decrease caffeine elimination (e.g., cimetidine and ketoconazole) and higher caffeine doses may be needed following coadministration of drugs that increase caffeine elimination (e.g.,"
alcohol,LEXAPRO,advise,Moderate,1,"Alcohol - Although LEXAPRO did not potentiate the cognitive and motor effects of alcohol in a clinical trial, as with other psychotropic medications, the use of alcohol by patients taking LEXAPRO is not recommended."
diazoxide,hydralazine,effect,Moderate,1,Profound hypotensive episodes may occur when diazoxide infection and hydralazine are used concomitantly.
theophylline,fluvoxamine maleate,advise,Moderate,1,"Therefore, if theophylline is co-administered with fluvoxamine maleate, its dose should be reduced to one third of the usual daily maintenance dose and plasma concentrations of theophylline should to monitored."
Gleevec,HMG-CoA reductase inhibitors,mechanism,High,1,"Gleevec will increase plasmaconcentration of other CYP3A4 metabolized drugs (e.g., triazolo-benzodiazepines, dihydropyridine calcium channel blockers, certain HMG-CoA reductase inhibitors, etc.)."
glucocorticoids,insulin,effect,Moderate,1,"These results suggest that both dexamethasone and retinyl acetate, and possibly other glucocorticoids and retinoids, may regulate the proliferation of prostate epithelium by a dose-dependent modification of the activity of insulin and EGF."
leucovorin,fluorouracil,effect,Moderate,1,"Deaths from severe enterocolitis, diarrhea, and dehydration have been reported in elderly patients receiving weekly leucovorin and fluorouracil."
sulfonylurea,nonsteroidal anti-inflammatory agents,effect,Moderate,1,"The hypoglycemic action of sulfonylurea may be potentiated by certain drugs including nonsteroidal anti-inflammatory agents and other drugs that are highly protein bound, salicylates, sulfonamides, chloramphenicol, probenecid, coumarins, monoamine oxidase inhibitors, and beta adrenergic blocking age"
EQUETROTM,clonazepam,mechanism,High,1,"Agents that have been found, or are expected to have decreased plasma levels in the presence of EQUETROTM due to induction of CYP enzymes are the following: Acetaminophen, alprazolam, amitriptyline, bupropion, buspirone, citalopram, clobazam, clonazepam, clozapine, cyclosporin, delavirdine, desipram"
dextran,anticoagulants,effect,Moderate,1,"Drugs that reduce the number of blood platelets by causing bone marrow depression (such as antineoplastic agents) or drugs which inhibit platelet function (eg, aspirin and other non-steroidal anti-inflammatory drugs, dipyridamole, hydrochloroquine, clofibrate, dextran) may increase the bleeding tend"
TARCEVA,indinavir,advise,Moderate,1,"Caution should be used when administering or taking TARCEVA with ketoconazole and other strong CYP3A4 inhibitors such as, but not limited to, atazanavir, clarithromycin, indinavir, itraconazole, nefazodone, nelfinavir, ritonavir, saquinavir, telithromycin, troleandomycin (TAO), and voriconazole ."
psychotropic medications,LEXAPRO,advise,Moderate,1,"Alcohol - Although LEXAPRO did not potentiate the cognitive and motor effects of alcohol in a clinical trial, as with other psychotropic medications, the use of alcohol by patients taking LEXAPRO is not recommended."
EQUETROTM,alprazolam,mechanism,High,1,"Agents that have been found, or are expected to have decreased plasma levels in the presence of EQUETROTM due to induction of CYP enzymes are the following: Acetaminophen, alprazolam, amitriptyline, bupropion, buspirone, citalopram, clobazam, clonazepam, clozapine, cyclosporin, delavirdine, desipram"
PRINIVIL,potassium-sparing diuretics,effect,Moderate,1,"Use of PRINIVIL with potassium-sparing diuretics (e.g., spironolactone, triamterene, or amiloride), potassium supplements, or potassium-containing salt substitutes may lead to significant increases in serum potassium."
neomycin,methotrexate,mechanism,High,1,"Oral neomycin inhibits the gastrointestinal absorption of penicillin V, oral vitamin B-12, methotrexate and 5-fluorouracil."
INSPRA,NSAIDs,advise,Moderate,1,"Therefore, when INSPRA and NSAIDs are used concomitantly, patients should be observed to determine whether the desired effect on blood pressure is obtained."
anileridine,anesthetics,advise,Moderate,1,"Caution should be observed when anileridine is coadministered with other opioids, sedatives, phenothiazines, or anesthetics, as these agents may increase respiratory and circulatory depression."
EQUETROTM,Clomipramine HCl,mechanism,High,1,"Agents with Increased Levels in the Presence of Carbamazepine: EQUETROTM increases the plasma levels of the following agents: Clomipramine HCl, Phenytoin(6), and primidone Thus, if a patient has been titrated to a stable dosage on one of the agents in this category, and then begins a course of the t"
Ethoxzolamide,procainamide,effect,Moderate,1,"Ethoxzolamide may increase the action of tricyclics, amphetamines, procainamide, and quinidine."
insulin,Bezalip,effect,Moderate,1,- The action of sulphonylureas and insulin may be enhanced by Bezalip or Bezalip retard.
enoxacin,R-warfarin,mechanism,High,1,"Warfarin: Quinolones, including enoxacin, decrease the clearance of R-warfarin, the less active isomer of racemic warfarin."
bupropion,beta-blockers,advise,Moderate,1,"Therefore, co-administration of bupropion with drugs that are metabolized by CYP2D6 isoenzyme including certain antidepressants (e.g., nortriptyline, imipramine, desipramine, paroxetine, fluoxetine, sertraline), antipsychotics (e.g., haloperidol, risperidone, thioridazine), beta-blockers (e.g., meto"
valdecoxib,phenytoin,advise,Moderate,2,Patients already stabilized on valdecoxib should be closely monitored for loss of symptom control with phenytoin coadministration.
TARCEVA,itraconazole,advise,Moderate,1,"Caution should be used when administering or taking TARCEVA with ketoconazole and other strong CYP3A4 inhibitors such as, but not limited to, atazanavir, clarithromycin, indinavir, itraconazole, nefazodone, nelfinavir, ritonavir, saquinavir, telithromycin, troleandomycin (TAO), and voriconazole ."
TARCEVA,telithromycin,advise,Moderate,1,"Caution should be used when administering or taking TARCEVA with ketoconazole and other strong CYP3A4 inhibitors such as, but not limited to, atazanavir, clarithromycin, indinavir, itraconazole, nefazodone, nelfinavir, ritonavir, saquinavir, telithromycin, troleandomycin (TAO), and voriconazole ."
Itraconazole,coumarin,advise,Moderate,2,"Therefore, prothrombin time should be carefully monitored in patients receiving Itraconazole and coumarin-like drugs simultaneously."
amyl nitrite,alcohol,effect,Moderate,1,Taking amyl nitrite after drinking alcohol may worsen side effects and may cause severe hypotension and cardiovascular collapse.
Cisapride,quinidine,advise,Moderate,1,"Cisapride should not be used concomitantly with other drugs known to prolong the QT interval: certain antiarrhythmics, including those of Class IA (such as quinidine and procainamide) and Class III (such as sotalol);"
baclofen,morphine,effect,Moderate,1,Interactions attributed to the combined use of baclofen injection and epidural morphine include hypotension and dyspnea.
TORADOL,fluoxetine,effect,Moderate,1,"Psychoactive Drugs: Hallucinations have been reported when TORADOL was used in patients taking psychoactive drugs (fluoxetine, thiothixene, alprazolam)."
quinolone antibiotics,magnesium,mechanism,High,1,"Plasma concentrations of quinolone antibiotics are decreased when administered with antacids containing magnesium, calcium, or aluminum."
CELEBREX,warfarin,advise,Moderate,1,"However, caution should be used when administering CELEBREX with warfarin since these patients are at increased risk of bleeding complications."
chloroquine,ampicillin,mechanism,High,1,"Ampicillin: In a study of healthy volunteers, chloroquine significantly reduced the bioavailability of ampicillin."
BOTOX,aminoglycosides,advise,Moderate,1,"Co-administration of BOTOX and aminoglycosides or other agents interfering with neuromuscular transmission (e.g., curare-like compounds) should only be performed with caution as the effect of the toxin may be potentiated."
Simulect,azathioprine,mechanism,High,1,"Total body clearance of Simulect was reduced by an average 22% and 51% when azathioprine and mycophenolate mofetil, respectively, were added to a regimen consisting of cyclosporine, USP (MODIFIED) and corticosteroids."
linezolid,serotonergic agents,int,Low,1,"Therefore, linezolid has the potential for interaction with adrenergic and serotonergic agents."
selegiline hydrochloride,sertraline,effect,Moderate,1,"In patients receiving nonselective monoamine oxidase inhibitors (MAOIs) (e.g., selegiline hydrochloride) in combination with serotoninergic agents (e.g., fluoxetine, fluvoxamine, paroxetine, sertraline, venlafaxine), there have been reports of serious, sometimes fatal, reactions."
Benzthiazide,Aleve,int,Low,1,"Benzthiazide may interact with alcohol, blood thinners, decongestant drugs (allergy, cold, and sinus medicines), diabetic drugs, lithium, norepinephrine, NSAIDs like Aleve or Ibuprofen, and high blood pressure medications."
Phenytoin,busulfan,mechanism,High,1,"Phenytoin increases the clearance of busulfan by 15% or more, possibly due to the induction of glutathione-S-transferase."
monoamine oxidase inhibitors,adrenergic agonists,effect,Moderate,1,"BROVANA, as with other beta2-agonists, should be administered with extreme caution to patients being treated with monoamine oxidase inhibitors, tricyclic antidepressants, or drugs known to prolong the QTc interval because the action of adrenergic agonists on the cardiovascular system may be potentia"
phenytoin,phenylbutazone,mechanism,High,1,"The most commonly occurring drug interactions are listed below: - Drugs that may increase plasma phenytoin concentrations include: acute alcohol intake, amiodarone, chboramphenicol, chlordiazepoxide, cimetidine, diazepam, dicumarol, disulfiram, estrogens, ethosuximide, fluoxetine, H2-antagonists, ha"
ketoconazole,aripiprazole,mechanism,High,3,"Ketoconazole: Coadministration of ketoconazole (200 mg/day for 14 days) with a 15-mg single dose of aripiprazole increased the AUC of aripiprazole and its active metabolite by 63% and 77%, respectively."
Cyclophosphamide,Cerubidine,effect,Moderate,1,Cyclophosphamide used concurrently with Cerubidine may also result in increased cardiotoxicity.
non-steroidal anti-inflammatory drugs,anticoagulants,effect,Moderate,1,"Drugs that reduce the number of blood platelets by causing bone marrow depression (such as antineoplastic agents) or drugs which inhibit platelet function (eg, aspirin and other non-steroidal anti-inflammatory drugs, dipyridamole, hydrochloroquine, clofibrate, dextran) may increase the bleeding tend"
anticoagulant,fenoprofen,effect,Moderate,1,"Drugs that reportedly may increase oral anticoagulant response, ie, increased prothrombin response, in man include:alcohol*;allopurinol;aminosalicylic acid;amiodarone;anabolic steroids;antibiotics;bromelains;chloral hydrate*;chlorpropamide;chymotrypsin;cimetidine;cinchophen;clofibrate;dextran;dextro"
nonsteroidal anti-inflammatory drugs,thiazide diuretics,effect,Moderate,1,Other nonsteroidal anti-inflammatory drugs that inhibit prostaglandin synthesis have been shown to interfere with thiazide diuretics in some studies and with potassium-sparing diuretics.
SPRYCEL,atazanavir,mechanism,High,1,"Concomitant use of SPRYCEL and drugs that inhibit CYP3A4 (eg, ketoconazole, itraconazole, erythromycin, clarithromycin, ritonavir, atazanavir, indinavir, nefazodone, nelfinavir, saquinavir, telithromycin) may increase exposure to dasatinib and should be avoided."
nalbuphine,Levo-Dromoran,advise,Moderate,1,"Interactions with Mixed Agonist/Antagonist Opioid Analgesics: Agonist/antagonist analgesics (eg, pentazocine, nalbuphine, butorphanol, dezocine and buprenorphine) should NOT be administered to a patient who has received or is receiving a course of therapy with a pure agonist opioid analgesic such as"
carbamazepine,NIMBEX,effect,Moderate,1,"While the effects of chronic phenytoin or carbamazepine therapy on the action of NIMBEX are unknown, slightly shorter durations of neuromuscular block may be anticipated and infusion rate requirements may be higher."
ZEBETA,disopyramide,advise,Moderate,1,"ZEBETA should be used with care when myocardial depressants or inhibitors of AV conduction, such as certain calcium antagonists (particularly of the phenylalkylamine [verapamil] and benzothiazepine [diltiazem] classes), or antiarrhythmic agents, such as disopyramide, are used concurrently."
psychotropic drugs,NSAID,effect,Moderate,1,Epidemiological studies of the case-control and cohort design that have demonstrated an association between use of psychotropic drugs that interfere with serotonin reuptake and the occurrence of upper gastrointestinal bleeding have also shown that concurrent use of an NSAID or aspirin potentiated th
aspirin,Ibandronate,advise,Moderate,1,"However, since aspirin, NSAIDs, and bisphosphonates are all associated with gastrointestinal irritation, caution should be exercised in the concomitant use of aspirin or NSAIDs with Ibandronate."
carbonic anhydrase inhibitors,salicylate,int,Low,1,"However, in patients treated with oral carbonic anhydrase inhibitors, rare instances of drug interactions have occurred with high-dose salicylate therapy."
amphetamines,lithium carbonate,effect,Moderate,2,Lithium carbonate: The stimulatory effects of amphetamines may be inhibited by lithium carbonate.
acetaminophen,sedative-hypnotics,effect,Moderate,1,"Butalbital, acetaminophen and caffeine may enhance the effects of: other narcotic analgesics, alcohol, general anesthetics, tranquilizers such as chlordiazepoxide, sedative-hypnotics, or other CNS depressants, causing increased CNS depression."
Macrolide antibiotics,lovastatin,mechanism,High,1,"CONCLUSIONS: Macrolide antibiotics inhibit the metabolism of HMG-CoA reductase inhibitors that are metabolized by CYP3A4 (i.e., atorvastatin, cerivastatin, lovastatin, simvastatin)."
Mineral oil,vitamin D preparations,mechanism,High,1,"Mineral oil interferes with the absorption of fat-soluble vitamins, including vitamin D preparations."
Propranolol,hydralazine,mechanism,High,1,Propranolol increases hydralazines serum concentrations.
Gleevec,dihydropyridine calcium channel blockers,mechanism,High,1,"Gleevec will increase plasmaconcentration of other CYP3A4 metabolized drugs (e.g., triazolo-benzodiazepines, dihydropyridine calcium channel blockers, certain HMG-CoA reductase inhibitors, etc.)."
phenytoin,quetiapine,mechanism,High,1,"This study demonstrated that the potent cytochrome P450 enzyme-inducer phenytoin did indeed have a marked effect on the metabolism of quetiapine, resulting in a 5-fold increase in clearance when administered concomitantly to patients with DSM-IV-diagnosed schizophrenia, schizoaffective disorder, or "
quinine,saquinavir,mechanism,High,1,"Although specific studies have not been performed, coadministration with drugs that are mainly metabolized by CYP3A4 (eg, calcium channel blockers, dapsone, disopyramide, quinine, amiodarone, quinidine, warfarin, tacrolimus, cyclosporine, ergot derivatives, pimozide, carbamazepine, fentanyl, alfenta"
Ketoconazole,cyclosporine,mechanism,High,1,"Ketoconazole tablets may alter the metabolism of cyclosporine, tacrolimus, and methylprednisolone, resulting in elevated plasma concentrations of the latter drugs."
phenytoin,reserpine,mechanism,High,1,"- Drugs that may decrease plasma phenytoin concentrations include: carbamazepine, chronic alcohol abuse, reserpine"
tricyclic antidepressants,quinidine,advise,Moderate,1,"Therefore, co-administration of tricyclic antidepressants with other drugs that are metabolized by this isoenzyme, including other antidepressants, phenothiazines, carbamazepine, and Type 1C antiarrhythmics (eg, propafenone, flecainide, and encainide), or that inhibit this enzyme (eg, quinidine), sh"
dantrolene sodium,calcium channel blockers,advise,Moderate,1,"It is recommended that the combination of intravenous dantrolene sodium and calcium channel blockers, such as verapamil, not be used together during the management of malignant hyperthermia crisis until the relevance of these findings to humans is established."
VIRACEPT,Antihistamines,advise,Moderate,1,"Drugs That Should Not Be Coadministered With VIRACEPT Antiarrhythmics: amiodarone, quinidine Antihistamines: astemizole, terfenadine Antimigraine: ergot derivatives Antimycobacterial agents: rifampin Benzodiazepines midazolam, triazolam GI motility agents: cisapride"
imipramine,barbiturates,mechanism,High,1,"The plasma concentration of imipramine may increase when the drug is given concomitantly with hepatic enzyme inhibitors (e.g., cimetidine, fluoxetine) and decrease by concomitant administration of hepatic enzyme inducers (e.g., barbiturates, phenytoin), and adjustment of the dosage of imipramine may"
VIRACEPT,Benzodiazepines,advise,Moderate,1,"Drugs That Should Not Be Coadministered With VIRACEPT Antiarrhythmics: amiodarone, quinidine Antihistamines: astemizole, terfenadine Antimigraine: ergot derivatives Antimycobacterial agents: rifampin Benzodiazepines midazolam, triazolam GI motility agents: cisapride"
FACTIVE,probenecid,mechanism,High,1,Concomitant administration of FACTIVE with probenecid resulted in a 45% increase in systemic exposure to gemifloxacin.
Sonata,ethanol,effect,Moderate,1,"CNS-Active Drugs Ethanol: Sonata 10 mg potentiated the CNS-impairing effects of ethanol 0.75 g/kg on balance testing and reaction time for 1 hour after ethanol administration and on the digit symbol substitution test (DSST), symbol copying test, and the variability component of the divided attention"
almotriptan,verapamil,mechanism,High,1,Verapamil: Coadministration of almotriptan and verapamil resulted in a 24% increase in plasma concentrations of almotriptan.
Chlorotrianisene,dantrolene,int,Low,1,"Chlorotrianisene may interact with antidepressants, aspirin, barbiturates, bromocriptine, calcium supplements, corticosteroids, corticotropin, cyclosporine, dantrolene, nicotine, somatropin, tamoxifen, and warfarin."
Bentiromide,para-aminobenzoic acid,int,Low,1,"Bentiromide may interact with acetaminophen (e.g., Tylenol), chloramphenicol (e.g., Chloromycetin), local anesthetics (e.g., benzocaine and lidocaine), para-aminobenzoic acid (PABA)-containing preparations (e.g., sunscreens and some multivitamins), procainamide (e.g., Pronestyl), sulfonamides (sulfa"
HYDROXYZINE,NON-NARCOTIC ANALGESICS,effect,Moderate,1,"THE POTENTIATING ACTION OF HYDROXYZINE MUST BE CONSIDERED WHEN THE DRUG IS USED IN CONJUNCTION WITH CENTRAL NERVOUS SYSTEM DEPRESSANTS SUCH AS NARCOTICS, NON-NARCOTIC ANALGESICS AND BARBITURATES."
CAMPTOSAR,antineoplastic agents,effect,Moderate,1,"The adverse effects of CAMPTOSAR, such as myelosuppression and diarrhea, would be expected to be exacerbated by other antineoplastic agents having similar adverse effects."
doxapram,sympathomimetic,effect,Moderate,1,Administration of doxapram to patients who are receiving sympathomimetic or monoamine oxidase inhibiting drugs may result in an additive pressor effect .
metoclopramide,APOKYN,effect,Moderate,1,"Dopamine Antagonists: Since apomorphine is a dopamine agonist, it is possible that dopamine antagonists, such as the neuroleptics (phenothiazines, butyrophenones, thioxanthenes) or metoclopramide, may diminish the effectiveness of APOKYN."
cyclosporine,SPRYCEL,advise,Moderate,1,"Therefore, CYP3A4 substrates known to have a narrow therapeutic index such as alfentanil, astemizole, terfenadine, cisapride, cyclosporine, fentanyl, pimozide, quinidine, sirolimus, tacrolimus, or ergot alkaloids (ergotamine, dihydroergotamine) should be administered with caution in patients receivi"
gemifloxacin,magnesium,mechanism,High,1,The absorption of oral gemifloxacin is significantly reduced by the concomitant administration of an antacid containing aluminum and magnesium.
CELEBREX,fluconazole,advise,Moderate,1,CELEBREX should be introduced at the lowest recommended dose in patients receiving fluconazole.
ofloxacin,KRM-1648,effect,Moderate,1,"When combined with ofloxacin, KRM-1648 exhibited strong synergistic activity while only additive effects were observed with the combination of rifampicin (or rifabutin) and ofloxacin."
Phospholine Iodide,organophosphate insecticide,effect,Moderate,1,Phospholine Iodide potentiates other cholinesterase inhibitors such as succinylcholine or organophosphate and carbamate insecticides.
amphotericin B,tubocurarine,effect,Moderate,1,"Skeletal muscle relaxants: amphotericin B-induced hypokalemia may enhance the curariform effect of skeletal muscle relaxants (e.g., tubocurarine)."
ciprofloxacin,zinc,mechanism,High,1,"Multivalent Cation-Containing Products: Concurrent administration of a quinolone, including ciprofloxacin, with multivalent cation-containing products such as magnesium or aluminum antacids, sucralfate, VIDEX chewable/buffered tablets or pediatric powder, or products containing calcium, iron, or zin"
ascorbic acid,synthetic estrogens,mechanism,High,1,"Ascorbic acid: Doses of ascorbic acid (vitamin C) 1 g/day have been reported to increase plasma concentration of synthetic estrogens by ~47%, possibly by inhibiting conjugation;"
methysergide,naratriptan,advise,Moderate,1,"Because there is a theoretical basis that these effects may be additive, use of ergotamine-containing or ergot-type medications (like dihydroergotamine or methysergide) and naratriptan within 24 hours is contraindicated."
Clonidine hydrochloride,alcohol,effect,Moderate,1,"Clonidine hydrochloride may enhance the CNS-depressive effects of alcohol, barbiturates or other sedatives."
EQUETROTM,ziprasidone,mechanism,High,1,"Agents that have been found, or are expected to have decreased plasma levels in the presence of EQUETROTM due to induction of CYP enzymes are the following: Acetaminophen, alprazolam, amitriptyline, bupropion, buspirone, citalopram, clobazam, clonazepam, clozapine, cyclosporin, delavirdine, desipram"
nifedipine,beta-blocking agents,effect,Moderate,1,"Beta-adrenergic Blocking Agents: Experience in over 1400 patients in a non-comparative clinical trial has shown that concomitant administration of nifedipine and beta-blocking agents is usually well tolerated, but there have been occasional literature reports suggesting that the combination may incr"
phenytoin,valproic acid,effect,Moderate,1,"Similarly, the effects of phenytoin on phenobarbital, valproic acid and sodium plasma valproate concentrations are unpredictable"
flurbiprofen,beta-blocker,advise,Moderate,1,Patients taking both flurbiprofen and a beta-blocker should be monitored to ensure that a satisfactory hypotensive effect is achieved.
Piperacillin sodium,methotrexate,mechanism,High,1,Methotrexate: Piperacillin sodium may reduce the excretion of methotrexate.
sulfonylurea,beta adrenergic blocking agents,effect,Moderate,1,"The hypoglycemic action of sulfonylurea may be potentiated by certain drugs including nonsteroidal anti-inflammatory agents and other drugs that are highly protein bound, salicylates, sulfonamides, chloramphenicol, probenecid, coumarins, monoamine oxidase inhibitors, and beta adrenergic blocking age"
Levo-Dromoran,sedatives,effect,Moderate,1,"Interactions with Other CNS Agents: Concurrent use of Levo-Dromoran with all central nervous system depressants (eg, alcohol, sedatives, hypnotics, other opioids, general anesthetics, barbiturates, tricyclic antidepressants, phenothiazines, tranquilizers, skeletal muscle relaxants and antihistamines"
Furosemide,aminoglycoside antibiotics,effect,Moderate,1,"Furosemide may increase the ototoxic potential of aminoglycoside antibiotics, especially in the presence of impaired renal function."
Trecator,isoniazid,mechanism,High,1,Trecator has been found to temporarily raise serum concentrations of isoniazid.
narcotic analgesic,DILAUDID,effect,Moderate,1,"Patients receiving other narcotic analgesics, general anesthetics, phenothiazines, tranquilizers, sedative-hypnotics, tricyclic antidepressants or other CNS depressants (including alcohol) concomitantly with DILAUDID may exhibit an additive CNS depression."
Aminoglutethimide,warfarin,effect,Moderate,1,Aminoglutethimide diminishes the effect of coumarin and warfarin.
LEVSIN,antimuscarinics,effect,Moderate,1,"Additive adverse effects resulting from cholinergic blockade may occur when LEVSIN is administered concomitantly with other antimuscarinics, amantadine, haloperidol, phenothiazines, monoamine oxidase (MAO) inhibitors, tricyclic antidepressants or some antihistamines."
cephalexin,metformin,mechanism,High,3,"Although not observed in this study, adverse effects could potentially arise from co-administration of cephalexin and metformin by inhibition of tubular secretion via organic cationic transporter systems."
EQUETROTM,methsuximide,mechanism,High,1,"Agents that are CYP inducers that have been found, or are expected, to decrease plasma levels of EQUETROTM are the following: Cisplatin, doxorubicin HCL, felbamate, rifampin, phenobarbital, Phenytoin(2), primidone, methsuximide, and theophylline Thus, if a patient has been titrated to a stable dosag"
fentanyl,clarithromycin,mechanism,High,1,"The concomitant use of transdermal fentanyl with ritonavir or other potent 3A4 inhibitors such as ketoconazole, itraconazole, troleandomycin, clarithromycin, nelfinavir, and nefazadone may result in an increase in fentanyl plasma concentrations."
NIMBEX,tetracyclines,effect,Moderate,1,"Other drugs which may enhance the neuromuscular blocking action of nondepolarizing agents such as NIMBEX include certain antibiotics (e. g., aminoglycosides, tetracyclines, bacitracin, polymyxins, lincomycin, clindamycin, colistin, and sodium colistemethate), magnesium salts, lithium, local anesthet"
cyclophosphamide,allopurinol,effect,Moderate,1,"Cytotoxic Agents: Enhanced bone marrow suppression by cyclophosphamide and other cytotoxic agents has been reported among patients with neoplastic disease, except leukemia, in the presence of allopurinol."
amiodarone,HMG-CoA reductase inhibitor class,effect,Moderate,1,"Amiodarone or Verapamil: The risk of myopathy/rhabdomyolysis is increased when either amiodarone or verapamil is used concomitantly with a closely related member of the HMG-CoA reductase inhibitor class (see WARNINGS, Myopathy/Rhabdomyolysis)."
TRISENOX,antiarrhythmics,advise,Moderate,1,Caution is advised when TRISENOX is coadministered with other medications that can prolong the QT interval (e.g. certain antiarrhythmics or thioridazine) or lead to electrolyte abnormalities (such as diuretics or amphotericin B).
glimepiride,aspirin,advise,Moderate,1,"Before taking glimepiride, tell your doctor if you are taking any of the following medicines: - aspirin or another salicylate such as magnesium/choline salicylate (Trilisate), salsalate (Disalcid, others), choline salicylate (Arthropan), magnesium salicylate (Magan), or bismuth subsalicylate (Pepto-"
guanethidine,ZEBETA,effect,Moderate,1,"Patients receiving catecholamine-depleting drugs, such as reserpine or guanethidine, should be closely monitored, because the added beta-adrenergic blocking action of ZEBETA may produce excessive reduction of sympathetic activity."
hydrochlorothiazide,colestipol hydrochloride,mechanism,High,1,"The absorption of tetracycline, furosemide, penicillin G, hydrochlorothiazide, and gemfibrozil was significantly decreased when given simultaneously with colestipol hydrochloride;"
NSAIDs,ardeparin,effect,Moderate,1,"Anticoagulants including coumarin derivatives, indandione derivatives, and platelet aggregation inhibitors such as nonsteroidal anti-inflammatory drugs (NSAIDs), and aspirin may increase the risk of bleeding when administered concomitantly with ardeparin."
cyclosporine,norfloxacin,mechanism,High,1,Elevated serum levels of cyclosporine have been reported with concomitant use of cyclosporine with norfloxacin.
caffeine,chlordiazepoxide,effect,Moderate,1,"Butalbital, acetaminophen and caffeine may enhance the effects of: other narcotic analgesics, alcohol, general anesthetics, tranquilizers such as chlordiazepoxide, sedative-hypnotics, or other CNS depressants, causing increased CNS depression."
esomeprazole,ketoconazole,mechanism,High,1,"Therefore, esomeprazole may interfere with the absorption of drugs where gastric pH is an important determinant of bioavailability (eg, ketoconazole, iron salts and digoxin)."
benzodiazepines,ethanol,effect,Moderate,1,"The benzodiazepines, including alprazolam, produce additive CNS depressant effects when co-administered with other psychotropic medications, anticonvulsants, antihistaminics, ethanol, and other drugs which themselves produce CNS depression."
barbiturates,INAPSINE,effect,Moderate,1,"Other CNS depressant drugs (e.g. barbiturates, tranquilizers, opioids and general anesthetics) have additive or potentiating effects with INAPSINE."
alosetron,procainamide,effect,Moderate,1,"Although not studied with alosetron, inhibition of N-acetyltransferase may have clinically relevant consequences for drugs such as isoniazid, procainamide, and hydralazine."
Etonogestrel,Topamax,int,Low,1,"Etonogestrel may interact with the following medications: acetaminophen (Tylenol), antibiotics such as ampicillin and tetracycline, anticonvulsants (Dilantin, Phenobarbital, Tegretol, Trileptal, Topamax, Felbatol), antifungals (Gris-PEG, Nizoral, Sporanox), atorvastatin (Lipitor), clofibrate (Atromi"
Videx,FACTIVE,advise,Moderate,1,"Magnesium- and/or aluminum-containing antacids, products containing ferrous sulfate (iron), multivitamin preparations containing zinc or other metal cations, or Videx (didanosine) chewable/buffered tablets or the pediatric powder for oral solution should not be taken within 3 hours before or 2 hours"
sumatriptan,SSRI,advise,Moderate,3,"Sumatriptan - There have been rare postmarketing reports describing patients with weakness, hyperreflexia, and incoordination following the use of a selective serotonin reuptake inhibitor (SSRI) and sumatriptan."
dipyridamole,anticoagulants,effect,Moderate,1,"Drugs that reduce the number of blood platelets by causing bone marrow depression (such as antineoplastic agents) or drugs which inhibit platelet function (eg, aspirin and other non-steroidal anti-inflammatory drugs, dipyridamole, hydrochloroquine, clofibrate, dextran) may increase the bleeding tend"
nelfinavir,combination hormonal contraceptives,mechanism,High,1,"Protease inhibitors: Amprenavir, lopinavir, nelfinavir, and ritonavir have been shown to decrease plasma levels of combination hormonal contraceptives;"
antidiabetics,sulfapyridine,effect,Moderate,1,"- Antidiabetics, oral (diabetes medicine you take by mouth) Use of oral antidiabetics with sulfapyridine may increase the chance of side effects affecting the blood and/or the side effects or oral antidiabetics"
Ethoxzolamide,tricyclics,effect,Moderate,1,"Ethoxzolamide may increase the action of tricyclics, amphetamines, procainamide, and quinidine."
anticholinergics,hydrocodone,effect,Moderate,1,The concurrent use of anticholinergics with hydrocodone may produce paralytic ileus.
Geocillin,probenecid,mechanism,High,1,Geocillin (carbenicillin indanyl sodium) blood levels may be increased and prolonged by concurrent administration of probenecid.
NSAID,cyclosporine,effect,Moderate,1,"Patients who begin taking diclofenac or who increase their diclofenac dose or any other NSAID while taking digoxin, methotrexate, or cyclosporine may develop toxicity characteristics for these drugs."
CRIXIVAN,delavirdine,advise,Moderate,1,Dose reduction of CRIXIVAN to 600 mg every 8 hours should be considered when taking delavirdine 400 mg three times a day.
atropine sulfate,MAO inhibitors,int,Low,1,"Diphenoxylate HCl and atropine sulfate may interact with MAO inhibitors In studies with male rats, diphenoxylate hydrochloride was found to inhibit the hepatic microsomal enzyme system at a dose of 2 mg/kg/day."
frovatriptan,SSRI,advise,Moderate,1,"If concomitant treatment with frovatriptan and an SSRI is clinically warranted, appropriate observation of the patient is advised."
alprazolam,antihistaminics,effect,Moderate,1,"The benzodiazepines, including alprazolam, produce additive CNS depressant effects when co-administered with other psychotropic medications, anticonvulsants, antihistaminics, ethanol, and other drugs which themselves produce CNS depression."
anticoagulant,diuretics,effect,Moderate,1,"Drugs that have been reported to diminish oral anticoagulant response, ie, decreased prothrom-bin time response, in man significantly include: adrenocortical steroids;alcohol*;antacids;antihistamines;barbiturates;carbamazepine;chloral hydrate*;chlordiazepoxide;cholestyramine;diet high in vitamin K;d"
Duloxetine,TCAs,advise,Moderate,1,"Therefore, co-administration of Duloxetine with other drugs that are extensively metabolized by this isozyme and which have a narrow therapeutic index, including certain antidepressants (tricyclic antidepressants [TCAs], such as nortriptyline, amitriptyline, and imipramine), phenothiazines and Type "
ethosuximide,phenytoin,mechanism,High,2,"The most commonly occurring drug interactions are listed below: - Drugs that may increase plasma phenytoin concentrations include: acute alcohol intake, amiodarone, chboramphenicol, chlordiazepoxide, cimetidine, diazepam, dicumarol, disulfiram, estrogens, ethosuximide, fluoxetine, H2-antagonists, ha"
Anticonvulsants,ethinyl estradiol,mechanism,High,1,"Anticonvulsants (carbamazepine, felbamate, phenobarbital, phenytoin, topiramate): Increase the metabolism of ethinyl estradiol and/or some progestins, leading to possible decrease in contraceptive effectiveness."
lymecycline,zinc,mechanism,High,1,"The absorption of lymecycline may be affected by the simultaneous administration of indigestion remedies, iron or zinc supplements."
Beta-adrenergic blocking agents,sympathomimetics,int,Low,1,Beta-adrenergic blocking agents may also interact with sympathomimetics.
atorvastatin,digoxin,mechanism,High,1,"Digoxin: When multiple doses of atorvastatin and digoxin were coadministered, steady-state plasma digoxin concentrations increased by approximately 20%."
Captopril,antihypertensive agents,effect,Moderate,1,Agents Causing Renin Release Captopril's effect will be augmented by antihypertensive agents that cause renin release.
Monoamine oxidase (MAO) inhibitors,antihistamines,effect,Moderate,1,Monoamine oxidase (MAO) inhibitors prolong and intensify the anticholinergic effects of antihistamines.
COREG,verapamil,advise,Moderate,1,"As with other agents with b-blocking properties, if COREG is to be administered orally with calcium channel blockers of the verapamil or diltiazem type, it is recommended that ECG and blood pressure be monitored."
ciprofloxacin,iron,mechanism,High,1,"Multivalent Cation-Containing Products: Concurrent administration of a quinolone, including ciprofloxacin, with multivalent cation-containing products such as magnesium or aluminum antacids, sucralfate, VIDEX chewable/buffered tablets or pediatric powder, or products containing calcium, iron, or zin"
benzodiazepines,antihistaminics,effect,Moderate,1,"The benzodiazepines, including alprazolam, produce additive CNS depressant effects when co-administered with other psychotropic medications, anticonvulsants, antihistaminics, ethanol, and other drugs which themselves produce CNS depression."
thiazide diuretics,beta-agonists,effect,Moderate,1,"The ECG changes and/or hypokalemia that may result from the administration of non-potassium sparing diuretics (such as loop or thiazide diuretics) can be acutely worsened by beta-agonists, especially when the recommended dose of the beta-agonist is exceeded."
ACE inhibitor,diuretic,advise,Moderate,1,Studies with ACE inhibitors in combination with diuretics indicate that the dose of the ACE inhibitor can be reduced when it is given with a diuretic.
alprazolam,amiodarone,int,Low,1,"Data from in vitro studies of benzodiazepines other than alprazolam suggest a possible drug interaction for the following: ergotamine, cyclosporine, amiodarone, nicardipine, and nifedipine."
tricyclic antidepressants,carbamazepine,advise,Moderate,2,We report the case of an adolescent with altered consciousness caused by carbamazepine overdose with a positive tricyclic antidepressant level to alert clinicians to the cross-reactivity of carbamazepine with a toxicology screen for tricyclic antidepressants.
piperazine,pyrantel,effect,Moderate,1,"Pyrantel (e.g., Antiminth) - Taking piperazine and pyrantel together may decrease the effects of piperazine."
phenobarbital,corticosteroid,advise,Moderate,2,"Drugs that induce hepatic enzymes such as phenobarbital, phenytoin and rifampin may increase the clearance of corticosteroids and may require increases in corticosteroid dose to achieve the desired response."
quinidine,saquinavir,mechanism,High,1,"Although specific studies have not been performed, coadministration with drugs that are mainly metabolized by CYP3A4 (eg, calcium channel blockers, dapsone, disopyramide, quinine, amiodarone, quinidine, warfarin, tacrolimus, cyclosporine, ergot derivatives, pimozide, carbamazepine, fentanyl, alfenta"
anticoagulant,triclofos sodium,effect,Moderate,1,"Drugs that reportedly may increase oral anticoagulant response, ie, increased prothrombin response, in man include:alcohol*;allopurinol;aminosalicylic acid;amiodarone;anabolic steroids;antibiotics;bromelains;chloral hydrate*;chlorpropamide;chymotrypsin;cimetidine;cinchophen;clofibrate;dextran;dextro"
ABILIFY,centrally acting drugs,advise,Moderate,1,"Drug-Drug Interactions Given the primary CNS effects of aripiprazole, caution should be used when ABILIFY is taken in combination with other centrally acting drugs and alcohol."
rifampin,corticosteroid,advise,Moderate,2,"Drugs that induce hepatic enzymes such as phenobarbital, phenytoin and rifampin may increase the clearance of corticosteroids and may require increases in corticosteroid dose to achieve the desired response."
irbesartan,aliskiren,mechanism,High,1,Co-administration of irbesartan reduced aliskiren Cmax up to 50% after multiple dosing.
dapsone,pyrimethamine,effect,Moderate,1,"With oral dapsone treatment, folic acid antagonists such as pyrimethamine have been noted to possibly increase the likelihood of hematologic reactions"
Duloxetine,Type 1C antiarrhythmics,advise,Moderate,1,"Therefore, co-administration of Duloxetine with other drugs that are extensively metabolized by this isozyme and which have a narrow therapeutic index, including certain antidepressants (tricyclic antidepressants [TCAs], such as nortriptyline, amitriptyline, and imipramine), phenothiazines and Type "
rifabutin,CRIXIVAN,advise,Moderate,1,Dose reduction of rifabutin to half the standard dose and a dose increase of CRIXIVAN to 1000 mg (three 333-mg capsules) every 8 hours are recommended when rifabutin and CRIXIVAN are coadministered.
allopurinol,VIDEX,mechanism,High,1,Allopurinol: The AUC of didanosine was increased about 4-fold when allopurinol at 300 mg/day was coadministered with a single 200-mg dose of VIDEX to two patients with renal impairment (CLcr=15 and 18 mL/min).
coumarin-type anticoagulants,Nalfon,effect,Moderate,1,"In patients receiving coumarin-type anticoagulants, the addition of Nalfon to therapy could prolong the prothrombin time."
NUROMAX,clindamycin,effect,Moderate,1,"Other drugs which may enhance the neuromuscular blocking action of nondepolarizing agents such as NUROMAX include certain antibiotics (e. g., aminoglycosides, tetracyclines, bacitracin, polymyxins, lincomycin, clindamycin, colistin, and sodium colistimethate), magnesium salts, lithium, local anesthe"
benzodiazepines,antihistamines,effect,Moderate,1,"The action of the benzodiazepines may be potentiated by anticonvulsants, antihistamines, alcohol, barbiturates, monoamine oxidase inhibitors, narcotics, phenothiazines, psychotropic medications, or other drugs that produce CNS depression."
Nabilone,secobarbitone sodium,effect,Moderate,1,"Nabilone has been shown to have an additive CNS depressant effect when given with either diazepam, secobarbitone sodium, alcohol or codeine."
Probenecid,benzodiazepines,mechanism,High,1,"Probenecid : Probenecid is known to interact with the metabolism or renal tubular excretion of many drugs (e.g., acetaminophen, acyclovir, angiotensin-converting enzyme inhibitors, aminosalicylic acid, barbiturates, benzodiazepines, bumetanide, clofibrate, methotrexate, famotidine, furosemide, nonst"
FLOLAN,diuretics,effect,Moderate,1,"Additional reductions in blood pressure may occur when FLOLAN is administered with diuretics, antihypertensive agents, or other vasodilators."
nondepolarizing agents,anesthetics,effect,Moderate,2,"Other drugs which may enhance the neuromuscular blocking action of nondepolarizing agents such as NIMBEX include certain antibiotics (e. g., aminoglycosides, tetracyclines, bacitracin, polymyxins, lincomycin, clindamycin, colistin, and sodium colistemethate), magnesium salts, lithium, local anesthet"
barbiturates,anticholinesterases,advise,Moderate,2,"Since barbiturates are potentiated by the anticholinesterases, they should be used cautiously in the treatment of convulsions."
esomeprazole,digoxin,mechanism,High,1,"Therefore, esomeprazole may interfere with the absorption of drugs where gastric pH is an important determinant of bioavailability (eg, ketoconazole, iron salts and digoxin)."
Doxorubicin,zalcitabine,effect,Moderate,1,Doxorubicin: Doxorubicin caused a decrease in zalcitabine phosphorylation ( 50% inhibition of total phosphate formation) in U937/Molt 4 cells.
tricyclic antidepressants,DILAUDID,effect,Moderate,1,"Patients receiving other narcotic analgesics, general anesthetics, phenothiazines, tranquilizers, sedative-hypnotics, tricyclic antidepressants or other CNS depressants (including alcohol) concomitantly with DILAUDID may exhibit an additive CNS depression."
gemfibrozil,colestipol hydrochloride,mechanism,High,1,"The absorption of tetracycline, furosemide, penicillin G, hydrochlorothiazide, and gemfibrozil was significantly decreased when given simultaneously with colestipol hydrochloride;"
Isocarboxazid,Antabuse,advise,Moderate,1,"Isocarboxazid should be administered with caution to patients receiving Antabuse (disulfiram, Wyeth-Ayerst Laboratories)."
verapamil,dofetilide,effect,Moderate,1,"In an analysis of the supraventricular arrhythmia and DIAMOND patient populations, the concomitant administration of verapamil with dofetilide was associated with a higher occurrence of torsade de pointes."
dipyridamole,heparin sodium,effect,Moderate,1,"Platelet inhibitors: Drugs such as acetylsalicylic acid, dextran, phenylbutazone, ibuprofen, indomethacin, dipyridamole, hydroxychloroquine and others that interfere with platelet-aggregation reactions (the main hemostatic defense of heparinized patients) may induce bleeding and should be used with "
VIRACEPT,OVCON-35,mechanism,High,1,Ethinyl Estradiol and Norethindrone: Coadministration of VIRACEPT with OVCON-35 resulted in a 47% decrease in ethinyl estradiol and an 18% decrease in norethindrone plasma concentrations.
Levo-Dromoran,anesthetics,effect,Moderate,1,"Interactions with Other CNS Agents: Concurrent use of Levo-Dromoran with all central nervous system depressants (eg, alcohol, sedatives, hypnotics, other opioids, general anesthetics, barbiturates, tricyclic antidepressants, phenothiazines, tranquilizers, skeletal muscle relaxants and antihistamines"
NIMBEX,polymyxins,effect,Moderate,1,"Other drugs which may enhance the neuromuscular blocking action of nondepolarizing agents such as NIMBEX include certain antibiotics (e. g., aminoglycosides, tetracyclines, bacitracin, polymyxins, lincomycin, clindamycin, colistin, and sodium colistemethate), magnesium salts, lithium, local anesthet"
NSAIDs,aspirin,advise,Moderate,2,"Aspirin: As with other NSAIDs, concomitant administration of Ponstel and aspirin is not generally recommended because of the potential of increased adverse effects."
Cholestyramine,estrogens,mechanism,High,1,"Cholestyramine resin may delay or reduce the absorption of concomitant oral medication such as phenylbutazone, warfarin, thiazide diuretics (acidic) or propranolol (basic), as well as tetracycline penicillin G, phenobarbital, thyroid and thyroxine preparations, estrogens and progestins, and digitali"
reserpine,tricyclic antidepressant,effect,Moderate,1,Administration of reserpine during therapy with a tricyclic antidepressant has been shown to produce a  stimulating  effect in some depressed patients.
AKINETON,antiarrhythmics,effect,Moderate,1,"Drug Interactions: The central anticholinergic syndrome can occur when anticholinergic agents such as AKINETON are administered concomitantly with drugs that have secondary anticholinergic actions, e.g., certain narcotic analgesics such as meperidine, the phenothiazines and other antipsychotics, tri"
TARCEVA,voriconazole,advise,Moderate,1,"Caution should be used when administering or taking TARCEVA with ketoconazole and other strong CYP3A4 inhibitors such as, but not limited to, atazanavir, clarithromycin, indinavir, itraconazole, nefazodone, nelfinavir, ritonavir, saquinavir, telithromycin, troleandomycin (TAO), and voriconazole ."
VIRACEPT,midazolam,advise,Moderate,1,"Drugs That Should Not Be Coadministered With VIRACEPT Antiarrhythmics: amiodarone, quinidine Antihistamines: astemizole, terfenadine Antimigraine: ergot derivatives Antimycobacterial agents: rifampin Benzodiazepines midazolam, triazolam GI motility agents: cisapride"
ciprofloxacin,ciprofloxacin,mechanism,High,1,"Multivalent Cation-Containing Products: Concurrent administration of a quinolone, including ciprofloxacin, with multivalent cation-containing products such as magnesium or aluminum antacids, sucralfate, VIDEX chewable/buffered tablets or pediatric powder, or products containing calcium, iron, or zin"
contraceptive,valdecoxib,advise,Moderate,1,These increased exposures of norethindrone and ethinyl estradiol should be taken into consideration when selecting an oral contraceptive for women taking valdecoxib.
PRECEDEX,hypnotics,effect,Moderate,1,"Anesthetics/Sedatives/Hypnotics/Opioids: Co-administration of PRECEDEX with anesthetics, sedatives, hypnotics, and opioids is likely to lead to an enhancement of effects."
tricyclic anti-depressants,bepridil hydrochloride,effect,Moderate,1,Anti-arrhythmics and tricyclic anti-depressants could exaggerate the prolongation of the QT interval observed with bepridil hydrochloride.
adrenergic drugs,BROVANA,advise,Moderate,1,"If additional adrenergic drugs are to be administered by any route, they should be used with caution because the pharmacologically predictable sympathetic effects of BROVANA may be potentiated."
nortriptyline,combination hormonal contraceptives,mechanism,High,1,"Tricyclic antidepressants (amitriptyline, imipramine, nortriptyline): Metabolism may be inhibited by combination hormonal contraceptives, increasing plasma levels of antidepressant;"
Rifampin,carvedilol,mechanism,High,1,Inducers and Inhibitors of Hepatic Metabolism: Rifampin reduced plasma concentrations of carvedilol by about 70%.
FLUDARA,pentostatin,advise,Moderate,1,The use of FLUDARA FOR INJECTION in combination with pentostatin is not recommended due to the risk of severe pulmonary toxicity.
progestin,phenytoin,effect,Moderate,1,"The effectiveness of progestin-only pills is reduced by hepatic enzyme-inducing drugs such as the anticonvulsants phenytoin, carbamazepine, and barbiturates, and the antituberculosis drug rifampin."
levothyroxine sodium,colestipol hydrochloride,mechanism,High,1,"Levothyroxine Sodium Absorption: The following agents may bind and decrease absorption of levothyroxine sodium from the gastrointestinal tract: aluminum hydoxide, cholestyramine resin, colestipol hydrochloride, ferrous sulfate, sodium polystyrene sulfonate, soybean flour (e.g., infant formula), sucr"
nonsteroidal anti-inflammatory drugs,ACE inhibitors,int,Low,1,Experience with nonsteroidal anti-inflammatory drugs (NSAIDs) suggests the potential for interactions with furosemide and ACE inhibitors.
butorphanol,antihistamines,effect,Moderate,1,"Concurrent use of butorphanol with central nervous system depressants (e.g., alcohol, barbiturates, tranquilizers, and antihistamines) may result in increased central nervous system depressant effects."
escitalopram,non-selective MAO inhibitor,advise,Moderate,1,Wait 5 weeks after stopping escitalopram before starting a non-selective MAO inhibitor.
Tagamet,warfarin-type anticoagulants,mechanism,High,1,"Tagamet, apparently through an effect on certain microsomal enzyme systems, has been reported to reduce the hepatic metabolism of warfarin-type anticoagulants, phenytoin, propranolol, nifedipine, chlordiazepoxide, diazepam, certain tricyclic antidepressants, lidocaine, theophylline and metronidazole"
Sensipar,ketoconazole,advise,Moderate,1,"Dose adjustment of Sensipar may be required and PTH and serum calcium concentrations should be closely monitored if a patient initiates or discontinues therapy with a strong CYP3A4 inhibitor (e.g., ketoconazole, erythromycin, itraconazole;"
Aminoglutethimide,coumarin,effect,Moderate,1,Aminoglutethimide diminishes the effect of coumarin and warfarin.
TRICOR,pravastatin,mechanism,High,1,"Concomitant administration of fenofibrate (equivalent to 145mg TRICOR) with pravastatin (40 mg) once daily for 10 days has been shown to increase the mean Cmax and AUC values for pravastatin by 36% (range from 69% decrease to 321% increase) and 28% (range from 54% decrease to 128% increase), respect"
antipsychotic drug,tricyclic antidepressant,effect,Moderate,1,"The concurrent use of two or more drugs with anticholinergic activity--such as an antipsychotic drug (eg, chlorpromazine), an antiparkinsonian drug (eg, trihexyphenidyl), and/or a tricyclic antidepressant (eg, amitriptyline)--commonly results in excessive anticholinergic effects, including dry mouth"
probenecid,cloxacillin,mechanism,High,1,This might be explained by a blockade by probenecid of the elimination of cloxacillin by the liver.
ORENCIA,TNF antagonists,advise,Moderate,1,Concurrent therapy with ORENCIA and TNF antagonists is not recommended.
valdecoxib,omeprazole,mechanism,High,1,Coadministration with valdecoxib increased exposure of omeprazole (AUC) by 46%.
clozapine,propafenone,advise,Moderate,1,"Therefore, co-administration of clozapine with other drugs that are metabolized by this isozyme, including antidepressants, phenothiazines, carbamazepine, and Type 1C antiarrhythmics (e.g., propafenone, flecainide and encainide), or that inhibit this enzyme (e.g., quinidine), should be approached wi"
Cimetidine,dofetilide,mechanism,High,1,Cimetidine at doses of 100 mg BID (OTC dose) resulted in a 13% increase in dofetilide plasma levels (500 mcg single dose).
Anafranil,warfarin,mechanism,High,1,"Because Anafranil is highly bound to serum protein, the administration of Anafranil to patients taking other drugs that are highly bound to protein (e.g., warfarin, digoxin) may cause an increase in plasma concentrations of these drugs, potentially resulting in adverse effects."
Acarbose,digoxin,mechanism,High,1,"Acarbose has been shown to change the bioavailabillty digoxin when they are co-administered, which may require digoxin dose adjustment."
macrolide antibiotics,hydroxymethylglutaryl coenzyme A (HMG-CoA) reductase inhibitors,effect,Moderate,1,The concomitant administration of macrolide antibiotics and other hydroxymethylglutaryl coenzyme A (HMG-CoA) reductase inhibitors have resulted in previous reports of rhabdomyolysis.
Codeine,narcotic analgesics,effect,Moderate,1,"Codeine in combination with other narcotic analgesics, general anesthetics, phenothiazines, tranquilizers, sedative-hypnotics, or other CNS depressants (including alcohol) has additive depressant effects."
Uricosuric drugs,nitrofurantoin,mechanism,High,1,"Uricosuric drugs, such as probenecid and sulfinpyrazone, can inhibit renal tubular secretion of nitrofurantoin."
flurbiprofen,cimetidine,mechanism,High,1,"Cimetidine, Ranitidine: In normal volunteers (n=9), pretreatment with cimetidine or ranitidine did not affect flurbiprofen pharmacokinetics except that a small (13 %) but statistically significant increase in the area under the serum concentration curve of flurbiprofen resulted with cimetidine."
NUROMAX,sodium colistimethate,effect,Moderate,1,"Other drugs which may enhance the neuromuscular blocking action of nondepolarizing agents such as NUROMAX include certain antibiotics (e. g., aminoglycosides, tetracyclines, bacitracin, polymyxins, lincomycin, clindamycin, colistin, and sodium colistimethate), magnesium salts, lithium, local anesthe"
clozapine,sertraline,mechanism,High,1,"However, other published reports describe modest elevations (less than two-fold) of clozapine and metabolite concentrations when clozapine was taken with paroxetine, fluoxetine, and sertraline."
VISTIDE,gentamicin,advise,Moderate,1,"Nephrotoxic agents : Concomitant administration of VISTIDE and agents with nephrotoxic potential [e.g., intravenous aminoglycosides (e.g., tobramycin, gentamicin, and amikacin), amphotericin B, foscarnet, intravenous pentamidine, vancomycin, and non-steroidal anti-inflammatory agents] is contraindic"
nisoldipine,cimetidine 400 mg,mechanism,High,1,A 30 to 45% increase in AUC and Cmax of nisoldipine was observed with concomitant administration of cimetidine 400 mg twice daily.
anticoagulants,chlordiazepoxide,effect,Moderate,1,"Although clinical studies have not established a cause and effect relationship, physicians should be aware that variable effects an blood coagulation have been reported very rarely in patients receiving oral anticoagulants and chlordiazepoxide."
hormonal contraceptives,temazepam,mechanism,High,1,"Benzodiazepines: Combination hormonal contraceptives may decrease the clearance of some benzodiazepines (alprazolam, chlordiazepoxide, diazepam) and increase the clearance of others (lorazepam, oxazepam, temazepam)."
Barbiturates,doxycycline,mechanism,High,1,"Barbiturates, carbamazepine, and phenytoin decrease the half-life of doxycycline."
ethanol,acetaldehyde,effect,Moderate,1,These results suggest that the hepatoxicity of ethanol in alcoholic beverages is enhanced by interaction with its congeners and acetaldehyde;
Rifampin,norethindrone,mechanism,High,1,Rifampin: Rifampin increases the metabolism of ethinyl estradiol and some progestins (norethindrone) resulting in decreased contraceptive effectiveness and increased menstrual irregularities.
vasopressors,monoamine oxidase (MAO) inhibitors,advise,Moderate,1,All vasopressors should be used cautiously in patients taking monoamine oxidase (MAO) inhibitors.
tetracycline,bismuth subsalicylate,mechanism,High,1,Absorption of tetracycline is impaired by bismuth subsalicylate.
Folic acid,phenobarbital,effect,Moderate,1,"Folic acid in large amounts may counteract the antiepileptic effect of phenobarbital, phenytoin and primidone, and increase the frequency of seizures in susceptible pediatric patients."
DURAGESIC,central nervous system depressants,effect,Moderate,1,"Central Nervous System Depressants: The concomitant use of DURAGESIC  (fentanyl transdermal system) with other central nervous system depressants, including but not limited to other opioids, sedatives, hypnotics, tranquilizers (e.g., benzodiazepines), general anesthetics, phenothiazines, skeletal mu"
Aprepitant,ritonavir,advise,Moderate,1,"Consequently, concomitant administration of Aprepitant with strong CYP3A4 inhibitors (e.g., ketoconazole, itraconazole, nefazodone, troleandomycin, clarithromycin, ritonavir, nelfinavir) should be approached with caution."
Etonogestrel,clofibrate,int,Low,1,"Etonogestrel may interact with the following medications: acetaminophen (Tylenol), antibiotics such as ampicillin and tetracycline, anticonvulsants (Dilantin, Phenobarbital, Tegretol, Trileptal, Topamax, Felbatol), antifungals (Gris-PEG, Nizoral, Sporanox), atorvastatin (Lipitor), clofibrate (Atromi"
glutethimide,coumarin drugs,advise,Moderate,1,Barbiturates and glutethimide should not be administered to patients receiving coumarin drugs.
metformin,dofetilide,advise,Moderate,1,"In addition, drugs that are actively secreted via this route (e.g., triamterene, metformin and amiloride) should be co-administered with care as they might increase dofetilide levels."
nelfinavir,didanosine,advise,Moderate,1,"therefore, nelfinavir should be administered (with food) one hour after or more than two hours before didanosine."
Flurbiprofen,anti-coagulants,effect,Moderate,1,"Anticoagulants: Flurbiprofen like other nonsteroidal anti-inflammatory drugs, has been shown to affect bleeding parameters in patients receiving anti-coagulants, and serious clinical bleeding has been reported."
alfentanyl,saquinavir,mechanism,High,1,"Although specific studies have not been performed, coadministration with drugs that are mainly metabolized by CYP3A4 (eg, calcium channel blockers, dapsone, disopyramide, quinine, amiodarone, quinidine, warfarin, tacrolimus, cyclosporine, ergot derivatives, pimozide, carbamazepine, fentanyl, alfenta"
SPRYCEL,saquinavir,mechanism,High,1,"Concomitant use of SPRYCEL and drugs that inhibit CYP3A4 (eg, ketoconazole, itraconazole, erythromycin, clarithromycin, ritonavir, atazanavir, indinavir, nefazodone, nelfinavir, saquinavir, telithromycin) may increase exposure to dasatinib and should be avoided."
dirithromycin,antacids,mechanism,High,1,"Antacids or H 2 receptor antagonists: When dirithromycin is administered immediately following antacids or H 2 -receptor antagonists, the absorption of dirithromycin is slightly enhanced."
Antihistamines,sedatives,effect,Moderate,1,"Antihistamines may have additive effects with alcohol and other CNS depressants, e.g., hypnotics, sedatives, tranquilizers, antianxiety agents."
anticoagulant,allopurinol,effect,Moderate,1,"Drugs that reportedly may increase oral anticoagulant response, ie, increased prothrombin response, in man include:alcohol*;allopurinol;aminosalicylic acid;amiodarone;anabolic steroids;antibiotics;bromelains;chloral hydrate*;chlorpropamide;chymotrypsin;cimetidine;cinchophen;clofibrate;dextran;dextro"
butorphanol,barbiturates,effect,Moderate,1,"Concurrent use of butorphanol with central nervous system depressants (e.g., alcohol, barbiturates, tranquilizers, and antihistamines) may result in increased central nervous system depressant effects."
apraclonidine,beta-blockers,advise,Moderate,1,"Since apraclonidine may reduce pulse and blood pressure, caution in using drugs such as beta-blockers (ophthalmic and systemic), antihypertensives, and cardiac glycosides is advised."
atorvastatin,Maalox TC,mechanism,High,1,"Antacid: When atorvastatin and Maalox TC suspension were coadministered, plasma concentrations of atorvastatin decreased approximately 35%."
trovafloxacin,morphine,mechanism,High,1,Previous studies have demonstrated a significant reduction in the oral bioavailability of trovafloxacin and ciprofloxacin when administered concomitantly with an intravenous opiate such as morphine.
Cholestyramine,phenobarbital,mechanism,High,1,"Cholestyramine resin may delay or reduce the absorption of concomitant oral medication such as phenylbutazone, warfarin, thiazide diuretics (acidic) or propranolol (basic), as well as tetracycline penicillin G, phenobarbital, thyroid and thyroxine preparations, estrogens and progestins, and digitali"
butyrophenones,APOKYN,effect,Moderate,1,"Dopamine Antagonists: Since apomorphine is a dopamine agonist, it is possible that dopamine antagonists, such as the neuroleptics (phenothiazines, butyrophenones, thioxanthenes) or metoclopramide, may diminish the effectiveness of APOKYN."
itraconazole,almotriptan,advise,Moderate,1,"Although the interaction between almotriptan and other potent CYP3A4 inhibitors (e.g., itraconazole, ritonavir, and erythromycin) has not been studied, increased exposures to almotriptan may be expected when almotriptan is used concomitantly with these medications."
triazolam,tiagabine,advise,Moderate,1,"Because of the possible additive effects of drugs that may depress the nervous system, ethanol or triazolam should be used cautiously in combination with tiagabine."
TRACRIUM,magnesium,effect,Moderate,1,"Drugs which may enhance the neuromuscular blocking action of TRACRIUM include: enflurane;isoflurane;halothane;certain antibiotics, especially the aminoglycosides and polymyxins;lithium;magnesium salts;procainamide;and quinidine."
Flupenthixol,Tricyclic antidepressants,effect,Moderate,1,"Drug Interactions: Flupenthixol may interact with some drugs, like Monoamine oxidase inhibitors (MAOI): MAOI could theoretically affect flupenthixol pharmacodynamics - Arecoline - Eproxindine - Ethanol: Flupenthixol and Ethanol cause additive CNS depression - Tricyclic antidepressants: Flupenthixol "
anticholinesterase agents,corticosteroid,advise,Moderate,1,"If possible, anticholinesterase agents should be withdrawn at least 24 hours before initiating corticosteroid therapy."
amphetamines,acidifying agents,mechanism,High,1,"Methenamine therapy: Urinary excretion of amphetamines is increased, and efficacy is reduced, by acidifying agents used in methenamine therapy."
sympathomimetic drugs,monoamine oxidase inhibitors,effect,Moderate,1,"When sympathomimetic drugs are given to patients receiving monoamine oxidase inhibitors, hypertensive reactions, including hypertensive crises, may occur."
b-lactam antibiotics,probenecid,mechanism,High,1,"Probenecid: As with other b-lactam antibiotics, renal excretion of loracarbef is inhibited by probenecid and resulted in an approximate 80% increase in the AUC for loracarbef."
ETHYOL,antihypertensive medications,advise,Moderate,1,Special consideration should be given to the administration of ETHYOL in patients receiving antihypertensive medications or other drugs that could cause or potentiate hypotension.
DOSTINEX,butyrophenones,advise,Moderate,1,"DOSTINEX should not be administered concurrently with D2-antagonists, such as phenothiazines, butyrophenones, thioxanthines, or metoclopramide."
penicillin G,colestipol hydrochloride,mechanism,High,1,"The absorption of tetracycline, furosemide, penicillin G, hydrochlorothiazide, and gemfibrozil was significantly decreased when given simultaneously with colestipol hydrochloride;"
Gleevec,itraconazole,advise,Moderate,1,"Drugs that may alter imatinib plasma concentrations Drugs that may increase imatinib plasma concentrations: Caution is recommended when administering Gleevec with inhibitors of the CYP3A4 family (e.g., ketoconazole, itraconazole, erythromycin, clarithromycin)."
norfloxacin,theophylline,effect,Moderate,1,There have been reports of theophylline-related side effects in patients on concomitant therapy with norfloxacin and theophylline.
Intestinal adsorbents,Acarbose,mechanism,High,1,"Intestinal adsorbents (e. g., charcoal) and digestive enzyme preparations containing carbohydrate-splitting enzymes (e. g., amylase, pancreatin) may reduce the effect of Acarbose and should not be taken concomitantly."
interleukin-2,radiographic iodinated contrast media,effect,Moderate,1,"Delayed Adverse Reactions to Iodinated Contrast Media: A review of the literature revealed that 12.6% (range 11-28%) of 501 patients treated with various interleukin-2 containing regimens who were subsequently administered radiographic iodinated contrast media experienced acute, atypical adverse rea"
chlorprothixene,antiparkinsonian agents,advise,Moderate,1,"Exert particular caution in combining chlorprothixene with other anticholinergic drugs (tricyclic antidepressants and antiparkinsonian agents): Particularly the elderly may develop delirium, high fever, severe obstipation, even ileus and glaucoma."
Femara,tamoxifen,mechanism,High,1,(See CLINICAL PHARMACOLOGY) Coadministration of Femara and tamoxifen 20 mg daily resulted in a reduction of letrozole plasma levels by 38% on average.
ethionamide,cycloserine,effect,Moderate,1,"In particular, convulsions have been reported when ethionamide is administered with cycloserine and special care should be taken when the treatment regimen includes both of these drugs."
didanosine,lomefloxacin,mechanism,High,1,"Antacids and sucralfate: Sucralfate and antacids containing magnesium or aluminum, as well as formulations containing divalent and trivalent cations such as Videx  (didanosine), chewable/buffered tablets or the pediatric powder for oral solution can form chelation complexes with lomefloxacin and int"
Antizol,carbamazepine,mechanism,High,1,"Reciprocal interactions may occur with concomitant use of Antizol and drugs that increase or inhibit the cytochrome P450 system (e.g., phenytoin, carbamazepine, cimetidine, ketoconazole), though this has not been studied"
EDECRIN,non- steroidal anti- inflammatory agents,effect,Moderate,1,"Therefore, when EDECRIN and non- steroidal anti- inflammatory agents are used concomitantly, the patient should be observed closely to determine if the desired effect of the diuretic is obtained."
EQUETROTM,danazol,mechanism,High,1,"Agents that are CYP3A4 inhibitors that have been found, or are expected, to increase plasma levels of EQUETROTM are the following: Acetazolamide, azole antifungals, cimetidine, clarithromycin(1), dalfopristin, danazol, delavirdine, diltiazem, erythromycin(1), fluoxetine, fluvoxamine, grapefruit juic"
aminoglycosides,MAXIPIME,advise,Moderate,1,Renal function should be monitored carefully if high doses of aminoglycosides are to be administered with MAXIPIME because of the increased potential of nephrotoxicity and ototoxicity of aminoglycoside antibiotics.
warfarin,IRESSA,effect,Moderate,1,International Normalized Ratio (INR) elevations and/or bleeding events have been reported in some patients taking warfarin while on IRESSA therapy.
PAH,sulfonamides,effect,Moderate,1,"Renal clearance measurements of PAH cannot be made with any significant accuracy in patients receiving sulfonamides, procaine, or thiazolesulfone."
sulfonylurea,chloramphenicol,effect,Moderate,1,"The hypoglycemic action of sulfonylurea may be potentiated by certain drugs including nonsteroidal anti-inflammatory agents and other drugs that are highly protein bound, salicylates, sulfonamides, chloramphenicol, probenecid, coumarins, monoamine oxidase inhibitors, and beta adrenergic blocking age"
Bezalip,anion-exchange resins,advise,Moderate,1,"- When Bezalip or Bezalip retard is used concurrently with anion-exchange resins (e.g. cholestryramine), an interval of at least 2 hours should be maintained between the two medicines, since the absorption of Bezalip or Bezalip retard is impaired"
cocaine,norepinephrine,effect,Moderate,1,The uptake inhibitors cocaine and desipramine (3 mumol/liter) potentiated the positive inotropic effects of norepinephrine in nonfailing myocardium (p < 0.05) but not in functional class IV myocardium.
sodium nitroprusside,INOmax,effect,Moderate,1,"Although there are no study data to evaluate the possibility, nitric oxide donor compounds, including sodium nitroprusside and nitroglycerin, may have an additive effect with INOmax on the risk of developing methemoglobinemia."
reserpine,beta blocking agents,effect,Moderate,1,"Catecholamine-depleting drugs, e.g., reserpine, may have an additive effect when given with beta blocking agents."
antacids,lactulose,mechanism,High,1,Results of preliminary studies in humans and rats suggest that nonabsorbable antacids given concurrently with lactulose may inhibit the desired lactulose-induced drop in colonic pH.
bosentan,R-warfarin,mechanism,High,1,"Warfarin: Co-administration of bosentan 500 mg b.i.d. for 6 days decreased the plasma concentrations of both S-warfarin (a CYP2C9 substrate) and R-warfarin (a CYP3A4 substrate) by 29 and 38%, respectively."
tiagabine,carbamazepine,mechanism,High,1,Effects of other Antiepilepsy Drugs (AEDs) on GABITRIL : Carbamazepine: Population pharmacokinetic analyses indicate that tiagabine clearance is 60% greater in patients taking carbamazepine with or without other enzyme- inducing AEDs.
antidiabetic agents,VELCADE,advise,Moderate,1,Patients on oral antidiabetic agents receiving VELCADE treatment may require close monitoring of their blood glucose levels and adjustment of the dose of their antidiabetic medication.
BREVIBLOC,verapamil,advise,Moderate,1,Caution should be exercised when considering the use of BREVIBLOC and verapamil in patients with depressed myocardial function.
desipramine hydrochloride,hypnotics,effect,Moderate,1,"If desipramine hydrochloride is to be combined with other psychotropic agents such as tranquilizers or sedative/hypnotics, careful consideration should be given to the pharmacology of the agents employed since the sedative effects of desipramine and benzodiazepines (e.g., chlordiazepoxide or diazepa"
thiazide diuretics,LEVULAN KERASTICK,effect,Moderate,1,"It is, however, possible that concomitant use of other known photosensitizing agents such as griseofulvin, thiazide diuretics, sulfonylureas, phenothiazines, sulfonamides and tetracyclines might increase the photosensitivity reaction of actinic keratoses treated with the LEVULAN KERASTICK for Topica"
progestin,carbamazepine,effect,Moderate,1,"The effectiveness of progestin-only pills is reduced by hepatic enzyme-inducing drugs such as the anticonvulsants phenytoin, carbamazepine, and barbiturates, and the antituberculosis drug rifampin."
beta-adrenergic blockers,digoxin,effect,Moderate,1,"Although beta-adrenergic blockers or calcium channel blockers and digoxin may be useful in combination to control atrial fibrillation, their additive effects on AV node conduction can result in advanced or complete heart block."
piperacillin,aminoglycoside,effect,Moderate,1,Aminoglycosides: The mixing of piperacillin with an aminoglycoside in vitro can result in substantial inactivation of the aminoglycoside.
foscarnet,zalcitabine,mechanism,High,1,"Amphotericin, Foscarnet, and Aminoglycosides: Drugs such as amphotericin, foscarnet, and aminoglycosides may increase the risk of developing peripheral neuropathy or other HIVID-associated adverse events by interfering with the renal clearance of zalcitabine (thereby raising systemic exposure)."
cimetidine,Xanax,advise,Moderate,1,"Nafazodone, fluvoxamine, cimetidine (consider Xanax dose reduction)."
dicyclomine,cisapride,effect,Moderate,1,"Anticholinergics: Concurrent administration of certain anticholinergic compounds, such as belladonna alkaloids and dicyclomine, would be expected to compromise the beneficial effects of cisapride."
ergot-type medications,AXERT,advise,Moderate,1,"Because there is a theoretical basis that these effects may be additive, use of ergotamine-containing or ergot-type medications (like dihydroergotamine or methysergide) and AXERT within 24 hours of each other should be avoided."
indomethacin,potassium-sparing diuretics,effect,Moderate,1,"Since indomethacin and potassium-sparing diuretics, including MIDAMOR, may each be associated with increased serum potassium levels, the potential effects on potassium kinetics and renal function should be considered when these agents are administered concurrently."
Potassium-Sparing Diuretics,thiazide diuretics,effect,Moderate,1,Potassium Supplements and Potassium-Sparing Diuretics Lotensin can attenuate potassium loss caused by thiazide diuretics.
theophylline,sympathomimetic bronchodilators,effect,Moderate,1,"Synergism between xanthine bronchodilators (e.g., theophylline), ephedrine, and other sympathomimetic bronchodilators has been reported."
acitretin,ethanol,mechanism,High,1,Ethanol:Clinical evidence has shown that etretinate can be formed with concurrent ingestion of acitretin and ethanol.
Imipramine hydrochloride,CNS depressant drugs,effect,Moderate,1,Imipramine hydrochloride may potentiate the effects of CNS depressant drugs.
rifabutin,ofloxacin,effect,Moderate,1,"When combined with ofloxacin, KRM-1648 exhibited strong synergistic activity while only additive effects were observed with the combination of rifampicin (or rifabutin) and ofloxacin."
Clozapine,antihypertensive drugs,effect,Moderate,1,Clozapine may potentiate the hypotensive effects of antihypertensive drugs and the anticholinergic effects of atropine-type drugs.
L-phenylalanine,selegiline,effect,Moderate,1,Selegiline - L-phenylalanine and the selective MAO inhibitor selegiline may have synergistic antidepressant activity if used concomitantly.
NUROMAX,tetracyclines,effect,Moderate,1,"Other drugs which may enhance the neuromuscular blocking action of nondepolarizing agents such as NUROMAX include certain antibiotics (e. g., aminoglycosides, tetracyclines, bacitracin, polymyxins, lincomycin, clindamycin, colistin, and sodium colistimethate), magnesium salts, lithium, local anesthe"
phenobarbital,acetaminophen,effect,Moderate,1,"Coingestion of acetaminophen with theophylline, phenobarbital with acetaminophen, and valproic acid with phenobarbital at high to toxic concentrations decreases the binding of the target drug."
LEVSIN,antihistamines,effect,Moderate,1,"Additive adverse effects resulting from cholinergic blockade may occur when LEVSIN is administered concomitantly with other antimuscarinics, amantadine, haloperidol, phenothiazines, monoamine oxidase (MAO) inhibitors, tricyclic antidepressants or some antihistamines."
levothyroxine sodium,5-fluorouracil,mechanism,High,1,"Binding to Serum Proteins: The following agents may either inhibit levothyroxine sodium binding to serum proteins or alter the concentrations of serum binding proteins: androgens and related anabolic hormones, asparaginase, clofibrate, estrogens and estrogen-containing compounds, 5-fluorouracil, fur"
phenobarbital,Nalfon,advise,Moderate,1,"When phenobarbital is added to or withdrawn from treatment, dosage adjustment of Nalfon may be required."
Bentiromide,acetaminophen,int,Low,1,"Bentiromide may interact with acetaminophen (e.g., Tylenol), chloramphenicol (e.g., Chloromycetin), local anesthetics (e.g., benzocaine and lidocaine), para-aminobenzoic acid (PABA)-containing preparations (e.g., sunscreens and some multivitamins), procainamide (e.g., Pronestyl), sulfonamides (sulfa"
temazepam,ethanol,mechanism,High,2,"In addition to this pharmacological interaction, this report describes a novel chemical reaction between temazepam (a benzodiazepine) and ethanol under acidic conditions similar to those found in vivo, resulting in a 3-ethoxylated product."
EQUETROTM,felodipine,mechanism,High,1,"Agents that have been found, or are expected to have decreased plasma levels in the presence of EQUETROTM due to induction of CYP enzymes are the following: Acetaminophen, alprazolam, amitriptyline, bupropion, buspirone, citalopram, clobazam, clonazepam, clozapine, cyclosporin, delavirdine, desipram"
Videx,norfloxacin,advise,Moderate,1,"Videx (Didanosine) chewable/buffered tablets or the pediatric powder for oral solution should not be administered concomitantly with, or within 2 hours of, the administration of norfloxacin, because these products may interfere with absorption resulting in lower serum and urine levels of norfloxacin"
amantadine,central nervous system stimulants,advise,Moderate,1,Careful observation is required when amantadine is administered concurrently with central nervous system stimulants.
naltrexone,Acamprosate,mechanism,High,1,Co-administration of naltrexone with Acamprosate produced a 25% increase in AUC and a 33% increase in the Cmax of acamprosate.
sulphonylureas,Bezalip,effect,Moderate,1,- The action of sulphonylureas and insulin may be enhanced by Bezalip or Bezalip retard.
Probenecid,cephalosporins,mechanism,High,1,"Probenecid may decrease renal tubular secretion of cephalosporins when used concurrently, resulting in increased and more prolonged cephalosporin blood levels."
Etonogestrel,Invirase,int,Low,1,"Etonogestrel may interact with the following medications: acetaminophen (Tylenol), antibiotics such as ampicillin and tetracycline, anticonvulsants (Dilantin, Phenobarbital, Tegretol, Trileptal, Topamax, Felbatol), antifungals (Gris-PEG, Nizoral, Sporanox), atorvastatin (Lipitor), clofibrate (Atromi"
Bosentan,atorvastatin,mechanism,High,1,"Bosentan is also expected to reduce plasma concentrations of other statins that have significant metabolism by CYP3A4, such as lovastatin and atorvastatin."
EPA,Ginkgo biloba,int,Low,1,Interactions may occur between EPA supplements and aspirin and other non-steroidal anti-inflammatory drugs and herbs such as garlic (Allium sativum) and ginkgo (Ginkgo biloba).
Anticoagulants,cefixime,effect,Moderate,1,"Warfarin and Anticoagulants: Increased prothrombin time, with or without clinical bleeding, has been reported when cefixime is administered concomitantly."
beta-adrenoceptor blocking agents,nonsteroidal anti-inflammatory drugs,effect,Moderate,1,Blunting of the antihypertensive effect of beta-adrenoceptor blocking agents by nonsteroidal anti-inflammatory drugs has been reported.
quinolones,glyburide,effect,Moderate,1,"The concomitant administration of quinolones including norfloxacin with glyburide (a sulfonylurea agent) has, on rare occasions, resulted in severe hypoglycemia."
Lofexidine,sedatives,effect,Moderate,1,"- Lofexidine may enhance the CNS depressive effects of alcohol, barbiturates and other sedatives"
EPA,ginkgo,int,Low,1,Interactions may occur between EPA supplements and aspirin and other non-steroidal anti-inflammatory drugs and herbs such as garlic (Allium sativum) and ginkgo (Ginkgo biloba).
TRACRIUM,polymyxins,effect,Moderate,1,"Drugs which may enhance the neuromuscular blocking action of TRACRIUM include: enflurane;isoflurane;halothane;certain antibiotics, especially the aminoglycosides and polymyxins;lithium;magnesium salts;procainamide;and quinidine."
EULEXIN,warfarin,advise,Moderate,1,"Therefore, close monitoring of prothrombin time is recommended and adjustment of the anticoagulant dose may be necessary when EULEXIN Capsules are administered concomitantly with warfarin."
levetiracetam,AEDs,mechanism,High,1,Effect of AEDs in Pediatric Patients There was about a 22% increase of apparent total body clearance of levetiracetam when it was co-administered with enzyme-inducing AEDs.
sodium nitroprusside,hypotensive drugs,effect,Moderate,1,"The hypotensive effect of sodium nitroprusside is augmented by that of most other hypotensive drugs, including ganglionic blocking agents, negative inotropic agents, and inhaled anesthetics."
L-methionine,methotrexate,effect,Moderate,1,Acetaminophen and methotrexate - L-methionine may decrease hepatic toxicity in those with acetaminophen overdosage or in those taking methotrexate.
ciprofloxacin,theophylline,mechanism,High,1,"Theophylline: As with some other quinolones, concurrent administration of ciprofloxacin with theophylline may lead to elevated serum concentrations of theophylline and prolongation of its elimination half-life."
Probenecid,angiotensin-converting enzyme inhibitors,mechanism,High,1,"Probenecid : Probenecid is known to interact with the metabolism or renal tubular excretion of many drugs (e.g., acetaminophen, acyclovir, angiotensin-converting enzyme inhibitors, aminosalicylic acid, barbiturates, benzodiazepines, bumetanide, clofibrate, methotrexate, famotidine, furosemide, nonst"
anticoagulant,disulfiram,effect,Moderate,1,"Drugs that reportedly may increase oral anticoagulant response, ie, increased prothrombin response, in man include:alcohol*;allopurinol;aminosalicylic acid;amiodarone;anabolic steroids;antibiotics;bromelains;chloral hydrate*;chlorpropamide;chymotrypsin;cimetidine;cinchophen;clofibrate;dextran;dextro"
theophylline,CGS21680,effect,Moderate,1,"However, the antagonism of the theophylline-induced anxiogenic effects by CGS21680 was only observed in the time spent in the light zone, and DPCPX-induced anxiogenic effects were neither reversed by CGS 21680 nor by CPA."
Nafazodone,Xanax,advise,Moderate,1,"Nafazodone, fluvoxamine, cimetidine (consider Xanax dose reduction)."
aspirin,Nalfon,mechanism,High,1,"Because Nalfon has not been shown to produce any additional effect beyond that obtained with aspirin alone and because aspirin increases the rate of excretion of Nalfon, the concomitant use of Nalfon and salicylates is not recommended."
magnesium,Ibandronate,mechanism,High,1,"Products containing calcium and other multivalent cations (such as aluminum, magnesium, iron) are likely to interfere with absorption of Ibandronate."
broad-spectrum antibiotics,contraceptives,effect,Moderate,1,"In common with other broad-spectrum antibiotics, AUGMENTIN XR may reduce the efficacy of oral contraceptives"
macrolide antibiotics,digoxin,mechanism,High,1,"Erythromycin and clarithromycin (and possibly other macrolide antibiotics) and tetracycline may increase digoxin absorption in patients who inactivate digoxin by bacterial metabolism in the lower intestine, so that digitalis intoxication may result."
ethchlorvynol,amitriptyline HCl,effect,Moderate,1,Transient delirium has been reported in patients who were treated with one gram of ethchlorvynol and 75 - 150 mg of amitriptyline HCl.
anticoagulant,sulfamethoxazole,effect,Moderate,1,"Drugs that reportedly may increase oral anticoagulant response, ie, increased prothrombin response, in man include:alcohol*;allopurinol;aminosalicylic acid;amiodarone;anabolic steroids;antibiotics;bromelains;chloral hydrate*;chlorpropamide;chymotrypsin;cimetidine;cinchophen;clofibrate;dextran;dextro"
BREVIBLOC,norepinephrine,advise,Moderate,1,"Additionally, BREVIBLOC should not be used to control supraventricular tachycardia in the presence of agents which are vasoconstrictive and inotropic such as dopamine, epinephrine, and norepinephrine because of the danger of blocking cardiac contractility when systemic vascular resistance is high."
EQUETROTM,cimetidine,mechanism,High,1,"Agents that are CYP3A4 inhibitors that have been found, or are expected, to increase plasma levels of EQUETROTM are the following: Acetazolamide, azole antifungals, cimetidine, clarithromycin(1), dalfopristin, danazol, delavirdine, diltiazem, erythromycin(1), fluoxetine, fluvoxamine, grapefruit juic"
TARCEVA,saquinavir,advise,Moderate,1,"Caution should be used when administering or taking TARCEVA with ketoconazole and other strong CYP3A4 inhibitors such as, but not limited to, atazanavir, clarithromycin, indinavir, itraconazole, nefazodone, nelfinavir, ritonavir, saquinavir, telithromycin, troleandomycin (TAO), and voriconazole ."
NSAID,methotrexate,effect,Moderate,1,"Patients who begin taking diclofenac or who increase their diclofenac dose or any other NSAID while taking digoxin, methotrexate, or cyclosporine may develop toxicity characteristics for these drugs."
PROLEUKIN,dacarbazine,effect,Moderate,1,"Hypersensitivity reactions have been reported in patients receiving combination regimens containing sequential high dose PROLEUKIN and antineoplastic agents, specifically, dacarbazine, cis-platinum, tamoxifen and interferon-alfa."
piperazine,phenothiazine,effect,Moderate,1,Phenothiazines - Taking piperazine and a phenothiazine together may increase the risk of convulsions (seizures).
hydrochlorothiazide,anionic exchange resins,mechanism,High,1,Cholestyramine and colestipol resins: Absorption of hydrochlorothiazide is impaired in the presence of anionic exchange resins.
anesthetics,INAPSINE,effect,Moderate,1,"Other CNS depressant drugs (e.g. barbiturates, tranquilizers, opioids and general anesthetics) have additive or potentiating effects with INAPSINE."
Clonidine hydrochloride,sedatives,effect,Moderate,1,"Clonidine hydrochloride may enhance the CNS-depressive effects of alcohol, barbiturates or other sedatives."
warfarin,Aprepitant,advise,Moderate,1,"In patients on chronic warfarin therapy, the prothrombin time (INR) should be closely monitored in the 2-week period, particularly at 7 to 10 days, following initiation of the 3-day regimen of Aprepitant with each chemotherapy cycle."
fentanyl,anesthetics,effect,Moderate,1,"Central Nervous System Depressants: The concomitant use of DURAGESIC  (fentanyl transdermal system) with other central nervous system depressants, including but not limited to other opioids, sedatives, hypnotics, tranquilizers (e.g., benzodiazepines), general anesthetics, phenothiazines, skeletal mu"
steroids,aspirin,effect,Moderate,1,Rarely salicylate toxicity may occur in patients who discontinue steroids after concurrent high-dose aspirin therapy.
tetracycline,methoxyflurane,effect,Moderate,2,The concurrent use of tetracycline and Penthrane (methoxyflurane) has been reported to result in fatal renal toxicity.
Clidinium,phenothiazines,effect,Moderate,1,"Clidinium may decrease the effect of phenothiazines, levodopa, and ketoconazole."
bromocriptine mesylate,haloperidol,effect,Moderate,1,"Compounds in these categories result in a decreased efficacy of bromocriptine mesylate: phenothiazines, haloperidol, metoclopramide, pimozide."
Chlorotrianisene,aspirin,int,Low,1,"Chlorotrianisene may interact with antidepressants, aspirin, barbiturates, bromocriptine, calcium supplements, corticosteroids, corticotropin, cyclosporine, dantrolene, nicotine, somatropin, tamoxifen, and warfarin."
HMG-CoA reductase inhibitor,spironolactone,advise,Moderate,1,"Caution should be exercised if an HMG-CoA reductase inhibitor is administered concomitantly with drugs that may decrease the levels or activity of endogenous steroid hormones, such as ketoconazole, spironolactone, and cimetidine."
heparin,Activase,effect,Moderate,1,"In addition to bleeding associated with heparin and vitamin K antagonists, drugs that alter platelet function (such as acetylsalicylic acid, dipyridamole and Abciximab) may increase the risk of bleeding if administered prior to, during, or after Activase therapy."
L-histidine,medroxyprogesterone acetate,effect,Moderate,1,Medroxyprogesterone Acetate - L-histidine was observed to enhance (in tissue culture) the effect of medroxyprogesterone acetate in reducing the number of human breast cancer cells that were in the S phase.
Etonogestrel,Theo-Dur,int,Low,1,"Etonogestrel may interact with the following medications: acetaminophen (Tylenol), antibiotics such as ampicillin and tetracycline, anticonvulsants (Dilantin, Phenobarbital, Tegretol, Trileptal, Topamax, Felbatol), antifungals (Gris-PEG, Nizoral, Sporanox), atorvastatin (Lipitor), clofibrate (Atromi"
eplerenone,erythromycin,mechanism,High,1,"Administration of eplerenone with other CYP3A4 inhibitors (e.g., erythromycin 500 mg BID, verapamil 240 mg QD, saquinavir 1200 mg TID, fluconazole 200 mg QD) resulted in increases in Cmax of eplerenone ranging from 1.4- to 1.6- fold and AUC from 2.0- to 2.9- fold."
Aminoglutethimide,progestins,mechanism,High,1,Aminoglutethimide: May increase CYP metabolism of progestins leading to possible decrease in contraceptive effectiveness.
Felbatol,valproate,mechanism,High,1,Valproate: Felbatol  causes an increase in steady-state valproate concentrations.
progestin,rifampin,effect,Moderate,1,"The effectiveness of progestin-only pills is reduced by hepatic enzyme-inducing drugs such as the anticonvulsants phenytoin, carbamazepine, and barbiturates, and the antituberculosis drug rifampin."
Cimetidine,nicardipine HCl,mechanism,High,1,Cimetidine: Cimetidine increases nicardipine HCl plasma levels.
thyroid products,tricyclic antidepressants,effect,Moderate,1,Tricyclic Antidepressants: Use of thyroid products with imipramine and other tricyclic antidepressants may increase receptor sensitivity and enhance antidepressant activity transient cardiac arrhythmias have been observed.
clozapine,antidepressants,advise,Moderate,1,"Therefore, co-administration of clozapine with other drugs that are metabolized by this isozyme, including antidepressants, phenothiazines, carbamazepine, and Type 1C antiarrhythmics (e.g., propafenone, flecainide and encainide), or that inhibit this enzyme (e.g., quinidine), should be approached wi"
Amphetamines,corticosteroid,int,Low,1,Drug/Laboratory Test Interactions: Amphetamines can cause a significant elevation in plasma corticosteroid levels.
Paroxetine,clozapine,mechanism,High,2,"However, other published reports describe modest elevations (less than two-fold) of clozapine and metabolite concentrations when clozapine was taken with paroxetine, fluoxetine, and sertraline."
INDOCIN,anticoagulant,advise,Moderate,1,"However, when any additional drug, including INDOCIN, is added to the treatment of patients on anticoagulant therapy, the patients should be observed for alterations of the prothrombin time."
quinolones,calcium,mechanism,High,1,"Administration of quinolones with antacids containing aluminum, magnesium, or calcium, with sucralfate, with metal cations such as iron, or with multivitamins containing iron or zinc, or with formulations containing divalent and trivalent cations such as VIDEX (didanosine) chewable/buffered tablets "
CRIXIVAN,itraconazole,advise,Moderate,1,Dose reduction of CRIXIVAN to 600 mg every 8 hours is recommended when administering itraconazole concurrently.
docetaxel,erythromycin,mechanism,High,1,"In vitro studies have shown that the metabolism of docetaxel may be modified by the concomitant administration of compounds that induce, inhibit, or are metabolized by cytochrome P450 3A4, such as cyclosporine, terfenadine, ketoconazole, erythromycin, and troleandomycin."
selective serotonin reuptake inhibitors,sumatriptan succinate,effect,Moderate,1,"A rare, but serious, constellation of symptoms, termed serotonin syndrome, has been reported with the concomitant use of selective serotonin reuptake inhibitors (SSRIs) and agents for migraine therapy, such as Imitrex (sumatriptan succinate) and dihydroergotamine."
TRACRIUM,procainamide,effect,Moderate,1,"Drugs which may enhance the neuromuscular blocking action of TRACRIUM include: enflurane;isoflurane;halothane;certain antibiotics, especially the aminoglycosides and polymyxins;lithium;magnesium salts;procainamide;and quinidine."
Tagamet,lidocaine,mechanism,High,1,"Tagamet, apparently through an effect on certain microsomal enzyme systems, has been reported to reduce the hepatic metabolism of warfarin-type anticoagulants, phenytoin, propranolol, nifedipine, chlordiazepoxide, diazepam, certain tricyclic antidepressants, lidocaine, theophylline and metronidazole"
INSPRA,ACE inhibitors,effect,Moderate,1,"ACE Inhibitors and Angiotensin II Receptor Antagonists (Hypertension)- In clinical studies of patients with hypertension, the addition of INSPRA 50 to 100 mg to ACE inhibitors and angiotensin II receptor antagonists increased mean serum potassium slightly (about 0.09-0.13 mEq/L)."
Etonogestrel,rifampin,int,Low,1,"Etonogestrel may interact with the following medications: acetaminophen (Tylenol), antibiotics such as ampicillin and tetracycline, anticonvulsants (Dilantin, Phenobarbital, Tegretol, Trileptal, Topamax, Felbatol), antifungals (Gris-PEG, Nizoral, Sporanox), atorvastatin (Lipitor), clofibrate (Atromi"
Antacids,LEVSIN,mechanism,High,1,Antacids may interfere with the absorption of LEVSIN.
Nabilone,diazepam,effect,Moderate,1,"Nabilone has been shown to have an additive CNS depressant effect when given with either diazepam, secobarbitone sodium, alcohol or codeine."
REMICADE,anakinra,effect,Moderate,1,Other TNFa-blocking agents (including REMICADE) used in combination with anakinra may also result in similar toxicities.
Diuretic agents,epinephrine,effect,Moderate,1,Diuretic agents may decrease vascular response to pressor drugs such as epinephrine.
HALDOL,alcohol,effect,Moderate,1,"As with other antipsychotic agents, it should be noted that HALDOL may be capable of potentiating CNS depressants such as anesthetics, opiates, and alcohol."
phenytoin,Norpace CR,mechanism,High,1,"If phenytoin or other hepatic enzyme inducers are taken concurrently with Norpace or Norpace CR, lower plasma levels of disopyramide may occur."
ketoconazole,methylprednisolone,mechanism,High,2,"Ketoconazole tablets may alter the metabolism of cyclosporine, tacrolimus, and methylprednisolone, resulting in elevated plasma concentrations of the latter drugs."
cimetidine,CMI,mechanism,High,1,"plasma levels of several closely related tricyclic antidepressants have been reported to be increased by the concomitant administration of methylphenidate or hepatic enzyme inhibitors (e.g., cimetidine, fluoxetine) and decreased by the concomitant administration of hepatic enzyme inducers (e.g., bar"
rauwolfia alkaloid,MAO inhibitors,effect,Moderate,1,Taking a rauwolfia alkaloid while you are taking or within 2 weeks of taking MAO inhibitors may increase the risk of central nervous system depression or may cause a severe high blood pressure reaction.
TORADOL,antiepileptic drugs,effect,Moderate,1,"Antiepileptic Drugs: Sporadic cases of seizures have been reported during concomitant use of TORADOL and antiepileptic drugs (phenytoin, carbamazepine)."
Cyclopropane,dopamine,effect,Moderate,1,"Cyclopropane or halogenated hydrocarbon anesthetics increase cardiac autonomic irritability and may sensitize the myocardium to the action of certain intravenously administered catecholamines, such as dopamine."
amphotericin B,hydrocortisone,effect,Moderate,1,"In addition, there have been cases reported in which concomitant use of amphotericin B and hydrocortisone was followed by cardiac enlargement and congestive heart failure."
DURAGESIC,MAOI,advise,Moderate,1,MAO Inhibitors: DURAGESIC  is not recommended for use in patients who have received MAOI within 14 days because severe and unpredictable potentiation by MAO inhibitors has been reported with opioid analgesics
erythromycin,corticosteroids,mechanism,High,1,"Drugs which inhibit CYP 3A4 (e.g., ketoconazole, macrolide antibiotics such as erythromycin) have the potential to result in increased plasma concentrations of corticosteroids."
EQUETROTM,dalfopristin,mechanism,High,1,"Agents that are CYP3A4 inhibitors that have been found, or are expected, to increase plasma levels of EQUETROTM are the following: Acetazolamide, azole antifungals, cimetidine, clarithromycin(1), dalfopristin, danazol, delavirdine, diltiazem, erythromycin(1), fluoxetine, fluvoxamine, grapefruit juic"
Quinolones,anticoagulant,effect,Moderate,1,"Warfarin: Quinolones may enhance the effects of the oral anticoagulant, warfarin, or its derivatives."
amphotericin B,digitalis,effect,Moderate,1,Digitalis glycosides: amphotericin B-induced hypokalemia may potentiate digitalis toxicity.
acetaminophen,CNS depressants,effect,Moderate,1,"Butalbital, acetaminophen and caffeine may enhance the effects of: other narcotic analgesics, alcohol, general anesthetics, tranquilizers such as chlordiazepoxide, sedative-hypnotics, or other CNS depressants, causing increased CNS depression."
contraceptives,lymecycline,effect,Moderate,1,Oral contraceptives may be less effective while you are taking lymecycline.
tacrolimus,saquinavir,mechanism,High,1,"Although specific studies have not been performed, coadministration with drugs that are mainly metabolized by CYP3A4 (eg, calcium channel blockers, dapsone, disopyramide, quinine, amiodarone, quinidine, warfarin, tacrolimus, cyclosporine, ergot derivatives, pimozide, carbamazepine, fentanyl, alfenta"
WELLBUTRIN,steroids,advise,Moderate,1,"Drugs that Lower Seizure Threshold: Concurrent administration of WELLBUTRIN and agents (e.g., antipsychotics, other antidepressants, theophylline, systemic steroids, etc.) that lower seizure threshold should be undertaken only with extreme caution."
levothyroxine sodium,phenytoin,mechanism,High,1,"Binding to Serum Proteins: The following agents may either inhibit levothyroxine sodium binding to serum proteins or alter the concentrations of serum binding proteins: androgens and related anabolic hormones, asparaginase, clofibrate, estrogens and estrogen-containing compounds, 5-fluorouracil, fur"
chloroquine,cyclosporin,mechanism,High,1,"Cyclosporin: After introduction of chloroquine (oral form), a sudden increase in serum cyclosporin level has been reported."
Sucralfate,FACTIVE,advise,Moderate,1,Sucralfate should not be taken within 2 hours of FACTIVE.
MYOBLOC,aminoglycosides,advise,Moderate,1,"Co-administration of MYOBLOC and aminoglycosides or other agents interfering with neuromuscular transmission (e.g., curare-like compounds) should only be performed with caution as the effect of the toxin may be potentiated."
tricyclic antidepressants,clidinium,effect,Moderate,1,"Amantadine, tricyclic antidepressants, and MAOIs may increase anticholinergic effect of clidinium."
citalopram,ketoconazole,mechanism,High,1,"Ketoconazole - Combined administration of racemic citalopram (40 mg) and ketoconazole (200 mg) decreased the Cmax and AUC of ketoconazole by 21% and 10%, respectively, and did not significantly affect the pharmacokinetics of citalopram."
ethoxzolamide,corticosteroids,effect,Moderate,1,"Coadministration of ethoxzolamide with other diuretics, amphotericin B, and corticosteroids may cause hypokalemia."
sucralfate,anagrelide,mechanism,High,1,"There is a single case report, which suggests that sucralfate may interfere with anagrelide absorption."
digoxin,dofetilide,effect,Moderate,1,"In patients, the concomitant administration of digoxin with dofetilide was associated with a higher occurrence of torsade de pointes."
quinolone,iron,mechanism,High,1,"Multivalent Cation-Containing Products: Concurrent administration of a quinolone, including ciprofloxacin, with multivalent cation-containing products such as magnesium or aluminum antacids, sucralfate, VIDEX chewable/buffered tablets or pediatric powder, or products containing calcium, iron, or zin"
carbenicillin indanyl sodium,probenecid,mechanism,High,1,Geocillin (carbenicillin indanyl sodium) blood levels may be increased and prolonged by concurrent administration of probenecid.
Etonogestrel,Viracept,int,Low,1,"Etonogestrel may interact with the following medications: acetaminophen (Tylenol), antibiotics such as ampicillin and tetracycline, anticonvulsants (Dilantin, Phenobarbital, Tegretol, Trileptal, Topamax, Felbatol), antifungals (Gris-PEG, Nizoral, Sporanox), atorvastatin (Lipitor), clofibrate (Atromi"
EQUETROTM,midazolam,mechanism,High,1,"Agents that have been found, or are expected to have decreased plasma levels in the presence of EQUETROTM due to induction of CYP enzymes are the following: Acetaminophen, alprazolam, amitriptyline, bupropion, buspirone, citalopram, clobazam, clonazepam, clozapine, cyclosporin, delavirdine, desipram"
Etonogestrel,antibiotics,int,Low,1,"Etonogestrel may interact with the following medications: acetaminophen (Tylenol), antibiotics such as ampicillin and tetracycline, anticonvulsants (Dilantin, Phenobarbital, Tegretol, Trileptal, Topamax, Felbatol), antifungals (Gris-PEG, Nizoral, Sporanox), atorvastatin (Lipitor), clofibrate (Atromi"
quinolone antibiotics,aluminum,mechanism,High,1,"Plasma concentrations of quinolone antibiotics are decreased when administered with antacids containing magnesium, calcium, or aluminum."
bupropion,risperidone,advise,Moderate,1,"Therefore, co-administration of bupropion with drugs that are metabolized by CYP2D6 isoenzyme including certain antidepressants (e.g., nortriptyline, imipramine, desipramine, paroxetine, fluoxetine, sertraline), antipsychotics (e.g., haloperidol, risperidone, thioridazine), beta-blockers (e.g., meto"
dihydroergotamine,FROVA,advise,Moderate,1,"Due to a theoretical risk of a pharmacodynamic interaction, use of ergotamine-containing or ergot-type medications (like dihydroergotamine or methysergide) and FROVA within 24 hours of each other should be avoided (see  a href= frova_od.htm#CI CONTRAINDICATIONS)."
butorphanol,erythromycin,advise,Moderate,1,"It is not known if the effects of butorphanol are altered by concomitant medications that affect hepatic metabolism of drugs (erythromycin, etc.), but physicians should be alert to the possibility that a smaller initial dose and longer intervals between doses may be needed."
nonsteroidal anti-inflammatory drugs,potassium-sparing diuretics,effect,Moderate,1,Other nonsteroidal anti-inflammatory drugs that inhibit prostaglandin synthesis have been shown to interfere with thiazide diuretics in some studies and with potassium-sparing diuretics.
Amphetamines,norepinephrine,effect,Moderate,2,Norepinephrine: Amphetamines enhance the adrenergic effect of norepinephrine.
amiodarone,indinavir,mechanism,High,1,A case report of one patient taking amiodarone 200 mg and indinavir 800 mg three times a day resulted in increases in amiodarone concentrations from 0.9 mg/L to 1.3 mg/L.
famotidine,cefditoren pivoxil,mechanism,High,1,"H2-Receptor Antagonists: Co-administration of a single dose of intravenously administered famotidine (20 mg) reduced the oral absorption of a single 400 mg dose of cefditoren pivoxil administered following a meal, as evidenced by a 27% decrease in mean Cmax and a 22% decrease in mean AUC."
VIRACEPT,ergot derivatives,advise,Moderate,1,"Drugs That Should Not Be Coadministered With VIRACEPT Antiarrhythmics: amiodarone, quinidine Antihistamines: astemizole, terfenadine Antimigraine: ergot derivatives Antimycobacterial agents: rifampin Benzodiazepines midazolam, triazolam GI motility agents: cisapride"
MAOIs,serotoninergic agents,effect,Moderate,1,"In patients receiving nonselective monoamine oxidase inhibitors (MAOIs) (e.g., selegiline hydrochloride) in combination with serotoninergic agents (e.g., fluoxetine, fluvoxamine, paroxetine, sertraline, venlafaxine), there have been reports of serious, sometimes fatal, reactions."
WELLBUTRIN,antipsychotics,advise,Moderate,1,"Drugs that Lower Seizure Threshold: Concurrent administration of WELLBUTRIN and agents (e.g., antipsychotics, other antidepressants, theophylline, systemic steroids, etc.) that lower seizure threshold should be undertaken only with extreme caution."
Lofexidine,alcohol,effect,Moderate,1,"- Lofexidine may enhance the CNS depressive effects of alcohol, barbiturates and other sedatives"
Acellular vaccines,RAPTIVA,advise,Moderate,1,"Acellular, live and live-attenuated vaccines should not be administered during RAPTIVA treatment."
dantrolene,vecuronium,effect,Moderate,1,Administration of dantrolene may potentiate vecuronium-induced neuromuscular block.
Clarithromycin,nevirapine,mechanism,High,1,Clarithromycin exposure was significantly decreased by nevirapine;
hormonal contraceptives,coumarin derivatives,effect,Moderate,1,Anticoagulants: Combination hormonal contraceptives may increase or decrease the effects of coumarin derivatives.
thioxanthenes,APOKYN,effect,Moderate,1,"Dopamine Antagonists: Since apomorphine is a dopamine agonist, it is possible that dopamine antagonists, such as the neuroleptics (phenothiazines, butyrophenones, thioxanthenes) or metoclopramide, may diminish the effectiveness of APOKYN."
colestipol,hydrochlorothiazide,mechanism,High,1,"Single doses of either cholestyramine or colestipol resins bind the hydrochlorothiazide and reduce its absorption from the gastrointestinal tract by up to 85 and 43 percent, respectively."
live vaccines,RAPTIVA,advise,Moderate,1,"Acellular, live and live-attenuated vaccines should not be administered during RAPTIVA treatment."
DOSTINEX,thioxanthines,advise,Moderate,1,"DOSTINEX should not be administered concurrently with D2-antagonists, such as phenothiazines, butyrophenones, thioxanthines, or metoclopramide."
corticosteroids,diuretics,advise,Moderate,1,"Amphotericin B injection and potassium-depleting agents: When corticosteroids are administered concomitantly with potassium-depleting agents (e.g., amphotericin B, diuretics), patients should be observed closely for development of hypokalemia."
erythromycins,penicillins,effect,Moderate,1,"Bacteriostatic Antibiotics: Chloramphenicol, erythromycins, sulfonamides, or tetracyclines may interfere with the bactericidal effect of penicillins."
phenobarbital,diclofenac,effect,Moderate,1,Phenobarbital toxicity has been reported to have occurred in a patient on chronic phenobarbital treatment following the initiation of diclofenac therapy.
aspirin,carbonic anhydrase inhibitors,advise,Moderate,2,"Caution is advised in patients receiving concomitant high-dose aspirin and carbonic anhydrase inhibitors, as anorexia, tachypnea, lethargy and coma have been rarely reported due to a possible drug interaction."
salicylates,Starlix,effect,Moderate,1,"Certain drugs, including nonsteroidal anti-inflammatory agents (NSAIDs), salicylates, monoamine oxidase inhibitors, and non-selective beta-adrenergic-blocking agents may potentiate the hypoglycemic action of Starlix and other oral antidiabetic drugs."
18-MC,nicotine,effect,Moderate,1,Both ibogaine and 18-MC block morphine-induced and nicotine-induced dopamine release in the nucleus accumbens;
lincomycin,erythromycin,effect,Moderate,1,Antagonism between lincomycin and erythromycin in vitro has been demonstrated.
monoamine oxidase inhibitors,antidiabetic drugs,effect,Moderate,1,"Certain drugs, including nonsteroidal anti-inflammatory agents (NSAIDs), salicylates, monoamine oxidase inhibitors, and non-selective beta-adrenergic-blocking agents may potentiate the hypoglycemic action of Starlix and other oral antidiabetic drugs."
REVIA,opioid analgesics,effect,Moderate,1,"Patients taking REVIA may not benefit from opioid containing medicines, such as cough and cold preparations, antidiarrheal preparations, and opioid analgesics."
Hydrocodone,gabapentin,mechanism,High,1,Hydrocodone increases gabapentin AUC values by 14%.
dexamethasone,albendazole,mechanism,High,1,Dexamethasone: Steady-state trough concentrations of albendazole sulfoxide were about 56% higher when 8 mg dexamethasone was coadministered with each dose of albendazole (15 mg/kg/day) in eight neurocysticercosis patients.
barbiturates,ethchlorvynol,effect,Moderate,1,"Other depressasnts such as alcohol, barbiturates, and MAOIs may enhance CNS depression when administered with ethchlorvynol."
Nelfinavir,amprenavir,mechanism,High,1,"Nelfinavir steady-state Cmax, A.C. and Cmin were increased by 12%, 15%, and 14%, respectively, by concomitant amprenavir."
NIZORAL,triazolam,mechanism,High,1,Coadministration of NIZORAL  Tablets with midazolam or triazolam has resulted in elevated plasma concentrations of the latter two drugs.
Diazepam,morphine,effect,Moderate,1,Diazepam at doses of 0.25 mg/kg and 2.5 mg/kg injected with morphine was found to decrease the antinociceptive effect of morphine.
azithromycin,indinavir,mechanism,High,1,"When used in therapeutic doses, azithromycin had a modest effect on the pharmacokinetics of atorvastatin, carbamazepine, cetirizine, didanosine, efavirenz, fluconazole, indinavir, midazolam, rifabutin, sildenafil, theophylline (intravenous and oral), triazolam, trimethoprim/sulfamethoxazole or zidov"
hormonal contraceptives,acetaminophen,mechanism,High,1,Combination hormonal contraceptives may also decrease the plasma concentration of acetaminophen.
Sympathomimetic amines,methyldopa,effect,Moderate,1,"Sympathomimetic amines may reduce the antihypertensive effects of reserpine, veratrum alkaloids, methyldopa and mecamylamine."
Oxytocin,dinoprost,effect,Moderate,1,"Oxytocin or other oxytocics (concurrent use with dinoprost may result in uterine hypertonus, possibly causing uterine rupture or cervical laceration, especially in the absence of adequate cervical dilatation;"
praziquantel,albendazole sulfoxide,mechanism,High,1,"Praziquantel: In the fed state, praziquantel (40 mg/kg) increased mean maximum plasma concentration and area under the curve of albendazole sulfoxide by about 50% in healthy subjects (n=10) compared with a separate group of subjects (n=6) given albendazole alone."
fluvoxamine,Xanax,advise,Moderate,1,"Nafazodone, fluvoxamine, cimetidine (consider Xanax dose reduction)."
Methamphetamine,pargyline,effect,Moderate,1,"Methamphetamine, like MPTP, produced depletions of striatal dopamine but these actions were potentiated by pargyline pretreatment."
diphenoxylate,digoxin,mechanism,High,1,"Propantheline and diphenoxylate, by decreasing gut motility, may increase digoxin absorption."
anticoagulant,griseofulvin,effect,Moderate,1,"Drugs that have been reported to diminish oral anticoagulant response, ie, decreased prothrom-bin time response, in man significantly include: adrenocortical steroids;alcohol*;antacids;antihistamines;barbiturates;carbamazepine;chloral hydrate*;chlordiazepoxide;cholestyramine;diet high in vitamin K;d"
EXTRANEAL,insulin,advise,Moderate,1,"However, appropriate monitoring of blood glucose should be performed when initiating EXTRANEAL in diabetic patients and insulin dosage should be adjusted if needed."
propranolol,ergotamine,effect,Moderate,1,"Beta Blockers: Although the results of a clinical study did not indicate a safe problem associated with the administration of D.H.E. 45  (dihydroergotamine mesylate) Injection, USP to subjects already receiving propranolol, there have been reports that propranolol may potentiate the vasoconstrictive"
WelChol,Calan SR,mechanism,High,1,"WelChol  decreased the Cmax and AUC of sustained-release verapamil (Calan SR ) by approximately 31% and 11%, respectively."
cyclosporine,saquinavir,mechanism,High,1,"Although specific studies have not been performed, coadministration with drugs that are mainly metabolized by CYP3A4 (eg, calcium channel blockers, dapsone, disopyramide, quinine, amiodarone, quinidine, warfarin, tacrolimus, cyclosporine, ergot derivatives, pimozide, carbamazepine, fentanyl, alfenta"
TORADOL,carbamazepine,effect,Moderate,1,"Antiepileptic Drugs: Sporadic cases of seizures have been reported during concomitant use of TORADOL and antiepileptic drugs (phenytoin, carbamazepine)."
Echistatin,contortrostatin,effect,Moderate,1,"Echistatin alone had no effect on tyrosine phosphorylation in T24 cells, but dose-dependently inhibits the effects of contortrostatin when both are added simultaneously."
chlorpromazine,tricyclic antidepressant,effect,Moderate,1,"The concurrent use of two or more drugs with anticholinergic activity--such as an antipsychotic drug (eg, chlorpromazine), an antiparkinsonian drug (eg, trihexyphenidyl), and/or a tricyclic antidepressant (eg, amitriptyline)--commonly results in excessive anticholinergic effects, including dry mouth"
Amprenavir,ritonavir,effect,Moderate,2,"Laboratory Tests: The combination of Amprenavir and low-dose ritonavir has been associated with elevations of cholesterol and triglycerides, SGOT (AST), and SGPT (ALT) in some patients."
warfarin,ketorolac tromethamine,mechanism,High,1,"Warfarin, Digoxin, Salicylate, and Heparin The in vitro binding of warfarin to plasma proteins is only slightly reduced by ketorolac tromethamine (99.5% control vs 99.3%) when ketorolac plasma concentrations reach 5 to10 m g/mL."
phenobarbital,clonazepam,mechanism,High,1,"Cytochrome P-450 inducers, such as phenytoin, carbamazepine and phenobarbital, induce clonazepam metabolism, causing an approximately 30% decrease in plasma clonazepam levels."
FOSCAVIR,amphotericin B,advise,Moderate,1,"Because of foscarnets tendency to cause renal impairment, the use of FOSCAVIR should be avoided in combination with potentially nephrotoxic drugs such as aminoglycosides, amphotericin B and intravenous pentamidine unless the potential benefits outweigh the risks to the patient."
TCA,Duloxetine,advise,Moderate,1,Plasma TCA concentrations may need to be monitored and the dose of the TCA may need to be reduced if a TCA is co-administered with Duloxetine.
dihydroergotamine mesylate,macrolide class,mechanism,High,1,"Macrolide Antibiotics (e. g. erythromycin and troleandomycin): Agents of the ergot alkaloid class, of which D.H.E. 45  (dihydroergotamine mesylate) Injection, USP is a member, have been shown to interact with antibiotics of the macrolide class, resulting in increased plasma levels of unchanged alkal"
NIMBEX,aminoglycosides,effect,Moderate,1,"Other drugs which may enhance the neuromuscular blocking action of nondepolarizing agents such as NIMBEX include certain antibiotics (e. g., aminoglycosides, tetracyclines, bacitracin, polymyxins, lincomycin, clindamycin, colistin, and sodium colistemethate), magnesium salts, lithium, local anesthet"
(-)-NANM,morphine,effect,Moderate,1,"In both species, (-)-NANM, but not (+)-NANM, antagonized the rate-decreasing effects of morphine on FI and FR responding."
prochlorperazine,CAMPTOSAR,effect,Moderate,1,"The incidence of akathisia in clinical trials of the weekly dosage schedule was greater (8.5%, 4/47 patients) when prochlorperazine was administered on the same day as CAMPTOSAR than when these drugs were given on separate days (1.3%, 1/80 patients)."
azithromycin,theophylline,mechanism,High,1,"When used in therapeutic doses, azithromycin had a modest effect on the pharmacokinetics of atorvastatin, carbamazepine, cetirizine, didanosine, efavirenz, fluconazole, indinavir, midazolam, rifabutin, sildenafil, theophylline (intravenous and oral), triazolam, trimethoprim/sulfamethoxazole or zidov"
Fluvoxamine,TCA,mechanism,High,1,"Fluvoxamine has also been shown to inhibit P450 1A2, an isoform also involved in TCAmetabolism."
anileridine,phenothiazines,advise,Moderate,1,"Caution should be observed when anileridine is coadministered with other opioids, sedatives, phenothiazines, or anesthetics, as these agents may increase respiratory and circulatory depression."
Clindamycin,neuromuscular blocking agents,effect,Moderate,1,Clindamycin has been shown to have neuromuscular blocking properties that may enhance the action of other neuromuscular blocking agents.
cholestyramine,digoxin,mechanism,High,1,"Antacids, kaolin-pectin, sulfasalazine, neomycin, cholestyramine, certain anticancer drugs, and metoclopramide may interfere with intestinal digoxin absorption, resulting in unexpectedly low serum concentrations."
picrotoxin,phentolamine,effect,Moderate,1,"[The GABA-ergic system and brain edema] It has been shown in rats with experimental toxic and traumatic edemas that picrotoxin (1 mg/kg) removes the antiedematous action of diazepam, phenazepam, phenibut and amizyl and reduces the action of phentolamine."
nonsteroidal anti-inflammatory drugs,anti-coagulants,effect,Moderate,1,"Anticoagulants: Flurbiprofen like other nonsteroidal anti-inflammatory drugs, has been shown to affect bleeding parameters in patients receiving anti-coagulants, and serious clinical bleeding has been reported."
picrotoxin,phenibut,effect,Moderate,1,"[The GABA-ergic system and brain edema] It has been shown in rats with experimental toxic and traumatic edemas that picrotoxin (1 mg/kg) removes the antiedematous action of diazepam, phenazepam, phenibut and amizyl and reduces the action of phentolamine."
EQUETROTM,clozapine,mechanism,High,1,"Agents that have been found, or are expected to have decreased plasma levels in the presence of EQUETROTM due to induction of CYP enzymes are the following: Acetaminophen, alprazolam, amitriptyline, bupropion, buspirone, citalopram, clobazam, clonazepam, clozapine, cyclosporin, delavirdine, desipram"
DIDREX,CNS stimulants,advise,Moderate,1,DIDREX should not be used concomitantly with other CNS stimulants.
MPTP,amphetamine,effect,Moderate,1,The MPTP-induced neuronal damage produced a tolerance to the disruptive effects of amphetamine and a supersensitivity to the disruptive effects of apomorphine in rats responding in a schedule controlled paradigm.
apomorphine,palonosetron,advise,Moderate,1,"5HT3 Antagonists: Based on reports of profound hypotension and loss of consciousness when apomorphine was administered with ondansetron, the concomitant use of apomorphine with drugs of the 5HT3 antagonist class (including, for example, ondansetron, granisetron, dolasetron, palonosetron, and alosetr"
Isoproterenol hydrochloride,epinephrine,advise,Moderate,1,Isoproterenol hydrochloride injection and epinephrine should not be administered simultaneously because both drugs are direct cardiac stimulants and their combined effects may induce serious arrhythmias.
succinylcholine,Coly-Mycin M,effect,Moderate,1,"Curariform muscle relaxants (eg, tubocurarine) and other drugs, including ether, succinylcholine, gallamine, decamethonium and sodium citrate, potentiate the neuromuscular blocking effect and should be used with extreme caution in patients being treated with Coly-Mycin M Parenteral."
NSAIDs,digoxin,mechanism,High,1,"Cyclosporine, Digoxin, Methotrexate Lodine, like other NSAIDs, through effects on renal prostaglandins, may cause changes in the elimination of these drugs leading to elevated serum levels of cyclosporine, digoxin, methotrexate, and increased toxicity."
isosorbide dinitrate,vasodilators,effect,Moderate,1,The vasodilating effects of isosorbide dinitrate may be additive with those of other vasodilators.
clonidine,digitalis,advise,Moderate,1,"Also, due to the potential for additive effects such as bradycardia and AV block, caution is warranted in patients receiving clonidine with agents known to affect sinus node function or AV nodal conduction (e.g., digitalis, calcium channel blockers, and beta-blockers.)"
MAO-inhibitors,Bezalip retard,advise,Moderate,1,- Perhexiline hydrogen maleate or MAO-inhibitors (with hepatotoxic potential) must not be administered together with Bezalip or Bezalip retard.
phenytoin,sulfapyridine,effect,Moderate,1,"- Phenytoin (e.g., Dilantin) Use of phenytoin with sulfapyridine may increase the chance of side effects affecting the liver and/or the side effects of phenytoin"
Gleevec,simvastatin,mechanism,High,1,"Drugs that may have their plasma concentration altered by Gleevec Gleevec increases the mean cmax and AUC of simvastatin (CYP3A4 substrate) 2- and 3.5-fold, respectively, suggesting an inhibition of the CYP3A4 by Gleevec."
amphotericin,zalcitabine,mechanism,High,1,"Amphotericin, Foscarnet, and Aminoglycosides: Drugs such as amphotericin, foscarnet, and aminoglycosides may increase the risk of developing peripheral neuropathy or other HIVID-associated adverse events by interfering with the renal clearance of zalcitabine (thereby raising systemic exposure)."
Sympathomimetics,veratrum alkaloids,effect,Moderate,2,"The antihypertensive effects of methyldopa, mecamylamine, reserpine, and veratrum alkaloids may be reduced by sympathomimetics."
Nabilone,barbiturates,advise,Moderate,1,"Nabilone should be administered with caution to patients who are taking other psychoactive drugs or CNS depressants, including alcohol, barbiturates and narcotic analgesics, or to those with a history of psychiatric disorder (including manic-depressive illness and schizophrenia)."
ergot-type medications,FROVA,advise,Moderate,1,"Due to a theoretical risk of a pharmacodynamic interaction, use of ergotamine-containing or ergot-type medications (like dihydroergotamine or methysergide) and FROVA within 24 hours of each other should be avoided (see  a href= frova_od.htm#CI CONTRAINDICATIONS)."
Propranolol,aspirins,effect,Moderate,1,Propranolol: May decrease aspirins anti-inflammatory action by competing for the same receptors.
ibuprofen,thiazides,effect,Moderate,1,"Furosemide: Clinical studies, as well as random observations, have shown that ibuprofen can reduce the natriuretic effect of furosemide and thiazides in some patients."
NSAIDs,propranolol,effect,Moderate,1,Naproxen and other NSAIDs can reduce the antihypertensive effect of propranolol and other beta-blockers.
amylase,Acarbose,mechanism,High,1,"Intestinal adsorbents (e. g., charcoal) and digestive enzyme preparations containing carbohydrate-splitting enzymes (e. g., amylase, pancreatin) may reduce the effect of Acarbose and should not be taken concomitantly."
azithromycin,midazolam,mechanism,High,1,"When used in therapeutic doses, azithromycin had a modest effect on the pharmacokinetics of atorvastatin, carbamazepine, cetirizine, didanosine, efavirenz, fluconazole, indinavir, midazolam, rifabutin, sildenafil, theophylline (intravenous and oral), triazolam, trimethoprim/sulfamethoxazole or zidov"
Acetaminophen,synthetic estrogens,mechanism,High,1,"Acetaminophen: May increase plasma concentration of synthetic estrogens, possibly by inhibiting conjugation."
anticoagulant,antihistamines,effect,Moderate,1,"Drugs that have been reported to diminish oral anticoagulant response, ie, decreased prothrom-bin time response, in man significantly include: adrenocortical steroids;alcohol*;antacids;antihistamines;barbiturates;carbamazepine;chloral hydrate*;chlordiazepoxide;cholestyramine;diet high in vitamin K;d"
EQUETROTM,isoniazid,mechanism,High,1,"Agents that are CYP3A4 inhibitors that have been found, or are expected, to increase plasma levels of EQUETROTM are the following: Acetazolamide, azole antifungals, cimetidine, clarithromycin(1), dalfopristin, danazol, delavirdine, diltiazem, erythromycin(1), fluoxetine, fluvoxamine, grapefruit juic"
Innovar Vet,ouabain,effect,Moderate,1,"In a comparison of digitalis tolerance in dogs anesthetized with ketamine, Innovar Vet, or pentobarbital, the dosage of ouabain needed to cause ventricular tachycardia was significantly higher, as was the LD50 of ouabain, with ketamine or Innovar than with pentobarbital."
Probenecid,famotidine,mechanism,High,1,"Probenecid : Probenecid is known to interact with the metabolism or renal tubular excretion of many drugs (e.g., acetaminophen, acyclovir, angiotensin-converting enzyme inhibitors, aminosalicylic acid, barbiturates, benzodiazepines, bumetanide, clofibrate, methotrexate, famotidine, furosemide, nonst"
corticosteroids,antidiabetic drugs,effect,Moderate,1,"Certain drugs including thiazides, corticosteroids, thyroid products, and sympathomimetics may reduce the hypoglycemic action of Starlix and other oral antidiabetic drugs."
DURAGESIC,anesthetics,effect,Moderate,1,"Central Nervous System Depressants: The concomitant use of DURAGESIC  (fentanyl transdermal system) with other central nervous system depressants, including but not limited to other opioids, sedatives, hypnotics, tranquilizers (e.g., benzodiazepines), general anesthetics, phenothiazines, skeletal mu"
Fenfluramine,reserpine,effect,Moderate,1,"Fenfluramine may increase slightly the effect of antihypertensive drugs, e.g., guanethidine, methyldopa, reserpine."
ZEBETA,diltiazem,advise,Moderate,1,"ZEBETA should be used with care when myocardial depressants or inhibitors of AV conduction, such as certain calcium antagonists (particularly of the phenylalkylamine [verapamil] and benzothiazepine [diltiazem] classes), or antiarrhythmic agents, such as disopyramide, are used concurrently."
AUGMENTIN XR,contraceptives,effect,Moderate,1,"In common with other broad-spectrum antibiotics, AUGMENTIN XR may reduce the efficacy of oral contraceptives"
lithium,HALDOL,effect,Moderate,1,"An encephalopathic syndrome (characterized by weakness, lethargy, fever, tremulousness and confusion, extrapyramidal symptoms, leukocytosis, elevated serum enzymes, BUN, and FBS) followed by irreversible brain damage has occurred in a few patients treated with lithium plus HALDOL."
diethylpropion,a-methyldopa,int,Low,1,"conversely, diethylpropion may interfere with antihypertensive drugs (i.e., guanethidine, a-methyldopa)."
TRACRIUM,antibiotics,effect,Moderate,1,"Drugs which may enhance the neuromuscular blocking action of TRACRIUM include: enflurane;isoflurane;halothane;certain antibiotics, especially the aminoglycosides and polymyxins;lithium;magnesium salts;procainamide;and quinidine."
Etonogestrel,Crixivan,int,Low,1,"Etonogestrel may interact with the following medications: acetaminophen (Tylenol), antibiotics such as ampicillin and tetracycline, anticonvulsants (Dilantin, Phenobarbital, Tegretol, Trileptal, Topamax, Felbatol), antifungals (Gris-PEG, Nizoral, Sporanox), atorvastatin (Lipitor), clofibrate (Atromi"
Hydrochlorothiazide,ketoprofen,effect,Moderate,1,"Diuretic: Hydrochlorothiazide, given concomitantly with ketoprofen, produces a reduction in urinary potassium and chloride excretion compared to hydrochlorothiazide alone."
isoniazid,theophylline,mechanism,High,1,"Therophylline: A recent study has shown that concomitan administration of isoniazid and theophylline may cause elevated plasma levels of theophylline, and in some instances a slight decrease in the elimination of isoniazid."
BOTOX,curare-like compounds,advise,Moderate,1,"Co-administration of BOTOX and aminoglycosides or other agents interfering with neuromuscular transmission (e.g., curare-like compounds) should only be performed with caution as the effect of the toxin may be potentiated."
butorphanol,Levo-Dromoran,advise,Moderate,1,"Interactions with Mixed Agonist/Antagonist Opioid Analgesics: Agonist/antagonist analgesics (eg, pentazocine, nalbuphine, butorphanol, dezocine and buprenorphine) should NOT be administered to a patient who has received or is receiving a course of therapy with a pure agonist opioid analgesic such as"
Fenfluramine,antihypertensive drugs,effect,Moderate,1,"Fenfluramine may increase slightly the effect of antihypertensive drugs, e.g., guanethidine, methyldopa, reserpine."
naratriptan,SSRI,advise,Moderate,1,"If concomitant treatment with naratriptan and an SSRI is clinically warranted, appropriate observation of the patient is advised."
phenytoin,progestins,mechanism,High,1,"Anticonvulsants (carbamazepine, felbamate, phenobarbital, phenytoin, topiramate): Increase the metabolism of ethinyl estradiol and/or some progestins, leading to possible decrease in contraceptive effectiveness."
heparin sodium,warfarin sodium,advise,Moderate,1,"Therefore, when heparin sodium is given with dicumarol or warfarin sodium, a period of at least 5 hours after the last intravenous dose or 24 hours after the last subcutaneous dose should elapse before blood is drawn if a valid prothrombin time is to be obtained."
lithium,angiotensin II receptor antagonists,mechanism,High,1,"Lithium Reversible increases in serum lithium concentrations and toxicity have been reported during concomitant administration of lithium with ACE inhibitors, and with some angiotensin II receptor antagonists."
Itraconazole,isoniazid,advise,Moderate,1,Itraconazole plasma concentrations should be monitored when Itraconazole and isoniazid are coadministered.
Cisapride,procainamide,advise,Moderate,1,"Cisapride should not be used concomitantly with other drugs known to prolong the QT interval: certain antiarrhythmics, including those of Class IA (such as quinidine and procainamide) and Class III (such as sotalol);"
HIVID,didanosine,advise,Moderate,1,Concomitant use of HIVID with didanosine is not recommended.
macrolides,warfarin,effect,Moderate,1,Concurrent use of macrolides and warfarin in clinical practice has been associated with increased anticoagulant effects.
benzodiazepine class,narcotics,effect,Moderate,1,"Pharmacodynamic Interactions: The CNS-depressant action of the benzodiazepine class of drugs may be potentiated by alcohol, narcotics, barbiturates, nonbarbiturate hypnotics, antianxiety agents, the phenothiazines, thioxanthene and butyrophenone classes of antipsychotic agents, monoamine oxidase inh"
magnesium hydroxide,mefenamic acid,mechanism,High,1,"Antacids: In a single dose study (n=6), ingestion of an antacid containing 1.7-gram of magnesium hydroxide with 500-mg of mefenamic acid increased the Cmax and AUC of mefenamic acid by 125% and 36%, respectively.  A number of compounds are inhibitors of CYP2C9 including fluconazole, lovastatin and t"
LEXAPRO,lithium,advise,Moderate,1,"Because lithium may enhance the serotonergic effects of escitalopram, caution should be exercised when LEXAPRO and lithium are coadministered."
immuno-suppressant,bezafibrate,effect,Moderate,1,"- In isolated cases, a pronounced though reversible, impairment of renal function (accompanied by a corresponding increase in the serum creatinine level) has been reported in organ transplant patients receiving immuno-suppressant therapy and concomitant bezafibrate."
diltiazem,fentanyl,mechanism,High,1,"The concomitant use of other CYP3A4 inhibitors such as diltiazem and erythromycin with transdermal fentanyl may also result in an increase in fentanyl plasma concentrations, which could increase or prolong adverse drug effects and may cause serious respiratory depression."
carbamazepine,SUPRAX,mechanism,High,1,Carbamazepine: Elevated carbamazepine levels have been reported in postmarketing experience when SUPRAX is administered concomitantly.
levobupivacaine,rifampin,mechanism,High,1,"Although no clinical studies have been conducted, it is likely that the metabolism of levobupivacaine may be affected by the known CYP3A4 inducers (such as phenytoin, phenobarbital, rifampin), CYP3A4 inhibitors (azole antimycotics e.g., ketoconazole;"
Desyrel,buspirone HCl,effect,Moderate,1,There is one report suggesting that the concomitant use of trazodone hydrochloride (Desyrel) and buspirone HCl may have caused 3- to 6-fold elevations on SGPT (ALT) in a few patients.
ketoconazole,aliskiren,mechanism,High,1,Ketoconazole: Co-administration of 200 mg twice-daily ketoconazole with aliskiren resulted in an approximate 80% increase in plasma levels of aliskiren.
phenytoin,methylphenidate,mechanism,High,1,"The most commonly occurring drug interactions are listed below: - Drugs that may increase plasma phenytoin concentrations include: acute alcohol intake, amiodarone, chboramphenicol, chlordiazepoxide, cimetidine, diazepam, dicumarol, disulfiram, estrogens, ethosuximide, fluoxetine, H2-antagonists, ha"
MAOIs,sertraline,effect,Moderate,1,"In patients receiving nonselective monoamine oxidase inhibitors (MAOIs) (e.g., selegiline hydrochloride) in combination with serotoninergic agents (e.g., fluoxetine, fluvoxamine, paroxetine, sertraline, venlafaxine), there have been reports of serious, sometimes fatal, reactions."
Cyclopentolate,pilocarpine,effect,Moderate,1,Cyclopentolate may interfere with the anti-glaucoma action of carbachol or pilocarpine;
lithium,Hydrochlorothiazide,advise,Moderate,1,Refer to the package insert for lithium preparations before use of such preparations with Hydrochlorothiazide.
hormonal contraceptives,alprazolam,mechanism,High,1,"Benzodiazepines: Combination hormonal contraceptives may decrease the clearance of some benzodiazepines (alprazolam, chlordiazepoxide, diazepam) and increase the clearance of others (lorazepam, oxazepam, temazepam)."
diclofenac,NSAIDs,advise,Moderate,1,"Anticoagulants: While studies have not shown diclofenac to interact with anticoagulants of the warfarin type, caution should be exercised, nonetheless, since interactions have been seen with other NSAIDs."
Panretin,N-diethyl-m-toluamide,advise,Moderate,1,"Patients who are applying Panretin gel should not concurrently use products that contain DEET (N, N-diethyl-m-toluamide), a common component of insect repellent products."
phenytoin,NIMBEX,effect,Moderate,1,"While the effects of chronic phenytoin or carbamazepine therapy on the action of NIMBEX are unknown, slightly shorter durations of neuromuscular block may be anticipated and infusion rate requirements may be higher."
ZEBETA,antiarrhythmic agents,advise,Moderate,1,"ZEBETA should be used with care when myocardial depressants or inhibitors of AV conduction, such as certain calcium antagonists (particularly of the phenylalkylamine [verapamil] and benzothiazepine [diltiazem] classes), or antiarrhythmic agents, such as disopyramide, are used concurrently."
Bezalip retard,anion-exchange resins,advise,Moderate,1,"- When Bezalip or Bezalip retard is used concurrently with anion-exchange resins (e.g. cholestryramine), an interval of at least 2 hours should be maintained between the two medicines, since the absorption of Bezalip or Bezalip retard is impaired"
Rifampin,progestins,mechanism,High,1,Rifampin: Rifampin increases the metabolism of ethinyl estradiol and some progestins (norethindrone) resulting in decreased contraceptive effectiveness and increased menstrual irregularities.
HMG-CoA reductase inhibitor,warfarin,effect,Moderate,1,"However, another HMG-CoA reductase inhibitor has been found to produce a less than two-second increase in prothrombin time in healthy volunteers receiving low doses of warfarin."
anticoagulant,metronidazole,effect,Moderate,1,"Drugs that reportedly may increase oral anticoagulant response, ie, increased prothrombin response, in man include:alcohol*;allopurinol;aminosalicylic acid;amiodarone;anabolic steroids;antibiotics;bromelains;chloral hydrate*;chlorpropamide;chymotrypsin;cimetidine;cinchophen;clofibrate;dextran;dextro"
fluphenazine,clonidine,effect,Moderate,1,There is one reported case of a patient with acute delirium associated with the simultaneous use of fluphenazine and oral clonidine.
topiramate,progestins,mechanism,High,1,"Anticonvulsants (carbamazepine, felbamate, phenobarbital, phenytoin, topiramate): Increase the metabolism of ethinyl estradiol and/or some progestins, leading to possible decrease in contraceptive effectiveness."
dopamine,Bretylium Tosylate,effect,Moderate,1,The pressor effects of catecholamines such as dopamine or norepinephrine are enhanced by Bretylium Tosylate.
enalaprilat,diuretic,effect,Moderate,1,The possibility of hypotensive effects with enalapril or enalaprilat can be minimized by either discontinuing the diuretic or increasing the salt intake prior to initiation of treatment with enalapril or enalaprilat.
MAO inhibitors,opioid analgesics,advise,Moderate,1,MAO Inhibitors: DURAGESIC  is not recommended for use in patients who have received MAOI within 14 days because severe and unpredictable potentiation by MAO inhibitors has been reported with opioid analgesics
digoxin,carvedilol,mechanism,High,1,Digoxin: Digoxin concentrations are increased by about 15% when digoxin and carvedilol are administered concomitantly.
caffeine,Clozapine,mechanism,High,1,"Cimetidine, caffeine, and erythromycin may increase plasma levels of Clozapine, potentially resulting in adverse effects."
VIOXX,ACE inhibitors,advise,Moderate,1,This interaction should be given consideration in patients taking VIOXX concomitantly with ACE inhibitors.
contraceptives,alprazolam,mechanism,High,1,"Coadministration of oral contraceptives increased the maximum plasma concentration of alprazolam by 18%, decreased clearance by 22%, and increased half-life by 29%."
erythromycin,loratadine,mechanism,High,1,Plasma concentrations (AUC 0-24 hrs) of erythromycin decreased 15% with coadministration of loratadine relative to that observed with erythromycin alone.
fentanyl,troleandomycin,mechanism,High,1,"The concomitant use of transdermal fentanyl with ritonavir or other potent 3A4 inhibitors such as ketoconazole, itraconazole, troleandomycin, clarithromycin, nelfinavir, and nefazadone may result in an increase in fentanyl plasma concentrations."
Agonist/antagonist analgesics,Levo-Dromoran,advise,Moderate,1,"Interactions with Mixed Agonist/Antagonist Opioid Analgesics: Agonist/antagonist analgesics (eg, pentazocine, nalbuphine, butorphanol, dezocine and buprenorphine) should NOT be administered to a patient who has received or is receiving a course of therapy with a pure agonist opioid analgesic such as"
AVONEX,TYSABRI,mechanism,High,1,"After multiple dosing, interferon beta-1a (AVONEX  30 mcg IM once weekly) reduced TYSABRI  clearance by approximately 30%."
codeine,psychotropics,effect,Moderate,1,"The use of codeine may result in additive CNS depressant effects when coadministered with alcohol, antihistamines, psychotropics or other drugs that produce CNS depression."
selegiline hydrochloride,paroxetine,effect,Moderate,1,"In patients receiving nonselective monoamine oxidase inhibitors (MAOIs) (e.g., selegiline hydrochloride) in combination with serotoninergic agents (e.g., fluoxetine, fluvoxamine, paroxetine, sertraline, venlafaxine), there have been reports of serious, sometimes fatal, reactions."
aspirin,nicotinic acid,mechanism,High,1,Aspirin: Concomitant aspirin may decrease the metabolic clearance of nicotinic acid.
anileridine,opioids,advise,Moderate,1,"Caution should be observed when anileridine is coadministered with other opioids, sedatives, phenothiazines, or anesthetics, as these agents may increase respiratory and circulatory depression."
escitalopram,citalopram,advise,Moderate,1,"Concomitant Administration with Racemic Citalopram Citalopram - Since escitalopram is the active isomer of racemic citalopram (Celexa), the two agents should not be coadministered."
Cimetidine,Clozapine,mechanism,High,1,"Cimetidine, caffeine, and erythromycin may increase plasma levels of Clozapine, potentially resulting in adverse effects."
azithromycin,didanosine,mechanism,High,1,"When used in therapeutic doses, azithromycin had a modest effect on the pharmacokinetics of atorvastatin, carbamazepine, cetirizine, didanosine, efavirenz, fluconazole, indinavir, midazolam, rifabutin, sildenafil, theophylline (intravenous and oral), triazolam, trimethoprim/sulfamethoxazole or zidov"
alosetron,quinolone antibiotics,advise,Moderate,1,"Concomitant administration of alosetron and moderate CYP1A2 inhibitors, including quinolone antibiotics and cimetidine, has not been evaluated, but should be avoided unless clinically necessary because of similar potential drug interactions."
bupropion,phenytoin,mechanism,High,1,"While not systematically studied, certain drugs may induce the metabolism of bupropion (e.g., carbamazepine, phenobarbital, phenytoin)."
erythromycin,Clozapine,mechanism,High,1,"Cimetidine, caffeine, and erythromycin may increase plasma levels of Clozapine, potentially resulting in adverse effects."
trihexyphenidyl,tricyclic antidepressant,effect,Moderate,1,"The concurrent use of two or more drugs with anticholinergic activity--such as an antipsychotic drug (eg, chlorpromazine), an antiparkinsonian drug (eg, trihexyphenidyl), and/or a tricyclic antidepressant (eg, amitriptyline)--commonly results in excessive anticholinergic effects, including dry mouth"
nitric oxide donor compounds,INOmax,effect,Moderate,1,"Although there are no study data to evaluate the possibility, nitric oxide donor compounds, including sodium nitroprusside and nitroglycerin, may have an additive effect with INOmax on the risk of developing methemoglobinemia."
TRACRIUM,halothane,effect,Moderate,1,"Drugs which may enhance the neuromuscular blocking action of TRACRIUM include: enflurane;isoflurane;halothane;certain antibiotics, especially the aminoglycosides and polymyxins;lithium;magnesium salts;procainamide;and quinidine."
Robinul,tricyclic antidepressants,effect,Moderate,1,"The concurrent use of Robinul Injection with other anticholinergics or medications with anticholinergic activity, such as phenothiazines, antiparkinson drugs, or tricyclic antidepressants, may intensify the antimuscarinic effects and may result in an increase in anticholinergic side effects."
beta-blockers,BROVANA,effect,Moderate,1,Beta-adrenergic receptor antagonists (beta-blockers) and BROVANA may interfere with the effect of each other when administered concurrently.
sodium nitroprusside,anesthetics,effect,Moderate,1,"The hypotensive effect of sodium nitroprusside is augmented by that of most other hypotensive drugs, including ganglionic blocking agents, negative inotropic agents, and inhaled anesthetics."
sodium citrate,Coly-Mycin M,effect,Moderate,1,"Curariform muscle relaxants (eg, tubocurarine) and other drugs, including ether, succinylcholine, gallamine, decamethonium and sodium citrate, potentiate the neuromuscular blocking effect and should be used with extreme caution in patients being treated with Coly-Mycin M Parenteral."
VISTIDE,foscarnet,advise,Moderate,1,"Nephrotoxic agents : Concomitant administration of VISTIDE and agents with nephrotoxic potential [e.g., intravenous aminoglycosides (e.g., tobramycin, gentamicin, and amikacin), amphotericin B, foscarnet, intravenous pentamidine, vancomycin, and non-steroidal anti-inflammatory agents] is contraindic"
midazolam,fluvoxamine,mechanism,High,1,"Other Potentially Important Drug Interactions: Benzodiazepines: Benzodiazepines metabolized by hepatic oxidation (e.g., alprazolam, midazolam, triazolam elc.) should be used with caution because the clearance of these drugs is likely to be reduced by fluvoxamine."
ELLENCE,calcium channel blockers,advise,Moderate,1,"Concomitant use of ELLENCE with other cardioactive compounds that could cause heart failure (e.g., calcium channel blockers), requires close monitoring of cardiac function throughout treatment."
Valdecoxib,R-warfarin,mechanism,High,1,"Valdecoxib caused a statistically significant increase in plasma exposures of R-warfarin and S-warfarin (12% and 15%, respectively), and in the pharmacodynamic effects (prothrombin time, measured as INR) of warfarin."
quinolones,theobromine,mechanism,High,1,"Caffeine Theobromine Grepafloxacin, like other quinolones, may inhibit the metabolism of caffeine and theobromine."
L-glutamine,paclitaxel,effect,Moderate,1,"Paclitaxel - In one report, L-glutamine at a dose of 10 grams three times daily, given 24 hours after receiving paclitaxel, appeared to prevent the development of myalgia and arthralgia, adverse reactions of paclitaxel."
Mephenytoin,anti-infective medicines,effect,Moderate,1,"Mephenytoin may also affect the effects of other drugs, which include some steroid medications, warfarin, certain heart medicines, birth control pills, anti-infective medicines, furosemide and theophylline Please note that Mephenytoin may interact with other drugs that are not listed here."
methsuximide,antiepileptic drugs,advise,Moderate,1,"Since Celontin (methsuximide) may interact with concurrently administered antiepileptic drugs, periodic serum level determinations of these drugs may be necessary (eg methsuximide may increase the plasma concentrations of phenytoin and phenobarbital)."
Sulfamethizole,barbiturates,effect,Moderate,1,"Sulfamethizole may increase the effects of barbiturates, tolbutamide, and uricosurics."
ZAVESCA,Cerezyme,advise,Moderate,2,Combination therapy with Cerezyme    (imiglucerase) and ZAVESCA    is not indicated.
magnesium-aluminum hydroxide,digoxin,mechanism,High,1,"Mexitil    does not alter serum digoxin levels but magnesium-aluminum hydroxide, when used to treat gastrointestinal symptoms due to Mexitil   , has been reported to lower serum digoxin levels."
perindopril,gentamicin,int,Low,1,Gentamicin: Animal data have suggested the possibility of interaction between perindopril and gentamicin.
TRENTAL,anticoagulants,effect,Moderate,1,"Although a causal relationship has not been established, there have been reports of bleeding and/or prolonged prothrombin time in patients treated with TRENTAL with and without anticoagulants or platelet aggregation inhibitors."
GH,anticonvulsants,mechanism,High,1,"These data suggest that GH administration may alter the clearance of compounds known to be metabolized by CP450 liver enzymes (e.g., corticosteroids, sex steroids, anticonvulsants, cyclosporin)."
mesalazine,thioguanine,mechanism,High,1,"As there is in vitro evidence that aminosalicylate derivatives (e.g., olsalazine, mesalazine, or sulphasalazine) inhibit the TPMT enzyme, they should be administered with caution to patients receiving concurrent thioguanine therapy."
methyldopa,ferrous gluconate,advise,Moderate,2,Coadministration of methyldopa with ferrous sulfate or ferrous gluconate is not recommended.
methadone,PEG-Intron,mechanism,High,1,"In a pharmacokinetic study of 18 chronic hepatitis C patients concomitantly receiving methadone, treatment with PEG-Intron once weekly for 4 weeks was associated with a mean increase of 16% in methadone AUC;"
DIPRIVAN,analgesic agents,advise,Moderate,1,"During maintenance of anesthesia or sedation, the rate of DIPRIVAN Injectable Emulsion administration should be adjusted according to the desired level of anesthesia or sedation and may be reduced in the presence of supplemental analgesic agents (eg, nitrous oxide or opioids)."
MEPERIDINE,ALCOHOL,advise,Moderate,1,"Interaction with Other Central Nervous System Depressants: MEPERIDINE SHOULD BE USED WITH GREAT CAUTION AND IN REDUCED DOSAGE IN PATIENTS WHO ARE CONCURRENTLY RECEIVING OTHER NARCOTIC ANALGESICS, GENERAL ANESTHETICS, PHENOTHIAZINES, OTHER TRANQUILIZERS, SEDATIVE-HYPNOTICS (INCLUDING BARBITURATES), T"
melatonin,corticosteroids,int,Low,2,"Melatonin may interact with the following drugs: aspirin and other NSAIDs (may lower melatonin levels), fluvoxamine (bioavailability of oral melatonin is increased with coadministration), beta blockers (may decrease melatonin levels), fluoxetine (reports of psychotic episodes when coadministered), p"
DIPRIVAN,fentanyl,effect,Moderate,1,"The induction dose requirements of DIPRIVAN Injectable Emulsion may be reduced in patients with intramuscular or intravenous premedication, particularly with narcotics (eg, morphine, meperidine, and fentanyl, etc.)"
Furosemide,metolazone,effect,Moderate,1,Diuretics: Furosemide and probably other loop diuretics given concomitantly with metolazone can cause unusually large or prolonged losses of fluid and electrolytes.
Vasopressors,halothane,effect,Moderate,2,"Vasopressors, particularly metaraminol, may cause serious cardiac arrhythmias during halothane anesthesia and therefore should be used only with great caution or not at all."
DIFLUCAN,coumarin-type anticoagulants,effect,Moderate,2,Coumarin-type anticoagulants: Prothrombin time may be increased in patients receiving concomitant DIFLUCAN and coumarin-type anticoagulants.
John's Wort,hormonal contraceptive agents,effect,Moderate,1,John's Wort with hormonal contraceptive agents may reduce the effectiveness of the contraception and up to one month after discontinuation of these concomitant therapies.
carbamazepine,ondansetron,mechanism,High,2,"Phenytoin, Carbamazepine, and Rifampicin: In patients treated with potent inducers of CYP3A4 (i.e., phenytoin, carbamazepine, and rifampicin), the clearance of ondansetron was significantly increased and ondansetron blood concentrations were decreased."
lapatinib,Herceptin,effect,Moderate,4,Lapatinib enhances herceptin-mediated antibody-dependent cellular cytotoxicity by up-regulation of cell surface HER2 expression.
procaine hydrochloride,neuromuscular blocking agents,effect,Moderate,1,Neuromuscular blocking agents (such as suxamethonium chloride): Concurrent use of procaine hydrochloride and neuromuscular blocking agents may result in prolongation or enhancement of the neuromuscular blockade.
digoxin,perindoprilat,mechanism,High,1,"Digoxin: A controlled pharmacokinetic study has shown no effect on plasma digoxin concentrations when coadministered with ACEON    Tablets, but an effect of digoxin on the plasma concentration of perindopril/perindoprilat has not been excluded."
mazindol,Nardil,advise,Moderate,1,"You cannot take mazindol if you have taken a monoamine oxidase inhibitor (MAOI) such as isocarboxazid (Marplan), tranylcypromine (Parnate), or phenelzine (Nardil) in the last 14 days."
trimetrexate,rifabutin,effect,Moderate,1,"Agents that might be coadministered with trimetrexate in AIDS patients for other indications that could elicit this activity include erythromycin, rifampin, rifabutin, ketoconazole, and fluconazole."
calcium,heme iron,mechanism,High,3,"In conclusion, we demonstrated an isolated effect of calcium (as chloride) on absorption of 5 mg of iron provided as nonheme (as sulfate) and heme (as CRBC) iron."
MIVACRON,anesthetics,int,Low,1,"Other drugs which may enhance the neuromuscular blocking action of nondepolarizing agents such as MIVACRON include certain antibiotics (e.g., aminoglycosides, tetracyclines, bacitracin, polymyxins, lincomycin, clindamycin, colistin, and sodium colistimethate), magnesium salts, lithium, local anesthe"
lorazepam,pyrimethamine,effect,Moderate,1,Mild hepatotoxicity has been reported in some patients when lorazepam and pyrimethamine were administered concomitantly.
DIPRIVAN,narcotics,effect,Moderate,1,"The induction dose requirements of DIPRIVAN Injectable Emulsion may be reduced in patients with intramuscular or intravenous premedication, particularly with narcotics (eg, morphine, meperidine, and fentanyl, etc.)"
MIVACRON,bacitracin,int,Low,1,"Other drugs which may enhance the neuromuscular blocking action of nondepolarizing agents such as MIVACRON include certain antibiotics (e.g., aminoglycosides, tetracyclines, bacitracin, polymyxins, lincomycin, clindamycin, colistin, and sodium colistimethate), magnesium salts, lithium, local anesthe"
cinacalcet,darbepoetin,effect,Moderate,1,Reduction of PTH by cinacalcet is associated with a decrease in darbepoetin requirement.
SUTENT,ritonavir,mechanism,High,1,"Co-administration of SUTENT with strong inhibitors of the CYP3A4 family (e.g., ketoconazole, itraconazole, clarithromycin, atazanavir, indinavir, nefazodone, nelfinavir, ritonavir, saquinavir, telithromycin, voriconizole) may increases sunitinib concentrations."
AGGRASTAT,heparin,effect,Moderate,1,"The use of AGGRASTAT, in combination with heparin and aspirin, has been associated with an increase in bleeding compared to heparin and aspirin alone (see"
pantoprazole,ketoconazole,mechanism,High,1,"Because of profound and long lasting inhibition of gastric acid secretion, pantoprazole may interfere with absorption of drugs where gastric pH is an important determinant of their bioavailability (eg, ketoconazole, ampicillin esters, and iron salts)."
Methscopolamine,MAO inhibitors,int,Low,1,"Methscopolamine may interact with antidepressants (tricyclic type), MAO inhibitors (e.g., phenelzine, linezolid, tranylcypromine, isocarboxazid, selegiline, furazolidone), quinidine, amantadine, antihistamines (e.g., diphenhydramine), other anticholinergics, potassium chloride supplements, antacids,"
paricalcitol,clarithromycin,advise,Moderate,1,"A multiple dose drug-drug interaction study demonstrated that ketoconazole approximately doubled paricalcitol AUC0-   . Since paricalcitol is partially metabolized by CYP3A and ketoconazole le is known to be a strong inhibitor of cytochrome P450 3A enzyme, care should be taken while dosing paricalci"
magnesium,SKELID,mechanism,High,1,"The bioavailability of SKELID is decreased 80% by calcium, when calcium and SKELID are administered at the same time, and 60% by some aluminum- or magnesium-containing antacids, when administered 1 hour before SKELID."
acetazolamide,procaine hydrochloride,mechanism,High,1,Acetazolamide: Concurrent use of acetazolamide and procaine hydrochloride may extend the plasma half-life of procaine.
alcohol,methyprylon,effect,Moderate,1,Concurrent use of alcohol and other CNS depression-producing drugs may increase the CNS depressant effects of methyprylon or these other medications.
Metolazone,anticoagulants,effect,Moderate,1,"Anticoagulants: Metolazone, as well as other thiazide-like diuretics, may affect the hypoprothrombinemic response to anticoagulants;"
Lithium,thiazides,mechanism,High,1,"Lithium renal clearance is reduced by thiazides, increasing the risk of lithium toxicity."
TOBI,urea,advise,Moderate,1,"TOBI should not be administered concomitantly with ethacrynic acid, furosemide, urea, or mannitol."
quinpirole,amphetamine,effect,Moderate,1,"In female rats, neonatal quinpirole treatment enhanced amphetamine locomotor sensitization compared with quinpirole-free controls sensitized to amphetamine."
DIFLUCAN,rifampin,mechanism,High,2,Rifampin: Rifampin enhances the metabolism of concurrently administered DIFLUCAN.
ketoconazole,paricalcitol,advise,Moderate,2,"A multiple dose drug-drug interaction study demonstrated that ketoconazole approximately doubled paricalcitol AUC0-   . Since paricalcitol is partially metabolized by CYP3A and ketoconazole le is known to be a strong inhibitor of cytochrome P450 3A enzyme, care should be taken while dosing paricalci"
MEPERIDINE,NARCOTIC ANALGESICS,advise,Moderate,1,"Interaction with Other Central Nervous System Depressants: MEPERIDINE SHOULD BE USED WITH GREAT CAUTION AND IN REDUCED DOSAGE IN PATIENTS WHO ARE CONCURRENTLY RECEIVING OTHER NARCOTIC ANALGESICS, GENERAL ANESTHETICS, PHENOTHIAZINES, OTHER TRANQUILIZERS, SEDATIVE-HYPNOTICS (INCLUDING BARBITURATES), T"
butyrophenones,MIRAPEX,effect,Moderate,1,"Dopamine antagonists: Since pramipexole is a dopamine agonist, it is possible that dopamine antagonists, such as the neuroleptics (phenothiazines, butyrophenones, thioxanthenes) or metoclopramide, may diminish the effectiveness of MIRAPEX."
mazindol,Marplan,advise,Moderate,1,"You cannot take mazindol if you have taken a monoamine oxidase inhibitor (MAOI) such as isocarboxazid (Marplan), tranylcypromine (Parnate), or phenelzine (Nardil) in the last 14 days."
itraconazole,DETROL LA,advise,Moderate,1,"For patients receiving ketoconazole or other potent CYP3A4 inhibitors such as other azole antifungals (eg, itraconazole, miconazole) or macrolide antibiotics (eg, erythromycin, clarithromycin) or cyclosporine or vinblastine, the recommended dose of DETROL LA is 2 mg daily."
NEXAVAR,doxorubicin,advise,Moderate,2,Caution is recommended when administering doxorubicin with NEXAVAR.
spironolactone,ACE inhibitors,effect,Moderate,1,"Use of potassium-sparing diuretics (spironolactone, triamterene, amiloride) or potassium supplements concomitantly with ACE inhibitors can increase the risk of hyperkalemia."
Mexitil,theophylline,mechanism,High,3,"This increase was observed at the first test point which was the second day after starting Mexitil   . Theophylline plasma levels returned to pre-Mexitil    values within 48 hours after discontinuing Mexitil   . If Mexitil and theophylline are to be used concurrently, theophylline blood levels shoul"
SUTENT,ketoconazole,mechanism,High,1,"Co-administration of SUTENT with strong inhibitors of the CYP3A4 family (e.g., ketoconazole, itraconazole, clarithromycin, atazanavir, indinavir, nefazodone, nelfinavir, ritonavir, saquinavir, telithromycin, voriconizole) may increases sunitinib concentrations."
sulfonamides,ganglion blockers,advise,Moderate,1,Patients receiving antibiotics and sulfonamides generally should not be treated with ganglion blockers.
Paliperidone,dopamine agonists,effect,Moderate,1,Paliperidone may antagonize the effect of levodopa and other dopamine agonists.
Sirolimus,MYCAMINE,advise,Moderate,2,Patients receiving sirolimus or nifedipine in combination with MYCAMINE should be monitored for sirolimus or nifedipine toxicity and sirolimus or nifedipine dosage should be reduced if necessary.
MEPERIDINE,SEDATIVE-HYPNOTICS,advise,Moderate,1,"Interaction with Other Central Nervous System Depressants: MEPERIDINE SHOULD BE USED WITH GREAT CAUTION AND IN REDUCED DOSAGE IN PATIENTS WHO ARE CONCURRENTLY RECEIVING OTHER NARCOTIC ANALGESICS, GENERAL ANESTHETICS, PHENOTHIAZINES, OTHER TRANQUILIZERS, SEDATIVE-HYPNOTICS (INCLUDING BARBITURATES), T"
ezetimibe,cholestyramine,mechanism,High,2,Cholestyramine: Concomitant cholestyramine administration decreased the mean AUC of total ezetimibe approximately 55%.
penicillins,pramipexole,mechanism,High,1,"Other drugs eliminated via renal secretion: Population pharmacokinetic analysis suggests that coadministration of drugs that are secreted by the cationic transport system (e.g., cimetidine, ranitidine, diltiazem, triamterene, verapamil, quinidine, and quinine) decreases the oral clearance of pramipe"
"1-methyl-4-phenyl-1,2,3,6-tetrahydropyridine","3-[(2-methyl-1,3-thiazol-4-yl) ethynyl] pyridine",effect,Moderate,5,"The 3-[(2-methyl-1,3-thiazol-4-yl) ethynyl] pyridine treatment also had a significant effect on the 1-methyl-4-phenyl-1,2,3,6-tetrahydropyridine-induced loss of norepinephrine neurons in the locus coeruleus and adjoining A5 and A7 noradrenaline cell groups."
Alcohol,riboflavin,mechanism,High,1,Interactions for Vitamin B2 (Riboflavin):  Alcohol - impairs the intestinal absorption of riboflavin
REMERON,diazepam,effect,Moderate,1,"However, the impairment of motor skills produced by REMERON has been shown to be additive with those caused by diazepam."
piperine,ibuprofen,effect,Moderate,4,"In the present study piperine (10 mg/kg) significantly increased the dose-dependent antinociceptive activity of ibuprofen evaluated by both acetic acid writhing and formalin test, when it was administered with ibuprofen."
rifampin,midazolam,mechanism,High,1,"Inducers of CYP3A4 Isozymes: Cytochrome P450 inducers, such as rifampin, carbamazepine, and phenytoin, induce metabolism and caused a markedly decreased C max and AUC of oral midazolam in adult studies."
calcium,iron,mechanism,High,1,"However, the evidence for a calcium effect on iron absorption mainly comes from studies that did not isolate the effect of calcium from that of other dietary components, because it was detected in single-meal studies."
phenytoin,methylprednisolone,mechanism,High,2,"Drugs that induce hepatic enzymes such as phenobarbital, phenytoin, and rifampin may increase the clearance of methylprednisolone and may require increased in methylprednisolone dose to achieve the desired response."
Celontin,antiepileptic drugs,advise,Moderate,1,"Since Celontin (methsuximide) may interact with concurrently administered antiepileptic drugs, periodic serum level determinations of these drugs may be necessary (eg methsuximide may increase the plasma concentrations of phenytoin and phenobarbital)."
TOBI,dornase alfa,effect,Moderate,1,"In clinical studies of TOBI, patients taking TOBI concomitantly with dornase alfa (PULMOZYME   , Genentech), (beta)-agonists, inhaled corticosteroids, other anti-pseudomonal antibiotics, or parenteral aminoglycosides demonstrated adverse experience profiles similar to the study population as a whole"
propoxyphene,CNS depressants,effect,Moderate,1,"The CNS-depressant effect of propoxyphene is additive with that of other CNS depressants, including alcohol."
Thiamine,Tricyclic Antidepressants,int,Low,1,"Interactions for Vitamin B1 (Thiamine):  Loop Diuretics, Oral Contraceptives, Stavudine, Tricyclic Antidepressants"
Myfortic,azathioprine,advise,Moderate,1,"Azathioprine/Mycophenolate Mofetil: Given that azathioprine and mycophenolate mofetil inhibit purine metabolism, it is recommended that Myfortic not be administered concomitantly with azathioprine or mycophenolate mofetil."
tigecycline,warfarin,advise,Moderate,1,Prothrombin time or other suitable anticoagulation test should be monitored if tigecycline is administered with warfarin.
macrolide antibiotics,oxybutynin,mechanism,High,1,"Other inhibitors of the cytochrome P450 3A4 enzyme system, such as antimycotic agents (e.g., itraconazole and miconazole) or macrolide antibiotics (e.g., erythromycin and clarithromycin), may alter oxybutynin mean pharmacokinetic parameters (i.e., Cmax and AUC)."
Anticholinergics,opioid analgesics,effect,Moderate,1,"Anticholinergics or other medications with anticholinergic activity when used concurrently with opioid analgesics may result in increased risk of urinary retention and/or severe constipation, which may lead to paralytic ileus."
Triprolidine,central nervous system depressants,effect,Moderate,1,"Triprolidine may enhance the sedative effects of central nervous system depressants including alcohol, barbiturates, hypnotics, narcotic analgesics, sedatives, and tranquillisers."
Mazindol,Ismelin,effect,Moderate,1,Mazindol may reduce the effects of guanethidine (Ismelin).
Mephenytoin,theophylline,effect,Moderate,1,"Mephenytoin may also affect the effects of other drugs, which include some steroid medications, warfarin, certain heart medicines, birth control pills, anti-infective medicines, furosemide and theophylline Please note that Mephenytoin may interact with other drugs that are not listed here."
MIVACRON,polymyxins,int,Low,1,"Other drugs which may enhance the neuromuscular blocking action of nondepolarizing agents such as MIVACRON include certain antibiotics (e.g., aminoglycosides, tetracyclines, bacitracin, polymyxins, lincomycin, clindamycin, colistin, and sodium colistimethate), magnesium salts, lithium, local anesthe"
Melatonin,aspirin,int,Low,1,"Melatonin may interact with the following drugs: aspirin and other NSAIDs (may lower melatonin levels), fluvoxamine (bioavailability of oral melatonin is increased with coadministration), beta blockers (may decrease melatonin levels), fluoxetine (reports of psychotic episodes when coadministered), p"
SUTENT,rifampin,mechanism,High,1,"Co-administration of SUTENT with inducers of the CYP3A4 family (e.g., dexamethasone, phenytoin, carbamazepine, rifampin, rifabutin, rifapentin, phenobarbital, St. Johns Wort) may decrease sunitinib concentrations."
clopidogrel,omeprazole,mechanism,High,2,"Concomitant use of omeprazole and clopidogrel was found to decrease the exposure (AUC) to clopidogrel's active metabolite by 50% and to sharply increase platelet reactivity, as a result of inhibition by omeprazole of CYP2C19, a cytochrome P450 (CYP) enzyme."
antibacterial drugs,contraceptives,effect,Moderate,1,Concurrent use of antibacterial drugs with oral contraceptives may render oral contraceptives less effective.
cyclosporine,DETROL LA,advise,Moderate,1,"For patients receiving ketoconazole or other potent CYP3A4 inhibitors such as other azole antifungals (eg, itraconazole, miconazole) or macrolide antibiotics (eg, erythromycin, clarithromycin) or cyclosporine or vinblastine, the recommended dose of DETROL LA is 2 mg daily."
MIVACRON,monoamine oxidase inhibitors,effect,Moderate,1,"The neuromuscular blocking effect of MIVACRON may be enhanced by drugs that reduce plasma cholinesterase activity (e.g., chronically administered oral contraceptives, glucocorticoids, or certain monoamine oxidase inhibitors) or by drugs that irreversibly inhibit plasma cholinesterase . Resistance to"
Methscopolamine,tricyclic,int,Low,1,"Methscopolamine may interact with antidepressants (tricyclic type), MAO inhibitors (e.g., phenelzine, linezolid, tranylcypromine, isocarboxazid, selegiline, furazolidone), quinidine, amantadine, antihistamines (e.g., diphenhydramine), other anticholinergics, potassium chloride supplements, antacids,"
dipyridamole,Retavase,effect,Moderate,1,"In addition to bleeding associated with heparin and vitamin K antagonists, drugs that alter platelet function (such as aspirin, dipyridamole, and abciximab) may increase the risk of bleeding if administered prior to or after Retavase    therapy."
Lomefloxacin,multi-minerals,mechanism,High,1,Moxifloxacin and Lomefloxacin reacts faster with sucralfate and gelusil in acidic media whereas with erythromycin in basic media and multi-minerals in neutral media.
testolactone,anticoagulants,effect,Moderate,1,"When administered concurrently, testolactone may increase the effects of oral anticoagulants;"
trimetrexate,rifampin,effect,Moderate,1,"Agents that might be coadministered with trimetrexate in AIDS patients for other indications that could elicit this activity include erythromycin, rifampin, rifabutin, ketoconazole, and fluconazole."
miconazole,trimetrexate,mechanism,High,1,"Based on an in vitro rat liver model, nitrogen substituted imidazole drugs (clotrimazole, ketoconazole, miconazole) were potent, non-competitive inhibitors of trimetrexate metabolism."
Myfortic,magnesium,mechanism,High,1,"Antacids: Absorption of a single dose of Myfortic was decreased when administered to 12 stable renal transplant patients also taking magnesium-aluminum containing antacids (30 mL): the mean Cmax and AUC(0-t) values for MPA were 25% and 37% lower, respectively, than when Myfortic was administered alo"
mercaptopurine,Thioguanine,effect,Moderate,1,There is usually complete cross-resistance between PURINETHOL (mercaptopurine) and TABLOID brand Thioguanine.
Aspirin,SKELID,mechanism,High,1,Aspirin may decrease bioavailability of SKELID by up to 50% when taken 2 hours after SKELID.
Vindesine,Mitomycin-C,int,Low,1,Vindesine can interact with the drugs of the following categories:  - Blood dyscrasia: can cause unpredictable myelotoxicity - Bone marrow depressants: can cause a predictable dose-related myelotoxicity - Radiation therapy: may cause marrow depression - Neurotoxic medications: can cause neurologic t
bacteriostatic antibiotics,penicillins,effect,Moderate,1,"Concurrent administration of bacteriostatic antibiotics (e.g., erythromycin, tetracycline) may diminish the bactericidal effects of penicillins by slowing the rate of bacterial growth."
SKELAXIN,alcohol,effect,Moderate,1,"SKELAXIN may enhance the effects of alcohol, barbiturates and other CNS depressants."
NSAIDs,angiotensin-converting enzyme (ACE) inhibitors,effect,Moderate,1,ACE inhibitors Reports suggest that NSAIDs may diminish the antihypertensive effect of angiotensin-converting enzyme (ACE) inhibitors.
ascorbic acid,bishydroxycoumarin,mechanism,High,1,Limited evidence suggests that ascorbic acid may influence the intensity and duration of action of bishydroxycoumarin.
Moxifloxacin,gelusil,mechanism,High,1,Moxifloxacin and Lomefloxacin reacts faster with sucralfate and gelusil in acidic media whereas with erythromycin in basic media and multi-minerals in neutral media.
triamterene,pramipexole,mechanism,High,1,"Other drugs eliminated via renal secretion: Population pharmacokinetic analysis suggests that coadministration of drugs that are secreted by the cationic transport system (e.g., cimetidine, ranitidine, diltiazem, triamterene, verapamil, quinidine, and quinine) decreases the oral clearance of pramipe"
folic acid,sulfasalazine,mechanism,High,1,Reduced absorption of folic acid and digoxin have been reported when those agents were administered concomitantly with sulfasalazine.
short-acting beta adrenergic aerosol bronchodilators,MAXAIR AUTOHALER,advise,Moderate,1,Other short-acting beta adrenergic aerosol bronchodilators should not be used concomitantly with MAXAIR AUTOHALER because they may have additive effects.
MIVACRON,tetracyclines,int,Low,1,"Other drugs which may enhance the neuromuscular blocking action of nondepolarizing agents such as MIVACRON include certain antibiotics (e.g., aminoglycosides, tetracyclines, bacitracin, polymyxins, lincomycin, clindamycin, colistin, and sodium colistimethate), magnesium salts, lithium, local anesthe"
Salicylate,naproxen,mechanism,High,1,"Salicylate competes with a number of drugs for protein binding sites, notably penicillin, thiopental, thyroxine, triiodothyronine, phenytoin, sulfinpyrazone, naproxen, warfarin, methotrexate, and possibly corticosteroids."
midazolam,cyclosporine,mechanism,High,1,"Systemic and apparent oral midazolam clearance were 24% (269    73 vs. 354    102  ml/min, P = 0.022) and 31% (479    190 vs. 688    265  ml/min, P = 0.013), respectively, lower in cyclosporine-treated patients (n = 20) than in matched tacrolimus-treated patients (n = 20)."
cholinesterase inhibitors,bethanechol,effect,Moderate,1,"Use with Cholinomimetics and Other Cholinesterase Inhibitors: A synergistic effect may be expected when cholinesterase inhibitors are given concurrently with succinylcholine, similar neuromuscular blocking agents or cholinergic agonists such as bethanechol."
cisapride,macrolide antibacterials,mechanism,High,1,"- Cisapride, pimozide: Other drugs such as cisapride or pimozide, which are metabolised by hepatic CYP3A isozymes have been associated with QT interval prolongation and/or cardiac arrythmias (typically torsades de pointe) as a result of increase in their serum level subsequent to interaction with si"
Sulfamethoxazole,phenytoin,mechanism,High,2,"At a 1.6-g dose, sulfamethoxazole produced a slight but significant increase in the half-life of phenytoin but did not produce a corresponding decrease in the metabolic clearance rate."
desglymidodrine,flecainide,mechanism,High,1,"ProAmatine. Alpha-adrenergic blocking agents, such as prazosin, terazosin, and doxazosin, can antagonize the effects of ProAmatine. Potential for Drug Interactions: It appears possible, although there is no supporting experimental evidence, that the high renal clearance of desglymidodrine (a base) i"
ZEMURON,succinylcholine,advise,Moderate,1,"If ZEMURON    is administered following administration of succinylcholine, it should not be given until recovery from succinylcholine has been observed."
anticoagulant,corticosteroids,effect,Moderate,1,There are reports of enhanced as well as diminished effects of anticoagulant when given concurrently with corticosteroids.
beta adrenergic aerosol bronchodilators,metaproterenol sulfate,advise,Moderate,1,Other beta adrenergic aerosol bronchodilators should not be used concomitantly with Alupent    (metaproterenol sulfate USP) because they may have additive effects.
Triprolidine,tranquillisers,effect,Moderate,1,"Triprolidine may enhance the sedative effects of central nervous system depressants including alcohol, barbiturates, hypnotics, narcotic analgesics, sedatives, and tranquillisers."
Methscopolamine,antacids,int,Low,1,"Methscopolamine may interact with antidepressants (tricyclic type), MAO inhibitors (e.g., phenelzine, linezolid, tranylcypromine, isocarboxazid, selegiline, furazolidone), quinidine, amantadine, antihistamines (e.g., diphenhydramine), other anticholinergics, potassium chloride supplements, antacids,"
pantoprazole,iron,mechanism,High,1,"Because of profound and long lasting inhibition of gastric acid secretion, pantoprazole may interfere with absorption of drugs where gastric pH is an important determinant of their bioavailability (eg, ketoconazole, ampicillin esters, and iron salts)."
azole antifungals,DETROL LA,advise,Moderate,1,"For patients receiving ketoconazole or other potent CYP3A4 inhibitors such as other azole antifungals (eg, itraconazole, miconazole) or macrolide antibiotics (eg, erythromycin, clarithromycin) or cyclosporine or vinblastine, the recommended dose of DETROL LA is 2 mg daily."
EVISTA,naproxen,advise,Moderate,1,"Caution should be used when EVISTA is coadministered with other highly protein-bound drugs, such as clofibrate, indomethacin, naproxen, ibuprofen, diazepam, and diazoxide."
methsuximide,phenytoin,mechanism,High,1,"Since Celontin (methsuximide) may interact with concurrently administered antiepileptic drugs, periodic serum level determinations of these drugs may be necessary (eg methsuximide may increase the plasma concentrations of phenytoin and phenobarbital)."
DIFLUCAN,sulfonylurea oral hypoglycemic agents,advise,Moderate,1,"When DIFLUCAN is used concomitantly with these or other sulfonylurea oral hypoglycemic agents, blood glucose concentrations should be carefully monitored and the dose of the sulfonylurea should be adjusted as necessary."
SUTENT,voriconizole,mechanism,High,1,"Co-administration of SUTENT with strong inhibitors of the CYP3A4 family (e.g., ketoconazole, itraconazole, clarithromycin, atazanavir, indinavir, nefazodone, nelfinavir, ritonavir, saquinavir, telithromycin, voriconizole) may increases sunitinib concentrations."
dihydroergotamine,sumatriptan,advise,Moderate,1,"Because there is a theoretical basis that these effects may be additive, use of ergotamine-containing or ergot-type medications (like dihydroergotamine or methysergide) and sumatriptan within 24 hours of each other should be avoided."
Mazindol,guanethidine,effect,Moderate,1,Mazindol may reduce the effects of guanethidine (Ismelin).
Implanon,antiretroviral,effect,Moderate,2,We present an interesting case of an HIV-positive woman on antiretroviral therapy having tubal pregnancies on two separate occasions with Implanon in place.
docetaxel,sunitinib,effect,Moderate,5,"Although single or concurrent use of sunitinib and docetaxel has some anti-proliferative effects, the sequential administrations of both drugs remarkably enhanced anti-tumor activity."
Methergine,vasoconstrictors,advise,Moderate,1,Caution should be exercised when Methergine    (methylergonovine maleate) is used concurrently with other vasoconstrictors or ergot alkaloids.
DEMSER,CNS depressants,effect,Moderate,1,Concurrent use of DEMSER with alcohol or other CNS depressants can increase their sedative effects.
Salicylate,warfarin,mechanism,High,1,"Salicylate competes with a number of drugs for protein binding sites, notably penicillin, thiopental, thyroxine, triiodothyronine, phenytoin, sulfinpyrazone, naproxen, warfarin, methotrexate, and possibly corticosteroids."
midazolam,fluconazole,mechanism,High,3,This effect on midazolam appears to be more pronounced following oral administration of fluconazole than with fluconazole administered intravenously.
VERSED Syrup,ketamine,effect,Moderate,1,"The sedative effect of VERSED Syrup is accentuated by any concomitantly administered medication which depresses the central nervous system, particularly narcotics (eg, morphine, meperidine and fentanyl), propofol, ketamine, nitrous oxide, secobarbital and droperidol."
Triprolidine,hypnotics,effect,Moderate,1,"Triprolidine may enhance the sedative effects of central nervous system depressants including alcohol, barbiturates, hypnotics, narcotic analgesics, sedatives, and tranquillisers."
Scopolamine,tranquilizers,advise,Moderate,1,"Scopolamine should be used with care in patients taking other drugs that are capable of causing CNS effects such as sedatives, tranquilizers, or alcohol."
TOLECTIN,methotrexate,advise,Moderate,2,Caution should be used if TOLECTIN is administered concomitantly with methotrexate.
neuroleptics,Permax,advise,Moderate,1,"Dopamine antagonists, such as the neuroleptics (phenothiazines, butyrophenones, thioxanthines ) or metoclopramide, ordinarily should not be administered concurrently with Permax (a dopamine agonist);"
Melatonin,fluoxetine,int,Low,1,"Melatonin may interact with the following drugs: aspirin and other NSAIDs (may lower melatonin levels), fluvoxamine (bioavailability of oral melatonin is increased with coadministration), beta blockers (may decrease melatonin levels), fluoxetine (reports of psychotic episodes when coadministered), p"
riboflavin,probenecid,mechanism,High,2,Probenecid - concurrent use decreases gastrointestinal absorption of riboflavin;
EVISTA,warfarin,advise,Moderate,1,"If EVISTA is given concurrently with warfarin, prothrombin time should be monitored."
paliperidone,alcohol,advise,Moderate,1,"Given the primary CNS effects of paliperidone, INVEGA    should be used with caution in combination with other centrally acting drugs and alcohol."
CRM197,doxorubicin,effect,Moderate,1,"CRM197 induced apoptosis, and furthermore, the combination of CRM197 plus doxorubicin enhanced cytotoxicity in a T-ALL cell line."
zidovudine,ZERIT,advise,Moderate,1,"Therefore, use of zidovudine in combination with ZERIT should be avoided."
neuromuscular blocking agents,phenytoin,effect,Moderate,1,"The neuromuscular blocking effect of MIVACRON may be enhanced by drugs that reduce plasma cholinesterase activity (e.g., chronically administered oral contraceptives, glucocorticoids, or certain monoamine oxidase inhibitors) or by drugs that irreversibly inhibit plasma cholinesterase . Resistance to"
probenecid,ALIMTA,mechanism,High,1,"Concomitant administration of substances that are also tubularly secreted (e.g., probenecid) could potentially result in delayed clearance of ALIMTA."
DIPRIVAN,meperidine,effect,Moderate,1,"The induction dose requirements of DIPRIVAN Injectable Emulsion may be reduced in patients with intramuscular or intravenous premedication, particularly with narcotics (eg, morphine, meperidine, and fentanyl, etc.)"
Anticoagulants,TNKase,effect,Moderate,1,"Anticoagulants (such as heparin and vitamin K antagonists) and drugs that alter platelet function (such as acetylsalicylic acid, dipyridamole, and GP IIb/IIIa inhibitors) may increase the risk of bleeding if administered prior to, during, or after TNKase therapy."
SSRIs,sumatriptan,effect,Moderate,1,"Therefore, the use of sumatriptan succinate tablets in patients receiving MAO-A inhibitors is contraindicated . Selective serotonin reuptake inhibitors (SSRIs) (e.g., fluoxetine, fluvoxamine, paroxetine, sertraline) have been reported, rarely, to cause weakness, hyperreflexia, and incoordination whe"
Alpha-adrenergic blocking agents,ProAmatine,effect,Moderate,1,"ProAmatine. Alpha-adrenergic blocking agents, such as prazosin, terazosin, and doxazosin, can antagonize the effects of ProAmatine. Potential for Drug Interactions: It appears possible, although there is no supporting experimental evidence, that the high renal clearance of desglymidodrine (a base) i"
Imexon,dacarbazine,effect,Moderate,1,Imexon and dacarbazine show additive effects in vitro but not in vivo in human A375 melanoma cells.
digoxin,sitagliptin,mechanism,High,1,"Digoxin: There was a slight increase in the area under the curve (AUC, 11%) and mean peak drug concentration (Cmax, 18%) of digoxin with the co-administration of 100 mg sitagliptin for 10 days."
celecoxib,anti-cancer drugs,effect,Moderate,1,Interaction of celecoxib with different anti-cancer drugs is antagonistic in breast but not in other cancer cells.
levonorgesterol,mycophenolate mofetil,mechanism,High,1,"However, in a drug-drug interaction study, mean levonorgesterol AUC was decreased by 15% when coadministered with mycophenolate mofetil."
vinblastine,DETROL LA,advise,Moderate,1,"For patients receiving ketoconazole or other potent CYP3A4 inhibitors such as other azole antifungals (eg, itraconazole, miconazole) or macrolide antibiotics (eg, erythromycin, clarithromycin) or cyclosporine or vinblastine, the recommended dose of DETROL LA is 2 mg daily."
quinidine,precocene I,effect,Moderate,1,"Furafylline and sulfaphenazole had no effect, while quinidine appeared to augment precocene I toxicity."
anticholinergic drugs,benzodiazepines,effect,Moderate,1,"The following agents may increase certain actions or side effects of anticholinergic drugs: amantadine, antiarrhythmic agents of class I (e.g., quinidine), antihistamines, antipsychotic agents (e.g., phenothiazines), benzodiazepines, MAO inhibitors, narcotic analgesics (e.g., meperidine), nitrates a"
tamoxifen,SSRI antidepressants,advise,Moderate,1,"It is better to avoid prescribing isoenzyme CYP 2D6 inhibitors to women treated with tamoxifen for breast cancer, especially SSRI antidepressants such as paroxetine and fluoxetine."
ketoconazole,retapamulin,mechanism,High,1,"Co-administration of oral ketoconazole 200 mg twice daily increased retapamulin geometric mean AUC(0-24) and Cmax by 81% after topical application of retapamulin ointment, 1% on the abraded skin of healthy adult males."
Sulfoxone,uricosurics,effect,Moderate,1,"Sulfoxone may increase the effects of barbiturates, tolbutamide, and uricosurics."
MEPERIDINE,PHENOTHIAZINES,advise,Moderate,1,"Interaction with Other Central Nervous System Depressants: MEPERIDINE SHOULD BE USED WITH GREAT CAUTION AND IN REDUCED DOSAGE IN PATIENTS WHO ARE CONCURRENTLY RECEIVING OTHER NARCOTIC ANALGESICS, GENERAL ANESTHETICS, PHENOTHIAZINES, OTHER TRANQUILIZERS, SEDATIVE-HYPNOTICS (INCLUDING BARBITURATES), T"
sulfamethoxazole,warfarin,effect,Moderate,1,It has been reported that sulfamethoxazole may prolong the prothrombin time in patients who are receiving the anticoagulant warfarin.
cimetidine,opioid analgesics,effect,Moderate,1,"In addition, CNS toxicity has been reported (confusion, disorientation, respiratory depression, apnea, seizures) following coadministration of cimetidine with opioid analgesics;"
VERSED Syrup,propofol,effect,Moderate,1,"The sedative effect of VERSED Syrup is accentuated by any concomitantly administered medication which depresses the central nervous system, particularly narcotics (eg, morphine, meperidine and fentanyl), propofol, ketamine, nitrous oxide, secobarbital and droperidol."
Nalidixic acid,melphalan,effect,Moderate,1,DRUG INTERACTIONS  There are no known drug/drug interactions with oral ALKERAN  Vaccinations with live organism vaccines are not recommended in immunocompromised individuals  Nalidixic acid together with high-dose intravenous melphalan has caused deaths in children due to haemorrhagic enterocolitis.
beta adrenergic blockers,pseudoephedrine,effect,Moderate,1,MAO inhibitors and beta adrenergic blockers increase the effects of pseudoephedrine.
Beta adrenergic agonists,monoamine oxidase inhibitors,advise,Moderate,1,"Beta adrenergic agonists should be administered with caution to patients being treated with monoamine oxidase inhibitors or tricyclic antidepressants, since the action of beta adrenergic agonists on the vascular system may be potentiated."
anticonvulsants,Mephenytoin,int,Low,1,Some anticonvulsants may interact with Mephenytoin.
DIFLUCAN,glyburide,mechanism,High,2,"DIFLUCAN reduces the metabolism of tolbutamide, glyburide, and glipizide and increases the plasma concentration of these agents."
methyldopa,antihypertensive drugs,effect,Moderate,1,"When methyldopa is used with other antihypertensive drugs, potentiation of antihypertensive effect may occur."
SUTENT,telithromycin,mechanism,High,1,"Co-administration of SUTENT with strong inhibitors of the CYP3A4 family (e.g., ketoconazole, itraconazole, clarithromycin, atazanavir, indinavir, nefazodone, nelfinavir, ritonavir, saquinavir, telithromycin, voriconizole) may increases sunitinib concentrations."
butorphanol,opioid agonist analgesic,advise,Moderate,1,"Interaction with Mixed Agonist/Antagonist Opioid Analgesics: Agonist/antagonist analgesics (i.e., pentazocine, nalbuphine, butorphanol, or buprenorphine) should NOT be administered to patients who have received or are receiving a course of therapy with a proof opioid agonist analgesic."
metaraminol,halothane,effect,Moderate,2,"Vasopressors, particularly metaraminol, may cause serious cardiac arrhythmias during halothane anesthesia and therefore should be used only with great caution or not at all."
erythromycin,oxybutynin,mechanism,High,1,"Other inhibitors of the cytochrome P450 3A4 enzyme system, such as antimycotic agents (e.g., itraconazole and miconazole) or macrolide antibiotics (e.g., erythromycin and clarithromycin), may alter oxybutynin mean pharmacokinetic parameters (i.e., Cmax and AUC)."
SUTENT,dexamethasone,mechanism,High,1,"Co-administration of SUTENT with inducers of the CYP3A4 family (e.g., dexamethasone, phenytoin, carbamazepine, rifampin, rifabutin, rifapentin, phenobarbital, St. Johns Wort) may decrease sunitinib concentrations."
paricalcitol,indinavir,advise,Moderate,1,"A multiple dose drug-drug interaction study demonstrated that ketoconazole approximately doubled paricalcitol AUC0-   . Since paricalcitol is partially metabolized by CYP3A and ketoconazole le is known to be a strong inhibitor of cytochrome P450 3A enzyme, care should be taken while dosing paricalci"
potassium,ACE inhibitors,effect,Moderate,1,"Use of potassium-sparing diuretics (spironolactone, triamterene, amiloride) or potassium supplements concomitantly with ACE inhibitors can increase the risk of hyperkalemia."
alcohol,phentermine hydrochloride,int,Low,1,Concomitant use of alcohol with phentermine hydrochloride may result in an adverse drug interaction.
SUTENT,rifapentin,mechanism,High,1,"Co-administration of SUTENT with inducers of the CYP3A4 family (e.g., dexamethasone, phenytoin, carbamazepine, rifampin, rifabutin, rifapentin, phenobarbital, St. Johns Wort) may decrease sunitinib concentrations."
butyrophenones,Permax,advise,Moderate,1,"Dopamine antagonists, such as the neuroleptics (phenothiazines, butyrophenones, thioxanthines ) or metoclopramide, ordinarily should not be administered concurrently with Permax (a dopamine agonist);"
Ritalin,clomipramine,mechanism,High,1,"Human pharmacologic studies have shown that Ritalin may inhibit the metabolism of coumarin anticoagulants, anticonvulsants (phenobarbital, diphenylhydantoin, primidone), phenylbutazone, and tricyclic drugs (imipramine, clomipramine, desipramine)."
paricalcitol,telithromycin,advise,Moderate,1,"A multiple dose drug-drug interaction study demonstrated that ketoconazole approximately doubled paricalcitol AUC0-   . Since paricalcitol is partially metabolized by CYP3A and ketoconazole le is known to be a strong inhibitor of cytochrome P450 3A enzyme, care should be taken while dosing paricalci"
SUTENT,phenobarbital,mechanism,High,1,"Co-administration of SUTENT with inducers of the CYP3A4 family (e.g., dexamethasone, phenytoin, carbamazepine, rifampin, rifabutin, rifapentin, phenobarbital, St. Johns Wort) may decrease sunitinib concentrations."
ketoconazole,ropivacaine,mechanism,High,1,"Coadministration of a selective and potent inhibitor of CYP3A4, ketoconazole (100 mg bid for 2 days with ropivacaine infusion administered 1 hour after ketoconazole) caused a 15% reduction in in-vivo plasma clearance of ropivacaine."
Paroxetine,endoxifen,mechanism,High,1,Paroxetine and fluoxetine reduce the plasma concentration of endoxifen by about 50%.
phenylpropanolamine,ProAmatine,effect,Moderate,1,"The use of drugs that stimulate alpha-adrenergic receptors (e.g., phenylephrine, pseudoephedrine, ephedrine, phenylpropanolamine or dihydroergotamine) may enhance or potentiate the pressor effects of ProAmatine   . Therefore, caution should be used when ProAmatine    is administered concomitantly wi"
phenytoin,mifepristone,mechanism,High,1,"John   s Wort, and certain anticonvulsants (phenytoin, phenobarbital, carbamazepine) may induce mifepristone metabolism (lowering serum levels of mifepristone)."
Mequitazine,TCA,int,Low,1,"Mequitazine can interact with CNS depressant, antichlolinergic, TCA, MAOIs, and alcohol."
fluvoxamine,Ropivacaine,mechanism,High,2,"In vivo, the plasma clearance of ropivacaine was reduced by 70% during coadministration of fluvoxamine (25 mg bid for 2 days), a selective and potent CYP1A2 inhibitor."
DIFLUCAN,cyclosporine,advise,Moderate,2,Careful monitoring of cyclosporine concentrations and serum creatinine is recommended in patients receiving DIFLUCAN and cyclosporine.
fluconazole,warfarin,effect,Moderate,1,"In post-marketing experience, as with other azole antifungals, bleeding events (bruising, epistaxis, gastrointestinal bleeding, hematuria, and melena) have been reported in association with increases in prothrombin time in patients receiving fluconazole concurrently with warfarin."
Triprolidine,alcohol,effect,Moderate,1,"Triprolidine may enhance the sedative effects of central nervous system depressants including alcohol, barbiturates, hypnotics, narcotic analgesics, sedatives, and tranquillisers."
Nifedipine,MYCAMINE,advise,Moderate,2,Patients receiving sirolimus or nifedipine in combination with MYCAMINE should be monitored for sirolimus or nifedipine toxicity and sirolimus or nifedipine dosage should be reduced if necessary.
stavudine,doxorubicin,effect,Moderate,1,In vitro data indicate that the phosphorylation of stavudine is also inhibited at relevant concentrations by doxorubicin and ribavirin.
MIVACRON,aminoglycosides,int,Low,1,"Other drugs which may enhance the neuromuscular blocking action of nondepolarizing agents such as MIVACRON include certain antibiotics (e.g., aminoglycosides, tetracyclines, bacitracin, polymyxins, lincomycin, clindamycin, colistin, and sodium colistimethate), magnesium salts, lithium, local anesthe"
alcohol,mirtazapine,mechanism,High,1,Alcohol: Concomitant administration of alcohol (equivalent to 60 g) had a minimal effect on plasma levels of mirtazapine (15 mg) in 6 healthy male subjects.
ProAmatine,cardiac glycosides,effect,Moderate,1,"When administered concomitantly with ProAmatine   , cardiac glycosides may enhance or precipitate bradycardia, A.V."
rifabutin,fluconazole,effect,Moderate,2,Rifabutin: There have been reports of uveitis in patients to whom fluconazole and rifabutin were coadministered.
Sulfoxone,barbiturates,effect,Moderate,1,"Sulfoxone may increase the effects of barbiturates, tolbutamide, and uricosurics."
FELDENE,lithium,advise,Moderate,2,"It is recommended that plasma lithium levels be monitored when initiating, adjusting and discontinuing FELDENE."
Warfarin,fluoxetine,effect,Moderate,2,"Warfarin users had an increased odds ratio of gastrointestinal bleeding upon initiation of citalopram (OR   =   1.73 [95% CI, 1.25-2.38]), fluoxetine (OR   =   1.63 [95% CI, 1.11-2.38]), paroxetine (OR   =   1.64 [95% CI, 1.27-2.12]), amitriptyline (OR   =   1.47 [95% CI, 1.02-2.11])."
XENICAL,cyclosporine,mechanism,High,1,Cyclosporine: Preliminary data from a XENICAL and cyclosporine drug interaction study indicate a reduction in cyclosporine plasma levels when XENICAL was coadministered with cyclosporine.
Mecamylamine,antihypertensive drugs,effect,Moderate,1,"The action of Mecamylamine may be potentiated by anesthesia, other antihypertensive drugs and alcohol."
ephedrine,levomepromazine,effect,Moderate,1,Caffeine and/or stimulantes of the ephedrine/amphetamine type may counteract the specific actions of levomepromazine.
Posicor,tricyclic antidepressants,mechanism,High,1,"Posicor inhibits some of the liver's ability to metabolize some other drugs - terfenadine, astemizole, cisapride, cyclosporine, and tricyclic antidepressants."
indomethacin,pramipexole,mechanism,High,1,"Other drugs eliminated via renal secretion: Population pharmacokinetic analysis suggests that coadministration of drugs that are secreted by the cationic transport system (e.g., cimetidine, ranitidine, diltiazem, triamterene, verapamil, quinidine, and quinine) decreases the oral clearance of pramipe"
azole antifungals,terfenadine,effect,Moderate,1,"Terfenadine: Because of the occurrence of serious cardiac dysrhythmias secondary to prolongation of the QTc interval in patients receiving azole antifungals in conjunction with terfenadine, interaction studies have been performed."
amlodipine,valsartan,effect,Moderate,2,"We have demonstrated appropriateness of inhospital administration of fixed amlodipine/valsartan combination as an approach allowing to achieve target BP in shorter time, with the use of fewer antihypertensive drugs, and diminishing concealed inefficacy of treatment."
anticholinergic drugs,phenothiazines,effect,Moderate,1,"The following agents may increase certain actions or side effects of anticholinergic drugs: amantadine, antiarrhythmic agents of class I (e.g., quinidine), antihistamines, antipsychotic agents (e.g., phenothiazines), benzodiazepines, MAO inhibitors, narcotic analgesics (e.g., meperidine), nitrates a"
SALICYLATE DRUGS,DISALCID,effect,Moderate,1,ASPIRIN AND OTHER SALICYLATE DRUGS WILL BE ADDITIVE TO DISALCID AND MAY INCREASE PLASMA CONCENTRATIONS OF SALICYLIC ACID TO TOXIC LEVELS.
Matulane,amitriptyline HCl,advise,Moderate,1,"Because Matulane exhibits some monoamine oxidase inhibitory activity, sympathomimetic drugs, tricyclic antidepressant drugs (e.g., amitriptyline HCl, imipramine HCl) and other drugs and foods with known high tyramine content, such as wine, yogurt, ripe cheese and bananas, should be avoided."
lithium,MOBIC,advise,Moderate,1,Patients on lithium treatment should be closely monitored when MOBIC is introduced or withdrawn.
dasatinib,paclitaxel,effect,Moderate,5,Studies with forced expression and siRNA knockdown of Bcl-2 and Cdk1 suggest that dasatinib-mediated induction of p27(Kip1) enhanced paclitaxel-induced apoptosis by negatively regulating Bcl-2 and Cdk1 expression.
SUTENT,nefazodone,mechanism,High,1,"Co-administration of SUTENT with strong inhibitors of the CYP3A4 family (e.g., ketoconazole, itraconazole, clarithromycin, atazanavir, indinavir, nefazodone, nelfinavir, ritonavir, saquinavir, telithromycin, voriconizole) may increases sunitinib concentrations."
tamoxifen,paroxetine,advise,Moderate,1,"It is better to avoid prescribing isoenzyme CYP 2D6 inhibitors to women treated with tamoxifen for breast cancer, especially SSRI antidepressants such as paroxetine and fluoxetine."
ketamine,propofol,effect,Moderate,1,"Based on this experience, we suggest that low-dose ketamine added to propofol may be associated with prevention of EA in children with a history of EA with propofol TIVA."
aminosalicylate derivatives,thioguanine,mechanism,High,1,"As there is in vitro evidence that aminosalicylate derivatives (e.g., olsalazine, mesalazine, or sulphasalazine) inhibit the TPMT enzyme, they should be administered with caution to patients receiving concurrent thioguanine therapy."
cholinesterase inhibitors,anticholinergic medications,int,Low,1,"Use with Anticholinergics: Because of their mechanism of action, cholinesterase inhibitors have the potential to interfere with the activity of anticholinergic medications."
rifampicin,ondansetron,mechanism,High,2,"Phenytoin, Carbamazepine, and Rifampicin: In patients treated with potent inducers of CYP3A4 (i.e., phenytoin, carbamazepine, and rifampicin), the clearance of ondansetron was significantly increased and ondansetron blood concentrations were decreased."
Sanctura,morphine,mechanism,High,1,"Drugs Eliminated by Active Tubular Secretion: Although studies to assess drug-drug interactions with Sanctura have not been conducted, Sanctura has the potential for pharmacokinetic interactions with other drugs that are eliminated by active tubular secretion (e.g. digoxin, procainamide, pancuronium"
ergotamine,sumatriptan,advise,Moderate,1,"Because there is a theoretical basis that these effects may be additive, use of ergotamine-containing or ergot-type medications (like dihydroergotamine or methysergide) and sumatriptan within 24 hours of each other should be avoided."
DIFLUCAN,phenytoin,advise,Moderate,2,Careful monitoring of phenytoin concentrations in patients receiving DIFLUCAN and phenytoin is recommended.
Moxifloxacin,multi-minerals,mechanism,High,1,Moxifloxacin and Lomefloxacin reacts faster with sucralfate and gelusil in acidic media whereas with erythromycin in basic media and multi-minerals in neutral media.
ZETIA,fibrates,advise,Moderate,1,Co-administration of ZETIA with fibrates is not recommended until use in patients is studied.
midazolam,azole antimycotics,advise,Moderate,1,"Drug Interactions: Inhibitors of CYP3A4 Isozymes: Caution is advised when midazolam is administered concomitantly with drugs that are known to inhibit the cytochrome P450 3A4 enzyme system (ie, some drugs in the drug classes of azole antimycotics, protease inhibitors, calcium channel antagonists, an"
diphosphonate,Calcitonin (salmon),effect,Moderate,1,"however, in patients with Paget's Disease prior diphosphonate use appears to reduce the anti-resorptive response to Calcitonin (salmon) nasal spray."
aluminum,SKELID,mechanism,High,1,"The bioavailability of SKELID is decreased 80% by calcium, when calcium and SKELID are administered at the same time, and 60% by some aluminum- or magnesium-containing antacids, when administered 1 hour before SKELID."
S-ketamine,ticlopidine,effect,Moderate,2,Exposure to oral S-ketamine is unaffected by itraconazole but greatly increased by ticlopidine.
Ritalin,imipramine,mechanism,High,1,"Human pharmacologic studies have shown that Ritalin may inhibit the metabolism of coumarin anticoagulants, anticonvulsants (phenobarbital, diphenylhydantoin, primidone), phenylbutazone, and tricyclic drugs (imipramine, clomipramine, desipramine)."
antimycotic agents,oxybutynin,mechanism,High,1,"Other inhibitors of the cytochrome P450 3A4 enzyme system, such as antimycotic agents (e.g., itraconazole and miconazole) or macrolide antibiotics (e.g., erythromycin and clarithromycin), may alter oxybutynin mean pharmacokinetic parameters (i.e., Cmax and AUC)."
VERSED Syrup,nitrous oxide,effect,Moderate,1,"The sedative effect of VERSED Syrup is accentuated by any concomitantly administered medication which depresses the central nervous system, particularly narcotics (eg, morphine, meperidine and fentanyl), propofol, ketamine, nitrous oxide, secobarbital and droperidol."
quinine,pramipexole,mechanism,High,1,"Other drugs eliminated via renal secretion: Population pharmacokinetic analysis suggests that coadministration of drugs that are secreted by the cationic transport system (e.g., cimetidine, ranitidine, diltiazem, triamterene, verapamil, quinidine, and quinine) decreases the oral clearance of pramipe"
Lomefloxacin,erythromycin,mechanism,High,1,Moxifloxacin and Lomefloxacin reacts faster with sucralfate and gelusil in acidic media whereas with erythromycin in basic media and multi-minerals in neutral media.
Anticholinergics,antiglaucoma agents,effect,Moderate,1,Anticholinergics antagonize the effects of antiglaucoma agents.
nelfinavir,midazolam,mechanism,High,1,"Although not studied, the potent cytochrome P450 3A4 inhibitors ritonavir and nelfinavir may cause intense and prolonged sedation and respiratory depression due to a decrease in plasma clearance of midazolam."
SKELAXIN,CNS depressants,effect,Moderate,1,"SKELAXIN may enhance the effects of alcohol, barbiturates and other CNS depressants."
amiloride,ACE inhibitors,effect,Moderate,1,"Use of potassium-sparing diuretics (spironolactone, triamterene, amiloride) or potassium supplements concomitantly with ACE inhibitors can increase the risk of hyperkalemia."
Methscopolamine,diphenhydramine,int,Low,1,"Methscopolamine may interact with antidepressants (tricyclic type), MAO inhibitors (e.g., phenelzine, linezolid, tranylcypromine, isocarboxazid, selegiline, furazolidone), quinidine, amantadine, antihistamines (e.g., diphenhydramine), other anticholinergics, potassium chloride supplements, antacids,"
dexmedetomidine,ephedrine,effect,Moderate,4,"In the hot plate test in mice, co-administration of 15     g/kg dexmedetomidine with 10   mg/kg ephedrine intraperitoneally not only enhanced, but also prolonged the duration of antinociception induced by dexmedetomidine."
beta-carotene,XENICAL,mechanism,High,1,Fat-soluble Vitamin Supplements and Analogues: A pharmacokinetic interaction study showed a 30% reduction in beta-carotene supplement absorption when concomitantly administered with XENICAL.
Pantoprazole,clopidogrel,mechanism,High,1,Pantoprazole has a much weaker effect on clopidogrel's pharmacokinetics and on platelet reactivity during concomitant use.
salicylate,methylprednisolone,effect,Moderate,1,This could lead to decreased salicylate serum levels or increase the risk of salicylate toxicity when methylprednisolone is withdrawn.
tolbutamide,teniposide,mechanism,High,1,"In a study in which 34 different drugs were tested, therapeutically relevant concentrations of tolbutamide, sodium salicylate and sulfamethizole displaced protein-bound teniposide in fresh human serum to a small but significant extent."
triamterene,ACE inhibitors,effect,Moderate,1,"Use of potassium-sparing diuretics (spironolactone, triamterene, amiloride) or potassium supplements concomitantly with ACE inhibitors can increase the risk of hyperkalemia."
Warfarin,amitriptyline,effect,Moderate,2,"Warfarin users had an increased odds ratio of gastrointestinal bleeding upon initiation of citalopram (OR   =   1.73 [95% CI, 1.25-2.38]), fluoxetine (OR   =   1.63 [95% CI, 1.11-2.38]), paroxetine (OR   =   1.64 [95% CI, 1.27-2.12]), amitriptyline (OR   =   1.47 [95% CI, 1.02-2.11])."
metoclopramide,alcohol,effect,Moderate,1,"Additive sedative effects can occur when metoclopramide is given with alcohol, sedatives, hypnotics, narcotics, or tranquilizers."
Methylprednisolone,aspirin,mechanism,High,1,Methylprednisolone may increase the clearance of chronic high dose aspirin.
cholestyramine,Zemplar,mechanism,High,1,"Drugs that impair intestinal absorption of fat-soluble vitamins, such as cholestyramine, may interfere with the absorption of Zemplar Capsules."
diuretics,ACEON,effect,Moderate,2,"Diuretics: Patients on diuretics, and especially those started recently, may occasionally experience an excessive reduction of blood pressure after initiation of ACEON    Tablets therapy."
anticholinergic drugs,nitrites,effect,Moderate,1,"The following agents may increase certain actions or side effects of anticholinergic drugs: amantadine, antiarrhythmic agents of class I (e.g., quinidine), antihistamines, antipsychotic agents (e.g., phenothiazines), benzodiazepines, MAO inhibitors, narcotic analgesics (e.g., meperidine), nitrates a"
morphine,antihistaminics,effect,Moderate,1,"Use with Other Central Nervous System Depressants: The depressant effects of morphine are potentiated by the presence of other CNS depressants such as alcohol, sedatives, antihistaminics, or psychotropic drugs."
TOBI,PULMOZYME,effect,Moderate,1,"In clinical studies of TOBI, patients taking TOBI concomitantly with dornase alfa (PULMOZYME   , Genentech), (beta)-agonists, inhaled corticosteroids, other anti-pseudomonal antibiotics, or parenteral aminoglycosides demonstrated adverse experience profiles similar to the study population as a whole"
VERSED Syrup,droperidol,effect,Moderate,1,"The sedative effect of VERSED Syrup is accentuated by any concomitantly administered medication which depresses the central nervous system, particularly narcotics (eg, morphine, meperidine and fentanyl), propofol, ketamine, nitrous oxide, secobarbital and droperidol."
adrenergic agents,tricyclic antidepressants,effect,Moderate,2,The pressor response of adrenergic agents may also be potentiated by tricyclic antidepressants.
doxorubicin,ZANOSAR,advise,Moderate,1,a reduction of the doxorubicin dosage should be considered in patients receiving ZANOSAR concurrently.
tricyclic antidepressants,sympathomimetic amines,effect,Moderate,1,Monoamine oxidase inhibitors or tricyclic antidepressants may potentiate the action of sympathomimetic amines.
Metopirone,acetaminophen,effect,Moderate,2,Metopirone inhibits the glucuronidation of acetaminophen and could possibly potentiate acetaminophen toxicity.
carbamazepine,mifepristone,mechanism,High,1,"John   s Wort, and certain anticonvulsants (phenytoin, phenobarbital, carbamazepine) may induce mifepristone metabolism (lowering serum levels of mifepristone)."
Ethanol,abacavir,mechanism,High,1,Ethanol decreases the elimination of abacavir causing an increase in overall exposure . The addition of methadone has no clinically significant effect on the pharmacokinetic properties of abacavir.
aspirin,Streptokinase,effect,Moderate,1,"The addition of aspirin to Streptokinase causes a minimal increase in the risk of minor bleeding (3.9% vs. 3.1%), but does not appear to increase the incidence of major bleeding (see"
ZOLINZA,HDAC inhibitors,effect,Moderate,1,"Other HDAC Inhibitors Severe thrombocytopenia and gastrointestinal bleeding have been reported with concomitant use of ZOLINZA and other HDAC inhibitors (e.g., valproic acid)."
FELDENE,coumarin-type anticoagulants,int,Low,2,"Although this has not occurred in in vitro studies with coumarin-type anticoagulants, interactions with coumarin-type anticoagulants have been reported with FELDENE since marketing, therefore, physicians should closely monitor patients for a change in dosage requirements when administering FELDENE t"
MAO-A inhibitors,sumatriptan,mechanism,High,1,"MAO-A inhibitors reduce sumatriptan clearance, significantly increasing systemic exposure."
anticholinergic drugs,antihistamines,effect,Moderate,1,"The following agents may increase certain actions or side effects of anticholinergic drugs: amantadine, antiarrhythmic agents of class I (e.g., quinidine), antihistamines, antipsychotic agents (e.g., phenothiazines), benzodiazepines, MAO inhibitors, narcotic analgesics (e.g., meperidine), nitrates a"
Ritalin,anticonvulsants,mechanism,High,1,"Human pharmacologic studies have shown that Ritalin may inhibit the metabolism of coumarin anticoagulants, anticonvulsants (phenobarbital, diphenylhydantoin, primidone), phenylbutazone, and tricyclic drugs (imipramine, clomipramine, desipramine)."
Salicylate,corticosteroids,mechanism,High,1,"Salicylate competes with a number of drugs for protein binding sites, notably penicillin, thiopental, thyroxine, triiodothyronine, phenytoin, sulfinpyrazone, naproxen, warfarin, methotrexate, and possibly corticosteroids."
DIFLUCAN,theophylline,mechanism,High,2,Theophylline: DIFLUCAN increases the serum concentrations of theophylline.
levomepromazine,benzodiazepines,effect,Moderate,1,Additive sedative effects and confusional states may emerge if levomepromazine is given with benzodiazepines or barbiturates.
rifampin,Mexitil,mechanism,High,1,"When phenytoin or other hepatic enzyme inducers such as rifampin and phenobarbital have been taken concurrently with Mexitil   , lowered Mexitil    plasma levels have been reported."
levomepromazine,antiparkinsonian-agents,advise,Moderate,1,"Exert particular caution in combining levomepromazine with other anticholinergic drugs (tricyclic antidepressants and antiparkinsonian-agents): Particularly the elderly may develop delirium, high fever, severe obstipation, even ileus and glaucoma."
Methscopolamine,pectin,int,Low,1,"Methscopolamine may interact with antidepressants (tricyclic type), MAO inhibitors (e.g., phenelzine, linezolid, tranylcypromine, isocarboxazid, selegiline, furazolidone), quinidine, amantadine, antihistamines (e.g., diphenhydramine), other anticholinergics, potassium chloride supplements, antacids,"
Sanctura,digoxin,mechanism,High,1,"Drugs Eliminated by Active Tubular Secretion: Although studies to assess drug-drug interactions with Sanctura have not been conducted, Sanctura has the potential for pharmacokinetic interactions with other drugs that are eliminated by active tubular secretion (e.g. digoxin, procainamide, pancuronium"
AGGRASTAT,aspirin,effect,Moderate,1,"The use of AGGRASTAT, in combination with heparin and aspirin, has been associated with an increase in bleeding compared to heparin and aspirin alone (see"
Vindesine,Phenytoin,int,Low,1,Vindesine can interact with the drugs of the following categories:  - Blood dyscrasia: can cause unpredictable myelotoxicity - Bone marrow depressants: can cause a predictable dose-related myelotoxicity - Radiation therapy: may cause marrow depression - Neurotoxic medications: can cause neurologic t
MIVACRON,lincomycin,int,Low,1,"Other drugs which may enhance the neuromuscular blocking action of nondepolarizing agents such as MIVACRON include certain antibiotics (e.g., aminoglycosides, tetracyclines, bacitracin, polymyxins, lincomycin, clindamycin, colistin, and sodium colistimethate), magnesium salts, lithium, local anesthe"
Melatonin,progestin,effect,Moderate,2,"Melatonin may interact with the following drugs: aspirin and other NSAIDs (may lower melatonin levels), fluvoxamine (bioavailability of oral melatonin is increased with coadministration), beta blockers (may decrease melatonin levels), fluoxetine (reports of psychotic episodes when coadministered), p"
paricalcitol,itraconazole,advise,Moderate,1,"A multiple dose drug-drug interaction study demonstrated that ketoconazole approximately doubled paricalcitol AUC0-   . Since paricalcitol is partially metabolized by CYP3A and ketoconazole le is known to be a strong inhibitor of cytochrome P450 3A enzyme, care should be taken while dosing paricalci"
Salicylate,triiodothyronine,mechanism,High,1,"Salicylate competes with a number of drugs for protein binding sites, notably penicillin, thiopental, thyroxine, triiodothyronine, phenytoin, sulfinpyrazone, naproxen, warfarin, methotrexate, and possibly corticosteroids."
verapamil,midazolam,mechanism,High,1,"Drugs such as erythromycin, diltiazem, verapamil, ketoconazole, fluconazole and itraconazole were shown to significantly increase the C max and AUC of orally administered midazolam."
Sanctura,tenofovir,mechanism,High,1,"Drugs Eliminated by Active Tubular Secretion: Although studies to assess drug-drug interactions with Sanctura have not been conducted, Sanctura has the potential for pharmacokinetic interactions with other drugs that are eliminated by active tubular secretion (e.g. digoxin, procainamide, pancuronium"
anticholinesterases,procaine hydrochloride,mechanism,High,1,Anticholinesterases: Concurrent use of procaine hydrochloride and anticholinesterase agents may result in increased systemic toxicity since anticholinesterases inhibit the breakdown of procaine hydrochloride.
Triprolidine,barbiturates,effect,Moderate,1,"Triprolidine may enhance the sedative effects of central nervous system depressants including alcohol, barbiturates, hypnotics, narcotic analgesics, sedatives, and tranquillisers."
anticonvulsants,mifepristone,mechanism,High,1,"John   s Wort, and certain anticonvulsants (phenytoin, phenobarbital, carbamazepine) may induce mifepristone metabolism (lowering serum levels of mifepristone)."
loop diuretics,metolazone,effect,Moderate,1,Diuretics: Furosemide and probably other loop diuretics given concomitantly with metolazone can cause unusually large or prolonged losses of fluid and electrolytes.
SUTENT,indinavir,mechanism,High,1,"Co-administration of SUTENT with strong inhibitors of the CYP3A4 family (e.g., ketoconazole, itraconazole, clarithromycin, atazanavir, indinavir, nefazodone, nelfinavir, ritonavir, saquinavir, telithromycin, voriconizole) may increases sunitinib concentrations."
Diuretic,curariform drugs,effect,Moderate,1,Curariform Drugs: Diuretic-induced hypokalemia may enhance neuromuscular blocking effects of curariform drugs (such as tubocurarine) the most serious effect would be respiratory depression which could proceed to apnea.
Salicylates,MYKROX,effect,Moderate,1,Salicylates and Other Non-Steroidal Anti-Inflammatory Drugs: May decrease the antihypertensive effects of MYKROX Tablets.
metoclopramide,tranquilizers,effect,Moderate,1,"Additive sedative effects can occur when metoclopramide is given with alcohol, sedatives, hypnotics, narcotics, or tranquilizers."
Salicylates,anticoagulant drugs,effect,Moderate,1,Salicylates given concomitantly with anticoagulant drugs may predispose to systemic bleeding.
Triprolidine,narcotic analgesics,effect,Moderate,1,"Triprolidine may enhance the sedative effects of central nervous system depressants including alcohol, barbiturates, hypnotics, narcotic analgesics, sedatives, and tranquillisers."
Scopolamine,sedatives,advise,Moderate,1,"Scopolamine should be used with care in patients taking other drugs that are capable of causing CNS effects such as sedatives, tranquilizers, or alcohol."
pentazocine,opioid agonist analgesic,advise,Moderate,1,"Interaction with Mixed Agonist/Antagonist Opioid Analgesics: Agonist/antagonist analgesics (i.e., pentazocine, nalbuphine, butorphanol, or buprenorphine) should NOT be administered to patients who have received or are receiving a course of therapy with a proof opioid agonist analgesic."
succinylcholine,nondepolarizing agents,effect,Moderate,1,Prior administration of succinylcholine can potentiate the neuromuscular blocking effects of nondepolarizing agents.
TOBI,aminoglycosides,effect,Moderate,1,"In clinical studies of TOBI, patients taking TOBI concomitantly with dornase alfa (PULMOZYME   , Genentech), (beta)-agonists, inhaled corticosteroids, other anti-pseudomonal antibiotics, or parenteral aminoglycosides demonstrated adverse experience profiles similar to the study population as a whole"
Selective serotonin reuptake inhibitors,sumatriptan,effect,Moderate,1,"Therefore, the use of sumatriptan succinate tablets in patients receiving MAO-A inhibitors is contraindicated . Selective serotonin reuptake inhibitors (SSRIs) (e.g., fluoxetine, fluvoxamine, paroxetine, sertraline) have been reported, rarely, to cause weakness, hyperreflexia, and incoordination whe"
Methscopolamine,selegiline,int,Low,1,"Methscopolamine may interact with antidepressants (tricyclic type), MAO inhibitors (e.g., phenelzine, linezolid, tranylcypromine, isocarboxazid, selegiline, furazolidone), quinidine, amantadine, antihistamines (e.g., diphenhydramine), other anticholinergics, potassium chloride supplements, antacids,"
MIVACRON,lithium,int,Low,1,"Other drugs which may enhance the neuromuscular blocking action of nondepolarizing agents such as MIVACRON include certain antibiotics (e.g., aminoglycosides, tetracyclines, bacitracin, polymyxins, lincomycin, clindamycin, colistin, and sodium colistimethate), magnesium salts, lithium, local anesthe"
Vitamin B1,Stavudine,int,Low,1,"Interactions for Vitamin B1 (Thiamine):  Loop Diuretics, Oral Contraceptives, Stavudine, Tricyclic Antidepressants"
ketoconazole,trimetrexate,effect,Moderate,2,"Agents that might be coadministered with trimetrexate in AIDS patients for other indications that could elicit this activity include erythromycin, rifampin, rifabutin, ketoconazole, and fluconazole."
antidepressant,tamoxifen,advise,Moderate,1,"If in certain cases, an antidepressant is considered necessary, it may be advisable to replace tamoxifen with anastrozole."
desglymidodrine,cimetidine,mechanism,High,1,"ProAmatine. Alpha-adrenergic blocking agents, such as prazosin, terazosin, and doxazosin, can antagonize the effects of ProAmatine. Potential for Drug Interactions: It appears possible, although there is no supporting experimental evidence, that the high renal clearance of desglymidodrine (a base) i"
paricalcitol,nelfinavir,advise,Moderate,1,"A multiple dose drug-drug interaction study demonstrated that ketoconazole approximately doubled paricalcitol AUC0-   . Since paricalcitol is partially metabolized by CYP3A and ketoconazole le is known to be a strong inhibitor of cytochrome P450 3A enzyme, care should be taken while dosing paricalci"
diazepam,REMERON SolTab,advise,Moderate,1,"Accordingly, patients should be advised to avoid diazepam and other similar drugs while taking REMERON SolTab."
Myfortic,cholestyramine,advise,Moderate,1,"Therefore, do not administer Myfortic with cholestyramine or other agents that may interfere with enterohepatic recirculation or drugs that may bind bile acids, for example bile acid sequestrates or oral activated charcoal, because of the potential to reduce the efficacy of Myfortic."
Myfortic,mycophenolate mofetil,advise,Moderate,1,"Azathioprine/Mycophenolate Mofetil: Given that azathioprine and mycophenolate mofetil inhibit purine metabolism, it is recommended that Myfortic not be administered concomitantly with azathioprine or mycophenolate mofetil."
Warfarin,paroxetine,effect,Moderate,2,"Warfarin users had an increased odds ratio of gastrointestinal bleeding upon initiation of citalopram (OR   =   1.73 [95% CI, 1.25-2.38]), fluoxetine (OR   =   1.63 [95% CI, 1.11-2.38]), paroxetine (OR   =   1.64 [95% CI, 1.27-2.12]), amitriptyline (OR   =   1.47 [95% CI, 1.02-2.11])."
cholinesterase inhibitors,succinylcholine,effect,Moderate,1,"Use with Cholinomimetics and Other Cholinesterase Inhibitors: A synergistic effect may be expected when cholinesterase inhibitors are given concurrently with succinylcholine, similar neuromuscular blocking agents or cholinergic agonists such as bethanechol."
phenytoin,MIVACRON,effect,Moderate,1,"While the effects of chronic phenytoin or carbamazepine therapy on the action of MIVACRON are unknown, slightly shorter durations of neuromuscular block may be anticipated and infusion rate requirements may be higher."
tetracycline class drugs,penicillin,advise,Moderate,1,"Since bacteriostatic drugs may interfere with the bactericidal action of penicillin, it is advisable to avoid giving tetracycline class drugs in conjunction with penicillin."
phenothiazines,MIRAPEX,effect,Moderate,1,"Dopamine antagonists: Since pramipexole is a dopamine agonist, it is possible that dopamine antagonists, such as the neuroleptics (phenothiazines, butyrophenones, thioxanthenes) or metoclopramide, may diminish the effectiveness of MIRAPEX."
DIFLUCAN,terfenadine,mechanism,High,1,Another study at a 400-mg and 800-mg daily dose of fluconazole demonstrated that DIFLUCAN taken in doses of 400 mg per day or greater significantly increases plasma levels of terfenadine when taken concomitantly.
Matulane,sympathomimetic drugs,advise,Moderate,1,"Because Matulane exhibits some monoamine oxidase inhibitory activity, sympathomimetic drugs, tricyclic antidepressant drugs (e.g., amitriptyline HCl, imipramine HCl) and other drugs and foods with known high tyramine content, such as wine, yogurt, ripe cheese and bananas, should be avoided."
DEMSER,haloperidol,advise,Moderate,1,Caution should be observed in administering DEMSER to patients receiving phenothiazines or haloperidol because the extrapyramidal effects of these drugs can be expected to be potentiated by inhibition of catecholamine synthesis.
Methenamine,metolazone,effect,Moderate,1,Methenamine: Efficacy may be decreased due to urinary alkalizing effect of metolazone.
anticholinergic drugs,antiarrhythmic agents of class I,effect,Moderate,1,"The following agents may increase certain actions or side effects of anticholinergic drugs: amantadine, antiarrhythmic agents of class I (e.g., quinidine), antihistamines, antipsychotic agents (e.g., phenothiazines), benzodiazepines, MAO inhibitors, narcotic analgesics (e.g., meperidine), nitrates a"
levomepromazine,tricyclic antidepressants,advise,Moderate,1,"Exert particular caution in combining levomepromazine with other anticholinergic drugs (tricyclic antidepressants and antiparkinsonian-agents): Particularly the elderly may develop delirium, high fever, severe obstipation, even ileus and glaucoma."
selective serotonin reuptake inhibitors,ELDEPRYL,effect,Moderate,1,Severe toxicity has also been reported in patients receiving the combination of tricyclic antidepressants and ELDEPRYL and selective serotonin reuptake inhibitors and ELDEPRYL.
itraconazole,mifepristone,mechanism,High,1,"Although specific drug or food interactions with mifepristone have not been studied, on the basis of this drug   s metabolism by CYP 3A4, it is possible that ketoconazole, itraconazole, erythromycin, and grapefruit juice may inhibit its metabolism (increasing serum levels of mifepristone)."
desglymidodrine,ranitidine,mechanism,High,1,"ProAmatine. Alpha-adrenergic blocking agents, such as prazosin, terazosin, and doxazosin, can antagonize the effects of ProAmatine. Potential for Drug Interactions: It appears possible, although there is no supporting experimental evidence, that the high renal clearance of desglymidodrine (a base) i"
cimetidine,trimetrexate,mechanism,High,1,In vitro perfusion of isolated rat liver has shown that cimetidine caused a significant reduction in trimetrexate metabolism and that acetaminophen altered the relative concentration of trimetrexate metabolites possibly by competing for sulfate metabolites.
sulphasalazine,thioguanine,mechanism,High,1,"As there is in vitro evidence that aminosalicylate derivatives (e.g., olsalazine, mesalazine, or sulphasalazine) inhibit the TPMT enzyme, they should be administered with caution to patients receiving concurrent thioguanine therapy."
minocycline,fosfomycin,effect,Moderate,1,The combination of minocycline and fosfomycin can be synergistic against MRSA.
Salicylate,phenytoin,mechanism,High,1,"Salicylate competes with a number of drugs for protein binding sites, notably penicillin, thiopental, thyroxine, triiodothyronine, phenytoin, sulfinpyrazone, naproxen, warfarin, methotrexate, and possibly corticosteroids."
rifampin,methylprednisolone,advise,Moderate,2,"Drugs that induce hepatic enzymes such as phenobarbital, phenytoin, and rifampin may increase the clearance of methylprednisolone and may require increased in methylprednisolone dose to achieve the desired response."
MIVACRON,magnesium,int,Low,1,"Other drugs which may enhance the neuromuscular blocking action of nondepolarizing agents such as MIVACRON include certain antibiotics (e.g., aminoglycosides, tetracyclines, bacitracin, polymyxins, lincomycin, clindamycin, colistin, and sodium colistimethate), magnesium salts, lithium, local anesthe"
Myfortic,live attenuated vaccines,advise,Moderate,1,"Live Vaccines: During treatment with Myfortic, the use of live attenuated vaccines should be avoided and patients should be advised that vaccinations may be less effective."
morphine,CNS depressants,effect,Moderate,1,"Use with Other Central Nervous System Depressants: The depressant effects of morphine are potentiated by the presence of other CNS depressants such as alcohol, sedatives, antihistaminics, or psychotropic drugs."
metoclopramide,narcotic analgesics,effect,Moderate,1,The effects of metoclopramide on gastrointestinal motility are antagonized by anticholinergic drugs and narcotic analgesics.
methylergonovine maleate,vasoconstrictors,advise,Moderate,1,Caution should be exercised when Methergine    (methylergonovine maleate) is used concurrently with other vasoconstrictors or ergot alkaloids.
Trimethoprim,phenytoin,mechanism,High,3,Trimethoprim may inhibit the hepatic metabolism of phenytoin.
Thiazide diuretics,phenothiazines,effect,Moderate,1,Thiazide diuretics may accentuate the orthostatic hypotension that may occur with phenothiazines.
SUTENT,phenytoin,mechanism,High,1,"Co-administration of SUTENT with inducers of the CYP3A4 family (e.g., dexamethasone, phenytoin, carbamazepine, rifampin, rifabutin, rifapentin, phenobarbital, St. Johns Wort) may decrease sunitinib concentrations."
mazindol,tranylcypromine,advise,Moderate,1,"You cannot take mazindol if you have taken a monoamine oxidase inhibitor (MAOI) such as isocarboxazid (Marplan), tranylcypromine (Parnate), or phenelzine (Nardil) in the last 14 days."
pantoprazole,ampicillin,mechanism,High,1,"Because of profound and long lasting inhibition of gastric acid secretion, pantoprazole may interfere with absorption of drugs where gastric pH is an important determinant of their bioavailability (eg, ketoconazole, ampicillin esters, and iron salts)."
imiglucerase,ZAVESCA,advise,Moderate,1,Combination therapy with Cerezyme    (imiglucerase) and ZAVESCA    is not indicated.
Lomefloxacin,gelusil,mechanism,High,1,Moxifloxacin and Lomefloxacin reacts faster with sucralfate and gelusil in acidic media whereas with erythromycin in basic media and multi-minerals in neutral media.
anesthetics,methyldopa,advise,Moderate,1,Patients may require reduced doses of anesthetics when on methyldopa.
clopidogrel,esomeprazole,advise,Moderate,1,Regulatory agencies state that the combination of clopidogrel and the CYP2C19 inhibitors omeprazole and esomeprazole should be avoided.
fluconazole,terfenadine,advise,Moderate,3,The combined use of fluconazole at doses of 400 mg or greater with terfenadine is contraindicated.
rimantadine HCl,Cimetidine,mechanism,High,1,"When a single 100 mg dose of rimantadine HCl was administered one hour after the initiation of Cimetidine (300 mg four times a day), the apparent total rimantadine clearance of this single dose in normal healthy adults was reduced by 18% (compared to the apparent total rimantadine clearance in the s"
XENICAL,vitamin E acetate,mechanism,High,1,XENICAL inhibited absorption of a vitamin E acetate supplement by approximately 60%.
tamoxifen,fluoxetine,advise,Moderate,1,"It is better to avoid prescribing isoenzyme CYP 2D6 inhibitors to women treated with tamoxifen for breast cancer, especially SSRI antidepressants such as paroxetine and fluoxetine."
melphalan,cyclosporin,effect,Moderate,1,Impaired renal function has been described in bone marrow transplant patients who were conditioned with high-dose intravenous melphalan and who subsequently received cyclosporin to prevent graft-versus-host disease
Fluconazole,ethinyl estradiol,mechanism,High,2,"While there is evidence that fluconazole can inhibit the metabolism of ethinyl estradiol and levonorgestrel, there is no evidence that fluconazole is a net inducer of ethinyl estradiol or levonorgestrel metabolism."
procaine hydrochloride,CNS depressant medications,effect,Moderate,1,CNS depressant medications: Concurrent use of procaine hydrochloride and CNS depressant medications may result in additive depressant effects.
DIPRIVAN,nitrous oxide,advise,Moderate,1,"During maintenance of anesthesia or sedation, the rate of DIPRIVAN Injectable Emulsion administration should be adjusted according to the desired level of anesthesia or sedation and may be reduced in the presence of supplemental analgesic agents (eg, nitrous oxide or opioids)."
Mephenytoin,steroid medications,effect,Moderate,1,"Mephenytoin may also affect the effects of other drugs, which include some steroid medications, warfarin, certain heart medicines, birth control pills, anti-infective medicines, furosemide and theophylline Please note that Mephenytoin may interact with other drugs that are not listed here."
Carboptic,suprofen,effect,Moderate,1,"Other eye drops or medications such as acetylcholine chloride (Miochol) and carbachol (Carboptic, Isopto Carbachol) may decrease the effects of suprofen ophthalmic."
metoclopramide,sedatives,effect,Moderate,1,"Additive sedative effects can occur when metoclopramide is given with alcohol, sedatives, hypnotics, narcotics, or tranquilizers."
desglymidodrine,quinidine,mechanism,High,1,"ProAmatine. Alpha-adrenergic blocking agents, such as prazosin, terazosin, and doxazosin, can antagonize the effects of ProAmatine. Potential for Drug Interactions: It appears possible, although there is no supporting experimental evidence, that the high renal clearance of desglymidodrine (a base) i"
DITROPAN XL,ketoconazole,mechanism,High,1,"Mean oxybutynin chloride plasma concentrations were approximately 2 fold higher when DITROPAN XL was administered with ketoconazole, a potent CYP3A4 inhibitor."
ZOLINZA,coumarin derivatives,advise,Moderate,1,Physicians should carefully monitor PT and INR in patients concurrently administered ZOLINZA and coumarin derivatives.
tricyclic antidepressants,ELDEPRYL,effect,Moderate,1,Severe toxicity has also been reported in patients receiving the combination of tricyclic antidepressants and ELDEPRYL and selective serotonin reuptake inhibitors and ELDEPRYL.
Phenothiazines,anesthetics,effect,Moderate,1,"Phenothiazines are capable of potentiating CNS depressants (e.g., barbiturates, anesthetics, opiates, alcohol, etc.)"
rifampin,montelukast,advise,Moderate,2,"It is reasonable to employ appropriate clinical monitoring when potent cytochrome P450 enzyme inducers, such as phenobarbital or rifampin, are co-administered with montelukast."
paricalcitol,ritonavir,advise,Moderate,1,"A multiple dose drug-drug interaction study demonstrated that ketoconazole approximately doubled paricalcitol AUC0-   . Since paricalcitol is partially metabolized by CYP3A and ketoconazole le is known to be a strong inhibitor of cytochrome P450 3A enzyme, care should be taken while dosing paricalci"
paliperidone,centrally acting drugs,advise,Moderate,1,"Given the primary CNS effects of paliperidone, INVEGA    should be used with caution in combination with other centrally acting drugs and alcohol."
phenobarbital,methylprednisolone,mechanism,High,2,"Drugs that induce hepatic enzymes such as phenobarbital, phenytoin, and rifampin may increase the clearance of methylprednisolone and may require increased in methylprednisolone dose to achieve the desired response."
vigabatrin,carbamazepine,mechanism,High,1,A study published in 2002 found that vigabatrin causes a statistically significant increase in plasma clearance of carbamazepine.
SUTENT,nelfinavir,mechanism,High,1,"Co-administration of SUTENT with strong inhibitors of the CYP3A4 family (e.g., ketoconazole, itraconazole, clarithromycin, atazanavir, indinavir, nefazodone, nelfinavir, ritonavir, saquinavir, telithromycin, voriconizole) may increases sunitinib concentrations."
Beta adrenergic agonists,tricyclic antidepressants,advise,Moderate,1,"Beta adrenergic agonists should be administered with caution to patients being treated with monoamine oxidase inhibitors or tricyclic antidepressants, since the action of beta adrenergic agonists on the vascular system may be potentiated."
Methscopolamine,phenothiazines,int,Low,1,"Methscopolamine may interact with antidepressants (tricyclic type), MAO inhibitors (e.g., phenelzine, linezolid, tranylcypromine, isocarboxazid, selegiline, furazolidone), quinidine, amantadine, antihistamines (e.g., diphenhydramine), other anticholinergics, potassium chloride supplements, antacids,"
cholestyramine,meloxicam,mechanism,High,1,Cholestyramine: Pretreatment for four days with cholestyramine significantly increased the clearance of meloxicam by 50%.
Streptase,antiplatelet agents,effect,Moderate,1,"Use of Anticoagulants and Antiplatelet Agents -- Streptase, Streptokinase, alone or in combination with antiplatelet agents and anticoagulants, may cause bleeding complications."
Mephenytoin,furosemide,effect,Moderate,1,"Mephenytoin may also affect the effects of other drugs, which include some steroid medications, warfarin, certain heart medicines, birth control pills, anti-infective medicines, furosemide and theophylline Please note that Mephenytoin may interact with other drugs that are not listed here."
aspirin,meloxicam,advise,Moderate,2,"however, as with other NSAIDs, concomitant administration of meloxicam and aspirin is not generally recommended because of the potential for increased adverse effects."
5-FU,ELOXATIN,mechanism,High,1,Increases of 5-FU plasma concentrations by approximately 20% have been observed with doses of 130 mg/m2 ELOXATIN dosed every 3 weeks.
methylglyoxal,carbenicillin,effect,Moderate,1,Synergism was also noted when methylglyoxal was combined with carbenicillin and amikacin.
Streptozocin,doxorubicin,mechanism,High,1,Streptozocin has been reported to prolong the elimination half-life of doxorubicin and may lead to severe bone marrow suppression;
vitamin K antagonists,TNKase,effect,Moderate,1,"Anticoagulants (such as heparin and vitamin K antagonists) and drugs that alter platelet function (such as acetylsalicylic acid, dipyridamole, and GP IIb/IIIa inhibitors) may increase the risk of bleeding if administered prior to, during, or after TNKase therapy."
heparin,Retavase,effect,Moderate,1,"In addition to bleeding associated with heparin and vitamin K antagonists, drugs that alter platelet function (such as aspirin, dipyridamole, and abciximab) may increase the risk of bleeding if administered prior to or after Retavase    therapy."
dipyridamole,TNKase,effect,Moderate,1,"Anticoagulants (such as heparin and vitamin K antagonists) and drugs that alter platelet function (such as acetylsalicylic acid, dipyridamole, and GP IIb/IIIa inhibitors) may increase the risk of bleeding if administered prior to, during, or after TNKase therapy."
Terbinafine,rifampin,mechanism,High,1,"Terbinafine clearance is increased 100% by rifampin, a CyP450 enzyme inducer, and decreased 33% by cimetidine, a CyP450 enzyme inhibitor."
SUTENT,carbamazepine,mechanism,High,1,"Co-administration of SUTENT with inducers of the CYP3A4 family (e.g., dexamethasone, phenytoin, carbamazepine, rifampin, rifabutin, rifapentin, phenobarbital, St. Johns Wort) may decrease sunitinib concentrations."
ibuprofen,ALIMTA,advise,Moderate,1,"Although ibuprofen (400 mg qid) can be administered with ALIMTA in patients with normal renal function (creatinine clearance    80 mL/min), caution should be used when administering ibuprofen concurrently with ALIMTA to patients with mild to moderate renal insufficiency (creatinine clearance from 45"
MIVACRON,procainamide,int,Low,1,"Other drugs which may enhance the neuromuscular blocking action of nondepolarizing agents such as MIVACRON include certain antibiotics (e.g., aminoglycosides, tetracyclines, bacitracin, polymyxins, lincomycin, clindamycin, colistin, and sodium colistimethate), magnesium salts, lithium, local anesthe"
Sanctura,pancuronium,mechanism,High,1,"Drugs Eliminated by Active Tubular Secretion: Although studies to assess drug-drug interactions with Sanctura have not been conducted, Sanctura has the potential for pharmacokinetic interactions with other drugs that are eliminated by active tubular secretion (e.g. digoxin, procainamide, pancuronium"
INVEGA,centrally acting drugs,advise,Moderate,1,"Given the primary CNS effects of paliperidone, INVEGA    should be used with caution in combination with other centrally acting drugs and alcohol."
vigabatrin,phenytoin,mechanism,High,1,"In 1984, Drs Rimmer and Richens at the University of Wales reported that administering vigabatrin with phenytoin lowered the serum phenytoin concentration in patients with treatment-resistant epilepsy."
thioxanthines,Permax,advise,Moderate,1,"Dopamine antagonists, such as the neuroleptics (phenothiazines, butyrophenones, thioxanthines ) or metoclopramide, ordinarily should not be administered concurrently with Permax (a dopamine agonist);"
lenalidomide,CCI-779,effect,Moderate,1,The preclinical combination of lenalidomide with the mTOR inhibitor CCI-779 has displayed synergy in vitro and represents a novel combination in MM.
GH,cyclosporin,mechanism,High,1,"These data suggest that GH administration may alter the clearance of compounds known to be metabolized by CP450 liver enzymes (e.g., corticosteroids, sex steroids, anticonvulsants, cyclosporin)."
procaine hydrochloride,sulfonamides,effect,Moderate,1,Sulfonamides: Concurrent use of procaine hydrochloride and sulfonamides may result in a reduction of the antibacterial action of the sulfonamide.
atropine,triprolidine,effect,Moderate,1,"The effects of anticholinergic drugs, such as atropine and tricyclic antidepressants may be enhanced by the concomitant administration of triprolidine."
contraceptives,Myfortic,advise,Moderate,1,"Therefore, it is recommended that oral contraceptives are co- administered with Myfortic with caution and additional birth control methods be considered."
Aminoglutethimide,depo-subQ provera 104,mechanism,High,1,Aminoglutethimide administered concomitantly with depo-subQ provera 104 may significantly decrease the serum concentrations of MPA.
Phenothiazines,alcohol,effect,Moderate,1,"Phenothiazines are capable of potentiating CNS depressants (e.g., barbiturates, anesthetics, opiates, alcohol, etc.)"
paclitaxel,HERCEPTIN,mechanism,High,1,Administration of paclitaxel in combination with HERCEPTIN resulted in a two-fold decrease in HERCEPTIN clearance in a non-human primate study and in a 1.5-fold increase in HERCEPTIN serum levels in clinical studies.
Caffeine,levomepromazine,effect,Moderate,1,Caffeine and/or stimulantes of the ephedrine/amphetamine type may counteract the specific actions of levomepromazine.
terazosin,ProAmatine,effect,Moderate,1,"ProAmatine. Alpha-adrenergic blocking agents, such as prazosin, terazosin, and doxazosin, can antagonize the effects of ProAmatine. Potential for Drug Interactions: It appears possible, although there is no supporting experimental evidence, that the high renal clearance of desglymidodrine (a base) i"
azole-type antifungal agents,terfenadine,advise,Moderate,1,"Due to the chemical similarity of other azole-type antifungal agents (including fluconazole, metronidazole, and miconazole) to ketoconazole, and itraconazole, concomitant use of these products with terfenadine is not recommended pending full examination of potential interactions."
Methscopolamine,isocarboxazid,int,Low,1,"Methscopolamine may interact with antidepressants (tricyclic type), MAO inhibitors (e.g., phenelzine, linezolid, tranylcypromine, isocarboxazid, selegiline, furazolidone), quinidine, amantadine, antihistamines (e.g., diphenhydramine), other anticholinergics, potassium chloride supplements, antacids,"
vancomycin,anesthetic agents,effect,Moderate,1,Concomitant administration of vancomycin and anesthetic agents has been associated with erythema and histamine-like flushing and anaphylactoid reactions.
Zidovudine,stavudine,effect,Moderate,1,Zidovudine competitively inhibits the intracellular phosphorylation of stavudine.
ondansetron,tramadol,effect,Moderate,1,"However, on the basis of available data, no dosage adjustment for ondansetron is recommended for patients on these drugs.1,3  Tramadol: Although no pharmacokinetic drug interaction between ondansetron and tramadol has been observed, data from 2 small studies indicate that ondansetron may be associat"
diuretic,perindopril,effect,Moderate,1,The possibility of hypotensive effects can be minimized by either discontinuing the diuretic or increasing the salt intake prior to initiation of treatment with perindopril.
Penicillin,probenecid,mechanism,High,1,Penicillin blood levels may be prolonged by concurrent administration of probenecid which blocks the renal tubular secretion of penicillins.
ABT,precocene I,effect,Moderate,1,"ABT decreased the toxicity of precocene I, increased exposure to parent compound, and decreased metabolite levels in a dose-dependent manner."
DIFLUCAN,tolbutamide,mechanism,High,1,"DIFLUCAN reduces the metabolism of tolbutamide, glyburide, and glipizide and increases the plasma concentration of these agents."
SPIRIVA,ipratropium,advise,Moderate,1,"However, the co   administration of SPIRIVA with other anticholinergic   containing drugs (e.g., ipratropium) has not been studied and is therefore not recommended."
anticholinergic drugs,triprolidine,effect,Moderate,1,"The effects of anticholinergic drugs, such as atropine and tricyclic antidepressants may be enhanced by the concomitant administration of triprolidine."
levomepromazine,opioids,effect,Moderate,2,"Dosages of concomitantly administered opioids should be reduced by approximately half, because levomepromazine amplifies the therapeutic actions and side-effects of opioids."
TOLECTIN,anticoagulants,advise,Moderate,1,"Therefore, caution should be exercised when administering TOLECTIN to patients on anticoagulants."
imidazole drugs,trimetrexate,mechanism,High,1,"Based on an in vitro rat liver model, nitrogen substituted imidazole drugs (clotrimazole, ketoconazole, miconazole) were potent, non-competitive inhibitors of trimetrexate metabolism."
Mequitazine,antichlolinergic,int,Low,1,"Mequitazine can interact with CNS depressant, antichlolinergic, TCA, MAOIs, and alcohol."
methylprednisolone,cyclosporin,mechanism,High,2,Mutual inhibition of metabolism occurs with concurrent use of cyclosporin and methylprednisolone;
beta adrenergic aerosol bronchodilators,Alupent,advise,Moderate,1,Other beta adrenergic aerosol bronchodilators should not be used concomitantly with Alupent    (metaproterenol sulfate USP) because they may have additive effects.
metronidazole,warfarin,effect,Moderate,1,"Oral metronidazole has been reported to potentiate the anticoagulant effect of coumarin and warfarin, resulting in a prolongation of prothrombin time."
vitamin K,XENICAL,mechanism,High,1,"Therefore, as vitamin K absorption may be decreased with XENICAL, patients on chronic stable doses of warfarin who are prescribed XENICAL should be monitored closely for changes in coagulation parameters."
metoclopramide,MIRAPEX,effect,Moderate,1,"Dopamine antagonists: Since pramipexole is a dopamine agonist, it is possible that dopamine antagonists, such as the neuroleptics (phenothiazines, butyrophenones, thioxanthenes) or metoclopramide, may diminish the effectiveness of MIRAPEX."
SYMLIN,anticholinergic agents,advise,Moderate,1,"Due to its effects on gastric emptying, SYMLIN therapy should not be considered for patients taking drugs that alter gastrointestinal motility (e.g., anticholinergic agents such as atropine) and agents that slow the intestinal absorption of nutrients (e.g., alpha glucosidase inhibitors)."
calcium,nonheme iron,mechanism,High,3,Calcium is the only known component in the diet that may affect absorption of both nonheme and heme iron.
ASPIRIN,DISALCID,effect,Moderate,1,ASPIRIN AND OTHER SALICYLATE DRUGS WILL BE ADDITIVE TO DISALCID AND MAY INCREASE PLASMA CONCENTRATIONS OF SALICYLIC ACID TO TOXIC LEVELS.
DIPRIVAN,morphine,effect,Moderate,1,"The induction dose requirements of DIPRIVAN Injectable Emulsion may be reduced in patients with intramuscular or intravenous premedication, particularly with narcotics (eg, morphine, meperidine, and fentanyl, etc.)"
macrolides,astemizole,int,Low,1,Concomitant administrations not recommended:  - Terfenadine and astemizole: Certain macrolides interact with terfenadine and astemizole leading to increased serum concentrations of the latter.
diuretics,aminoglycoside,effect,Moderate,1,Some diuretics can enhance aminoglycoside toxicity by altering antibiotic concentrations in serum and tissue.
TRITEC,clarithromycin,mechanism,High,1,"Coadministration of TRITEC with clarithromycin resulted in increased plasma ranitidine concentrations (57%), increased plasma bismuth trough concentrations (48%), and increased 14- hydroxy- clarithromycin plasma concentrations (31%)."
contraceptives,vitamin A,mechanism,High,1,Drug Interactions: Women on oral contraceptives have shown a significant increase in plasma vitamin A levels.
Salicylate,thyroxine,mechanism,High,1,"Salicylate competes with a number of drugs for protein binding sites, notably penicillin, thiopental, thyroxine, triiodothyronine, phenytoin, sulfinpyrazone, naproxen, warfarin, methotrexate, and possibly corticosteroids."
Anticholinergic drugs,corticosteroids,effect,Moderate,1,Anticholinergic drugs in the presence of increased intraocular pressure may be hazardous when taken concurrently with agents such as corticosteroids.
terfenadine,troleandomycin,advise,Moderate,1,"Concomitant administration of terfenadine with clarithromycin, erythromycin, or troleandomycin is contraindicated: Pending full characterization of potential interactions, concomitant administration of terfenadine with other macrolide antibiotics, including azithromycin, is not recommended."
rifampin,rosiglitazone,mechanism,High,1,An inhibitor of CYP2C8 (such as gemfibrozil) may increase the AUC of rosiglitazone and an inducer of CYP2C8 (such as rifampin) may decrease the AUC of rosiglitazone.
metronidazole,coumarin,effect,Moderate,1,"Oral metronidazole has been reported to potentiate the anticoagulant effect of coumarin and warfarin, resulting in a prolongation of prothrombin time."
antacid,TRITEC,mechanism,High,1,Coadministration with a high dose of antacid (170 mEq) results in a 28% decrease in plasma concentrations of ranitidine and may decrease plasma concentrations of bismuth from TRITEC.
rimantadine,aspirin,mechanism,High,1,Peak plasma concentrations and AUC of rimantadine were reduced approximately 10% in the presence of aspirin.
abciximab,Retavase,effect,Moderate,1,"In addition to bleeding associated with heparin and vitamin K antagonists, drugs that alter platelet function (such as aspirin, dipyridamole, and abciximab) may increase the risk of bleeding if administered prior to or after Retavase    therapy."
carbachol,suprofen,effect,Moderate,1,"Other eye drops or medications such as acetylcholine chloride (Miochol) and carbachol (Carboptic, Isopto Carbachol) may decrease the effects of suprofen ophthalmic."
ergot-type medications,sumatriptan,advise,Moderate,1,"Because there is a theoretical basis that these effects may be additive, use of ergotamine-containing or ergot-type medications (like dihydroergotamine or methysergide) and sumatriptan within 24 hours of each other should be avoided."
cholinesterase inhibitors,cholinergic agonists,effect,Moderate,1,"Use with Cholinomimetics and Other Cholinesterase Inhibitors: A synergistic effect may be expected when cholinesterase inhibitors are given concurrently with succinylcholine, similar neuromuscular blocking agents or cholinergic agonists such as bethanechol."
SUTENT,atazanavir,mechanism,High,1,"Co-administration of SUTENT with strong inhibitors of the CYP3A4 family (e.g., ketoconazole, itraconazole, clarithromycin, atazanavir, indinavir, nefazodone, nelfinavir, ritonavir, saquinavir, telithromycin, voriconizole) may increases sunitinib concentrations."
lithium,meloxicam,mechanism,High,1,"In a study conducted in healthy subjects, mean pre-dose lithium concentration and AUC were increased by 21% in subjects receiving lithium doses ranging from 804 to 1072 mg BID with meloxicam 15 mg QD as compared to subjects receiving lithium alone."
miconazole,oxybutynin,mechanism,High,1,"Other inhibitors of the cytochrome P450 3A4 enzyme system, such as antimycotic agents (e.g., itraconazole and miconazole) or macrolide antibiotics (e.g., erythromycin and clarithromycin), may alter oxybutynin mean pharmacokinetic parameters (i.e., Cmax and AUC)."
short-acting benzodiazepines,fluconazole,advise,Moderate,1,"If short-acting benzodiazepines, which are metabolized by the cytochrome P450 system, are concomitantly administered with fluconazole, consideration should be given to decreasing the benzodiazepine dosage, and the patients should be appropriately monitored."
Vindesine,Live virus vaccines,int,Low,1,Vindesine can interact with the drugs of the following categories:  - Blood dyscrasia: can cause unpredictable myelotoxicity - Bone marrow depressants: can cause a predictable dose-related myelotoxicity - Radiation therapy: may cause marrow depression - Neurotoxic medications: can cause neurologic t
cholinesterase inhibitors,neuromuscular blocking agents,effect,Moderate,1,"Use with Cholinomimetics and Other Cholinesterase Inhibitors: A synergistic effect may be expected when cholinesterase inhibitors are given concurrently with succinylcholine, similar neuromuscular blocking agents or cholinergic agonists such as bethanechol."
dopamine antagonists,MIRAPEX,effect,Moderate,1,"Dopamine antagonists: Since pramipexole is a dopamine agonist, it is possible that dopamine antagonists, such as the neuroleptics (phenothiazines, butyrophenones, thioxanthenes) or metoclopramide, may diminish the effectiveness of MIRAPEX."
Matulane,imipramine HCl,advise,Moderate,1,"Because Matulane exhibits some monoamine oxidase inhibitory activity, sympathomimetic drugs, tricyclic antidepressant drugs (e.g., amitriptyline HCl, imipramine HCl) and other drugs and foods with known high tyramine content, such as wine, yogurt, ripe cheese and bananas, should be avoided."
cimetidine,Mexitil,mechanism,High,1,"Concurrent administration of cimetidine and Mexitil    has been reported to increase, decrease, or leave unchanged Mexitil    plasma levels;"
Salicylate,thiopental,mechanism,High,1,"Salicylate competes with a number of drugs for protein binding sites, notably penicillin, thiopental, thyroxine, triiodothyronine, phenytoin, sulfinpyrazone, naproxen, warfarin, methotrexate, and possibly corticosteroids."
nalbuphine,opioid agonist analgesic,advise,Moderate,1,"Interaction with Mixed Agonist/Antagonist Opioid Analgesics: Agonist/antagonist analgesics (i.e., pentazocine, nalbuphine, butorphanol, or buprenorphine) should NOT be administered to patients who have received or are receiving a course of therapy with a proof opioid agonist analgesic."
NEXAVAR,irinotecan,advise,Moderate,1,Caution is recommended when administering NEXAVAR with compounds that are metabolized/eliminated predominantly by the UGT1A1 pathway (e.g. irinotecan).
MOBIC,warfarin,advise,Moderate,2,"Warfarin: Anticoagulant activity should be monitored, particularly in the first few days after initiating or changing MOBIC therapy in patients receiving warfarin or similar agents, since these patients are at an increased risk of bleeding."
Streptase,anticoagulants,effect,Moderate,1,"Use of Anticoagulants and Antiplatelet Agents -- Streptase, Streptokinase, alone or in combination with antiplatelet agents and anticoagulants, may cause bleeding complications."
anticholinergic drugs,quinidine,effect,Moderate,1,"The following agents may increase certain actions or side effects of anticholinergic drugs: amantadine, antiarrhythmic agents of class I (e.g., quinidine), antihistamines, antipsychotic agents (e.g., phenothiazines), benzodiazepines, MAO inhibitors, narcotic analgesics (e.g., meperidine), nitrates a"
Agonist/antagonist analgesics,opioid agonist analgesic,advise,Moderate,1,"Interaction with Mixed Agonist/Antagonist Opioid Analgesics: Agonist/antagonist analgesics (i.e., pentazocine, nalbuphine, butorphanol, or buprenorphine) should NOT be administered to patients who have received or are receiving a course of therapy with a proof opioid agonist analgesic."
cimetidine,mebendazole,mechanism,High,1,Preliminary evidence suggests that cimetidine inhibits mebendazole metabolism and may result in an increase in plasma concentrations of mebendazole.
acetaminophen,rimantadine,mechanism,High,1,Coadministration with acetaminophen reduced the peak concentration and AUC values for rimantadine by approximately 11%.
desglymidodrine,procainamide,mechanism,High,1,"ProAmatine. Alpha-adrenergic blocking agents, such as prazosin, terazosin, and doxazosin, can antagonize the effects of ProAmatine. Potential for Drug Interactions: It appears possible, although there is no supporting experimental evidence, that the high renal clearance of desglymidodrine (a base) i"
amphetamine,levomepromazine,effect,Moderate,1,Caffeine and/or stimulantes of the ephedrine/amphetamine type may counteract the specific actions of levomepromazine.
Ritalin,diphenylhydantoin,mechanism,High,1,"Human pharmacologic studies have shown that Ritalin may inhibit the metabolism of coumarin anticoagulants, anticonvulsants (phenobarbital, diphenylhydantoin, primidone), phenylbutazone, and tricyclic drugs (imipramine, clomipramine, desipramine)."
Phenothiazines,CNS depressants,effect,Moderate,1,"Phenothiazines are capable of potentiating CNS depressants (e.g., barbiturates, anesthetics, opiates, alcohol, etc.)"
methyldopa,lithium,advise,Moderate,1,When methyldopa and lithium are given concomitantly the patient should be carefully monitored for symptoms of lithium toxicity.
vitamin K antagonists,Retavase,effect,Moderate,1,"In addition to bleeding associated with heparin and vitamin K antagonists, drugs that alter platelet function (such as aspirin, dipyridamole, and abciximab) may increase the risk of bleeding if administered prior to or after Retavase    therapy."
Zemplar,ketoconazole,advise,Moderate,1,"Dose adjustment of Zemplar Capsules may be required, and iPTH and serum calcium concentrations should be closely monitored if a patient initiates or discontinues therapy with a strong CYP3A4 inhibitor such as ketoconazole."
SKELID,indomethacin,mechanism,High,1,The bioavailability of SKELID is increased 2-4 fold by indomethacin but is not significantly altered by coadministration of diclofenac.
streptozocin,phenytoin,effect,Moderate,1,The concurrent use of streptozocin and phenytoin has been reported in one case to result in reduced streptozocin cytotoxicity.
desglymidodrine,triamterene,mechanism,High,1,"ProAmatine. Alpha-adrenergic blocking agents, such as prazosin, terazosin, and doxazosin, can antagonize the effects of ProAmatine. Potential for Drug Interactions: It appears possible, although there is no supporting experimental evidence, that the high renal clearance of desglymidodrine (a base) i"
ephedrine,ProAmatine,effect,Moderate,1,"The use of drugs that stimulate alpha-adrenergic receptors (e.g., phenylephrine, pseudoephedrine, ephedrine, phenylpropanolamine or dihydroergotamine) may enhance or potentiate the pressor effects of ProAmatine   . Therefore, caution should be used when ProAmatine    is administered concomitantly wi"
ritonavir,midazolam,mechanism,High,1,"Although not studied, the potent cytochrome P450 3A4 inhibitors ritonavir and nelfinavir may cause intense and prolonged sedation and respiratory depression due to a decrease in plasma clearance of midazolam."
anticholinergic drugs,narcotic analgesics,effect,Moderate,1,"The following agents may increase certain actions or side effects of anticholinergic drugs: amantadine, antiarrhythmic agents of class I (e.g., quinidine), antihistamines, antipsychotic agents (e.g., phenothiazines), benzodiazepines, MAO inhibitors, narcotic analgesics (e.g., meperidine), nitrates a"
Ritalin,desipramine,mechanism,High,1,"Human pharmacologic studies have shown that Ritalin may inhibit the metabolism of coumarin anticoagulants, anticonvulsants (phenobarbital, diphenylhydantoin, primidone), phenylbutazone, and tricyclic drugs (imipramine, clomipramine, desipramine)."
ezetimibe,cyclosporine,mechanism,High,2,"Cyclosporine: The total ezetimibe level increased 12-fold in one renal transplant patient receiving multiple medications, including cyclosporine."
phenothiazines,Permax,advise,Moderate,1,"Dopamine antagonists, such as the neuroleptics (phenothiazines, butyrophenones, thioxanthines ) or metoclopramide, ordinarily should not be administered concurrently with Permax (a dopamine agonist);"
ketoconazole,panobinostat,mechanism,High,1,"In the presence of ketoconazole, there was 1.6- and 1.8-fold increase in C (max) and AUC of panobinostat, respectively."
MEPERIDINE,TRANQUILIZERS,advise,Moderate,1,"Interaction with Other Central Nervous System Depressants: MEPERIDINE SHOULD BE USED WITH GREAT CAUTION AND IN REDUCED DOSAGE IN PATIENTS WHO ARE CONCURRENTLY RECEIVING OTHER NARCOTIC ANALGESICS, GENERAL ANESTHETICS, PHENOTHIAZINES, OTHER TRANQUILIZERS, SEDATIVE-HYPNOTICS (INCLUDING BARBITURATES), T"
Ritalin,tricyclic drugs,mechanism,High,1,"Human pharmacologic studies have shown that Ritalin may inhibit the metabolism of coumarin anticoagulants, anticonvulsants (phenobarbital, diphenylhydantoin, primidone), phenylbutazone, and tricyclic drugs (imipramine, clomipramine, desipramine)."
VERSED Syrup,secobarbital,effect,Moderate,1,"The sedative effect of VERSED Syrup is accentuated by any concomitantly administered medication which depresses the central nervous system, particularly narcotics (eg, morphine, meperidine and fentanyl), propofol, ketamine, nitrous oxide, secobarbital and droperidol."
Methscopolamine,antihistamines,int,Low,1,"Methscopolamine may interact with antidepressants (tricyclic type), MAO inhibitors (e.g., phenelzine, linezolid, tranylcypromine, isocarboxazid, selegiline, furazolidone), quinidine, amantadine, antihistamines (e.g., diphenhydramine), other anticholinergics, potassium chloride supplements, antacids,"
Melatonin,NSAIDs,int,Low,1,"Melatonin may interact with the following drugs: aspirin and other NSAIDs (may lower melatonin levels), fluvoxamine (bioavailability of oral melatonin is increased with coadministration), beta blockers (may decrease melatonin levels), fluoxetine (reports of psychotic episodes when coadministered), p"
Myfortic,aluminum,mechanism,High,1,"Antacids: Absorption of a single dose of Myfortic was decreased when administered to 12 stable renal transplant patients also taking magnesium-aluminum containing antacids (30 mL): the mean Cmax and AUC(0-t) values for MPA were 25% and 37% lower, respectively, than when Myfortic was administered alo"
valproic acid,temozolomide,mechanism,High,1,Administration of valproic acid decreases oral clearance of temozolomide by about 5%.
Terbinafine,caffeine,mechanism,High,1,Terbinafine decreases the clearance of caffeine by 19%.
paricalcitol,saquinavir,advise,Moderate,1,"A multiple dose drug-drug interaction study demonstrated that ketoconazole approximately doubled paricalcitol AUC0-   . Since paricalcitol is partially metabolized by CYP3A and ketoconazole le is known to be a strong inhibitor of cytochrome P450 3A enzyme, care should be taken while dosing paricalci"
roxithromycin,terfenadine,advise,Moderate,1,"Although such a reaction has not been demonstrated with roxithromycin, concomitant administration of roxithromycin with terfenadine or astemizole is not recommended."
Sulfonamides,methotrexate,mechanism,High,1,"Sulfonamides can also displace methotrexate from plasma protein-binding sites, thus increasing free methotrexate concentrations."
MIVACRON,quinidine,int,Low,1,"Other drugs which may enhance the neuromuscular blocking action of nondepolarizing agents such as MIVACRON include certain antibiotics (e.g., aminoglycosides, tetracyclines, bacitracin, polymyxins, lincomycin, clindamycin, colistin, and sodium colistimethate), magnesium salts, lithium, local anesthe"
VERSED Syrup,meperidine,effect,Moderate,1,"The sedative effect of VERSED Syrup is accentuated by any concomitantly administered medication which depresses the central nervous system, particularly narcotics (eg, morphine, meperidine and fentanyl), propofol, ketamine, nitrous oxide, secobarbital and droperidol."
macrolide antibiotics,DETROL LA,advise,Moderate,1,"For patients receiving ketoconazole or other potent CYP3A4 inhibitors such as other azole antifungals (eg, itraconazole, miconazole) or macrolide antibiotics (eg, erythromycin, clarithromycin) or cyclosporine or vinblastine, the recommended dose of DETROL LA is 2 mg daily."
propranolol,phenothiazines,mechanism,High,1,Concomitant administration of propranolol with phenothiazines results in increased plasma levels of both drugs.
Metolazone,norepinephrine,effect,Moderate,1,"Sympathomimetics: Metolazone may decrease arterial responsiveness to norepinephrine, but this diminution is not sufficient to preclude effectiveness of the pressor agent for therapeutic use."
indinavir,megestrol acetate,mechanism,High,2,A pharmacokinetic study demonstrated that coadministration of megestrol acetate and indinavir results in a significant decrease in the pharmacokinetic parameters (~36% for Cmax and ~28% for AUC) of indinavir.
ZADAXIN,immunomodulating drugs,advise,Moderate,1,Caution should be exercised when administering ZADAXIN therapy in combination with other immunomodulating drugs.
Cimetidine,pramipexole,mechanism,High,2,"Other drugs eliminated via renal secretion: Population pharmacokinetic analysis suggests that coadministration of drugs that are secreted by the cationic transport system (e.g., cimetidine, ranitidine, diltiazem, triamterene, verapamil, quinidine, and quinine) decreases the oral clearance of pramipe"
sympathomimetic pressor amines,monoamine oxidase inhibitors,effect,Moderate,2,MAO Inhibitors - The pressor effect of sympathomimetic pressor amines is markedly potentiated in patients receiving monoamine oxidase inhibitors (MAOI).
phenobarbital,Mexitil,mechanism,High,1,"When phenytoin or other hepatic enzyme inducers such as rifampin and phenobarbital have been taken concurrently with Mexitil   , lowered Mexitil    plasma levels have been reported."
levomepromazine,anticholinergic drugs,advise,Moderate,1,"Exert particular caution in combining levomepromazine with other anticholinergic drugs (tricyclic antidepressants and antiparkinsonian-agents): Particularly the elderly may develop delirium, high fever, severe obstipation, even ileus and glaucoma."
MEPERIDINE,ANESTHETICS,advise,Moderate,1,"Interaction with Other Central Nervous System Depressants: MEPERIDINE SHOULD BE USED WITH GREAT CAUTION AND IN REDUCED DOSAGE IN PATIENTS WHO ARE CONCURRENTLY RECEIVING OTHER NARCOTIC ANALGESICS, GENERAL ANESTHETICS, PHENOTHIAZINES, OTHER TRANQUILIZERS, SEDATIVE-HYPNOTICS (INCLUDING BARBITURATES), T"
trimetrexate,erythromycin,effect,Moderate,1,"Agents that might be coadministered with trimetrexate in AIDS patients for other indications that could elicit this activity include erythromycin, rifampin, rifabutin, ketoconazole, and fluconazole."
verapamil,pramipexole,mechanism,High,1,"Other drugs eliminated via renal secretion: Population pharmacokinetic analysis suggests that coadministration of drugs that are secreted by the cationic transport system (e.g., cimetidine, ranitidine, diltiazem, triamterene, verapamil, quinidine, and quinine) decreases the oral clearance of pramipe"
mazindol,isocarboxazid,advise,Moderate,1,"You cannot take mazindol if you have taken a monoamine oxidase inhibitor (MAOI) such as isocarboxazid (Marplan), tranylcypromine (Parnate), or phenelzine (Nardil) in the last 14 days."
EVISTA,clofibrate,advise,Moderate,1,"Caution should be used when EVISTA is coadministered with other highly protein-bound drugs, such as clofibrate, indomethacin, naproxen, ibuprofen, diazepam, and diazoxide."
methadone,ZIAGEN,mechanism,High,1,"In a study of 11 HIV-infected patients receiving methadone-maintenance therapy (40 mg and 90 mg daily) with 600 mg of ZIAGEN twice daily (twice the currently recommended dose), oral methadone clearance increased 22% (90% CI 6% to 42%)."
VERSED Syrup,fentanyl,effect,Moderate,1,"The sedative effect of VERSED Syrup is accentuated by any concomitantly administered medication which depresses the central nervous system, particularly narcotics (eg, morphine, meperidine and fentanyl), propofol, ketamine, nitrous oxide, secobarbital and droperidol."
prazosin,ProAmatine,effect,Moderate,1,"ProAmatine. Alpha-adrenergic blocking agents, such as prazosin, terazosin, and doxazosin, can antagonize the effects of ProAmatine. Potential for Drug Interactions: It appears possible, although there is no supporting experimental evidence, that the high renal clearance of desglymidodrine (a base) i"
Mecamylamine,alcohol,effect,Moderate,1,"The action of Mecamylamine may be potentiated by anesthesia, other antihypertensive drugs and alcohol."
erythromycin,penicillins,effect,Moderate,1,"Concurrent administration of bacteriostatic antibiotics (e.g., erythromycin, tetracycline) may diminish the bactericidal effects of penicillins by slowing the rate of bacterial growth."
SKELID,calcium,mechanism,High,1,"The bioavailability of SKELID is decreased 80% by calcium, when calcium and SKELID are administered at the same time, and 60% by some aluminum- or magnesium-containing antacids, when administered 1 hour before SKELID."
paricalcitol,nefazodone,advise,Moderate,1,"A multiple dose drug-drug interaction study demonstrated that ketoconazole approximately doubled paricalcitol AUC0-   . Since paricalcitol is partially metabolized by CYP3A and ketoconazole le is known to be a strong inhibitor of cytochrome P450 3A enzyme, care should be taken while dosing paricalci"
TOBI,(beta)-agonists,effect,Moderate,1,"In clinical studies of TOBI, patients taking TOBI concomitantly with dornase alfa (PULMOZYME   , Genentech), (beta)-agonists, inhaled corticosteroids, other anti-pseudomonal antibiotics, or parenteral aminoglycosides demonstrated adverse experience profiles similar to the study population as a whole"
Ropivacaine,anesthetics,advise,Moderate,1,"Ropivacaine should be used with caution in patients receiving other local anesthetics or agents structurally related to amide-type local anesthetics, since the toxic effects of these drugs are additive."
midazolam,calcium channel antagonists,advise,Moderate,1,"Drug Interactions: Inhibitors of CYP3A4 Isozymes: Caution is advised when midazolam is administered concomitantly with drugs that are known to inhibit the cytochrome P450 3A4 enzyme system (ie, some drugs in the drug classes of azole antimycotics, protease inhibitors, calcium channel antagonists, an"
TRENTAL,theophylline,mechanism,High,1,Concomitant administration of TRENTAL and theophylline-containing drugs leads to increased theophylline levels and theophylline toxicity in some individuals.
Fluconazole,levonorgestrel,mechanism,High,2,"While there is evidence that fluconazole can inhibit the metabolism of ethinyl estradiol and levonorgestrel, there is no evidence that fluconazole is a net inducer of ethinyl estradiol or levonorgestrel metabolism."
pantoprazole,warfarin,effect,Moderate,1,"There have been postmarketing reports of increased INR and prothrombin time in patients receiving proton pump inhibitors, including pantoprazole, and warfarin concomitantly."
EVISTA,ibuprofen,advise,Moderate,1,"Caution should be used when EVISTA is coadministered with other highly protein-bound drugs, such as clofibrate, indomethacin, naproxen, ibuprofen, diazepam, and diazoxide."
Ritalin,phenylbutazone,mechanism,High,1,"Human pharmacologic studies have shown that Ritalin may inhibit the metabolism of coumarin anticoagulants, anticonvulsants (phenobarbital, diphenylhydantoin, primidone), phenylbutazone, and tricyclic drugs (imipramine, clomipramine, desipramine)."
Methscopolamine,absorbent-type anti-diarrhea medicines,int,Low,1,"Methscopolamine may interact with antidepressants (tricyclic type), MAO inhibitors (e.g., phenelzine, linezolid, tranylcypromine, isocarboxazid, selegiline, furazolidone), quinidine, amantadine, antihistamines (e.g., diphenhydramine), other anticholinergics, potassium chloride supplements, antacids,"
guanethidine,phenothiazines,effect,Moderate,1,Antihypertensive effects of guanethidine and related compounds may be counteracted when phenothiazines are used concomitantly.
diazepam,mirtazapine,mechanism,High,1,"Accordingly, patients should be advised to avoid alcohol while taking REMERON SolTab. Diazepam: Concomitant administration of diazepam (15 mg) had a minimal effect on plasma levels of mirtazapine (15 mg) in 12 healthy subjects."
hypoglycemic,SOMAVERT,advise,Moderate,1,Acromegalic patients with diabetes mellitus being treated with insulin and/or oral hypoglycemic agents may require dose reductions of these therapeutic agents after the initiation of therapy with SOMAVERT.
tacrolimus,fluconazole,effect,Moderate,2,Tacrolimus: There have been reports of nephrotoxicity in patients to whom fluconazole and tacrolimus were coadministered.
thioxanthenes,MIRAPEX,effect,Moderate,1,"Dopamine antagonists: Since pramipexole is a dopamine agonist, it is possible that dopamine antagonists, such as the neuroleptics (phenothiazines, butyrophenones, thioxanthenes) or metoclopramide, may diminish the effectiveness of MIRAPEX."
Ketoconazole,tolterodine,mechanism,High,1,"CYP3A4 Inhibitors: Ketoconazole, an inhibitor of the drug metabolizing enzyme CYP3A4, significantly increased plasma concentrations of tolterodine when coadministered to subjects who were poor metabolizers (see CLINICAL PHARMACOLOGY, Variability in Metabolism and Drug-Drug Interactions)."
oxymorphone,propofol,effect,Moderate,1,It has been reported that the incidence of bradycardia was increased when oxymorphone was combined with propofol for induction of anesthesia.
methysergide,sumatriptan,advise,Moderate,1,"Because there is a theoretical basis that these effects may be additive, use of ergotamine-containing or ergot-type medications (like dihydroergotamine or methysergide) and sumatriptan within 24 hours of each other should be avoided."
metoclopramide,insulin,advise,Moderate,1,"Because the action of metoclopramide will influence the delivery of food to the intestines and thus the rate of absorption, insulin dosage or timing of dosage may require adjustment."
MEPERIDINE,TRICYCLIC ANTIDEPRESSANTS,advise,Moderate,1,"Interaction with Other Central Nervous System Depressants: MEPERIDINE SHOULD BE USED WITH GREAT CAUTION AND IN REDUCED DOSAGE IN PATIENTS WHO ARE CONCURRENTLY RECEIVING OTHER NARCOTIC ANALGESICS, GENERAL ANESTHETICS, PHENOTHIAZINES, OTHER TRANQUILIZERS, SEDATIVE-HYPNOTICS (INCLUDING BARBITURATES), T"
VERSED Syrup,narcotics,effect,Moderate,1,"The sedative effect of VERSED Syrup is accentuated by any concomitantly administered medication which depresses the central nervous system, particularly narcotics (eg, morphine, meperidine and fentanyl), propofol, ketamine, nitrous oxide, secobarbital and droperidol."
EVISTA,diazoxide,advise,Moderate,1,"Caution should be used when EVISTA is coadministered with other highly protein-bound drugs, such as clofibrate, indomethacin, naproxen, ibuprofen, diazepam, and diazoxide."
phenobarbital,montelukast,advise,Moderate,2,"It is reasonable to employ appropriate clinical monitoring when potent cytochrome P450 enzyme inducers, such as phenobarbital or rifampin, are co-administered with montelukast."
metoclopramide,hypnotics,effect,Moderate,1,"Additive sedative effects can occur when metoclopramide is given with alcohol, sedatives, hypnotics, narcotics, or tranquilizers."
roxithromycin,astemizole,advise,Moderate,1,"Although such a reaction has not been demonstrated with roxithromycin, concomitant administration of roxithromycin with terfenadine or astemizole is not recommended."
clarithromycin,terfenadine,advise,Moderate,2,"Concomitant administration of terfenadine with clarithromycin, erythromycin, or troleandomycin is contraindicated: Pending full characterization of potential interactions, concomitant administration of terfenadine with other macrolide antibiotics, including azithromycin, is not recommended."
TOBI,mannitol,advise,Moderate,1,"TOBI should not be administered concomitantly with ethacrynic acid, furosemide, urea, or mannitol."
Methscopolamine,phenelzine,int,Low,1,"Methscopolamine may interact with antidepressants (tricyclic type), MAO inhibitors (e.g., phenelzine, linezolid, tranylcypromine, isocarboxazid, selegiline, furazolidone), quinidine, amantadine, antihistamines (e.g., diphenhydramine), other anticholinergics, potassium chloride supplements, antacids,"
metoclopramide,Permax,advise,Moderate,1,"Dopamine antagonists, such as the neuroleptics (phenothiazines, butyrophenones, thioxanthines ) or metoclopramide, ordinarily should not be administered concurrently with Permax (a dopamine agonist);"
metoclopramide,acetaminophen,mechanism,High,1,"Absorption of drugs from the stomach may be diminished (e.g., digoxin) by metoclopramide, whereas the rate and/or extent of absorption of drugs from the small bowel may be increased (e.g., acetaminophen, tetracycline, levodopa, ethanol, cyclosporine)."
Thiazides,antihypertensive drugs,effect,Moderate,1,Thiazides may add to or potentiate the action of other antihypertensive drugs.
Methysergide,narcotic analgesics,effect,Moderate,1,Methysergide may reverse the analgesic activity of narcotic analgesics.
TOBI,ethacrynic acid,advise,Moderate,1,"TOBI should not be administered concomitantly with ethacrynic acid, furosemide, urea, or mannitol."
GSLS,inactivated AI vaccines,effect,Moderate,1,"In experiment 2, the same regimen of GSLS was administered to chickens inoculated with inactivated AI vaccines, and an enhanced serum antibody response to AI vaccination was also observed."
TOBI,furosemide,advise,Moderate,1,"TOBI should not be administered concomitantly with ethacrynic acid, furosemide, urea, or mannitol."
Moxifloxacin,sucralfate,mechanism,High,1,Moxifloxacin and Lomefloxacin reacts faster with sucralfate and gelusil in acidic media whereas with erythromycin in basic media and multi-minerals in neutral media.
Trilostane,mitotane,int,Low,1,Trilostane may interact with aminoglutethimide or mitotane (causing too great a decrease in adrenal function).
SUTENT,rifabutin,mechanism,High,1,"Co-administration of SUTENT with inducers of the CYP3A4 family (e.g., dexamethasone, phenytoin, carbamazepine, rifampin, rifabutin, rifapentin, phenobarbital, St. Johns Wort) may decrease sunitinib concentrations."
Cholestyramine,EVISTA,advise,Moderate,1,Cholestyramine: Cholestyramine causes a 60% reduction in the absorption and enterohepatic cycling of raloxifene and should not be coadministered with EVISTA.
phenytoin,ondansetron,mechanism,High,2,"Phenytoin, Carbamazepine, and Rifampicin: In patients treated with potent inducers of CYP3A4 (i.e., phenytoin, carbamazepine, and rifampicin), the clearance of ondansetron was significantly increased and ondansetron blood concentrations were decreased."
morphine,psychotropic drugs,effect,Moderate,1,"Use with Other Central Nervous System Depressants: The depressant effects of morphine are potentiated by the presence of other CNS depressants such as alcohol, sedatives, antihistaminics, or psychotropic drugs."
furosemide,MOBIC,advise,Moderate,1,"Nevertheless, during concomitant therapy with furosemide and MOBIC, patients should be observed closely for signs of declining renal function, as well as to assure diuretic efficacy."
paricalcitol,voriconazole,advise,Moderate,1,"A multiple dose drug-drug interaction study demonstrated that ketoconazole approximately doubled paricalcitol AUC0-   . Since paricalcitol is partially metabolized by CYP3A and ketoconazole le is known to be a strong inhibitor of cytochrome P450 3A enzyme, care should be taken while dosing paricalci"
mirtazapine,warfarin,effect,Moderate,2,"Warfarin users who initiated citalopram, fluoxetine, paroxetine, amitriptyline, or mirtazapine had an increased risk of hospitalization for gastrointestinal bleeding."
Methergine,ergot alkaloids,advise,Moderate,1,Caution should be exercised when Methergine    (methylergonovine maleate) is used concurrently with other vasoconstrictors or ergot alkaloids.
Mequitazine,MAOIs,int,Low,1,"Mequitazine can interact with CNS depressant, antichlolinergic, TCA, MAOIs, and alcohol."
sympathomimetic pressor amines,MAOI,effect,Moderate,2,MAO Inhibitors - The pressor effect of sympathomimetic pressor amines is markedly potentiated in patients receiving monoamine oxidase inhibitors (MAOI).
Ticlopidine,ketamine,mechanism,High,1,"Ticlopidine treatment increased the mean area under the plasma concentration-time curve extrapolated to infinity (AUC(0-   )) of oral ketamine by 2.4-fold, whereas itraconazole treatment did not increase the exposure to S-ketamine."
Thiamine,Stavudine,int,Low,1,"Interactions for Vitamin B1 (Thiamine):  Loop Diuretics, Oral Contraceptives, Stavudine, Tricyclic Antidepressants"
paricalcitol,atazanavir,advise,Moderate,1,"A multiple dose drug-drug interaction study demonstrated that ketoconazole approximately doubled paricalcitol AUC0-   . Since paricalcitol is partially metabolized by CYP3A and ketoconazole le is known to be a strong inhibitor of cytochrome P450 3A enzyme, care should be taken while dosing paricalci"
alcohol,REMERON SolTab,advise,Moderate,1,"Accordingly, patients should be advised to avoid alcohol while taking REMERON SolTab. Diazepam: Concomitant administration of diazepam (15 mg) had a minimal effect on plasma levels of mirtazapine (15 mg) in 12 healthy subjects."
Ritalin,guanethidine,effect,Moderate,1,Ritalin may decrease the hypotensive effect of guanethidine.
Methscopolamine,furazolidone,int,Low,1,"Methscopolamine may interact with antidepressants (tricyclic type), MAO inhibitors (e.g., phenelzine, linezolid, tranylcypromine, isocarboxazid, selegiline, furazolidone), quinidine, amantadine, antihistamines (e.g., diphenhydramine), other anticholinergics, potassium chloride supplements, antacids,"
Hyaluronidase,procaine hydrochloride,mechanism,High,1,"Hyaluronidase: Hyaluronidase may increase the diffusion rate of procaine hydrochloride, resulting in a decreased time of onset, but an increase in systemic toxicity."
NSAIDs,ALIMTA,advise,Moderate,2,"Patients with mild to moderate renal insufficiency should avoid taking NSAIDs with short elimination half-lives for a period of 2 days before, the day of, and 2 days following administration of ALIMTA."
Melatonin,fluvoxamine,int,Low,1,"Melatonin may interact with the following drugs: aspirin and other NSAIDs (may lower melatonin levels), fluvoxamine (bioavailability of oral melatonin is increased with coadministration), beta blockers (may decrease melatonin levels), fluoxetine (reports of psychotic episodes when coadministered), p"
MIVACRON,glucocorticoids,effect,Moderate,1,"The neuromuscular blocking effect of MIVACRON may be enhanced by drugs that reduce plasma cholinesterase activity (e.g., chronically administered oral contraceptives, glucocorticoids, or certain monoamine oxidase inhibitors) or by drugs that irreversibly inhibit plasma cholinesterase . Resistance to"
opioids,pegvisomant,mechanism,High,1,"In clinical studies, patients on opioids often needed higher serum pegvisomant concentrations to achieve appropriate IGF-I suppression compared with patients not receiving opioids."
PURINETHOL,Thioguanine,effect,Moderate,1,There is usually complete cross-resistance between PURINETHOL (mercaptopurine) and TABLOID brand Thioguanine.
levothyroxine,simeticone,int,Low,1,The authors report the case of an infant with confirmed congenital hypothyroidism on levothyroxine who experienced a possible drug interaction with simeticone.
antacid,ranitidine,mechanism,High,1,Coadministration with a high dose of antacid (170 mEq) results in a 28% decrease in plasma concentrations of ranitidine and may decrease plasma concentrations of bismuth from TRITEC.
SYMLIN,human insulin,mechanism,High,1,"Mixing SYMLIN and Insulin The pharmacokinetic parameters of SYMLIN were altered when mixed with regular, NPH, and 70/30 premixed formulations of recombinant human insulin immediately prior to injection."
morphine,sedatives,effect,Moderate,1,"Use with Other Central Nervous System Depressants: The depressant effects of morphine are potentiated by the presence of other CNS depressants such as alcohol, sedatives, antihistaminics, or psychotropic drugs."
Anabolic steroids,anticoagulants,effect,Moderate,1,Anticoagulants Anabolic steroids may increase sensitivity to oral anticoagulants.
Probenecid,meropenem,advise,Moderate,2,"Therefore, the coadministration of probenecid with meropenem is not recommended."
miconazole,terfenadine,advise,Moderate,1,"Due to the chemical similarity of other azole-type antifungal agents (including fluconazole, metronidazole, and miconazole) to ketoconazole, and itraconazole, concomitant use of these products with terfenadine is not recommended pending full examination of potential interactions."
Scopolamine,alcohol,advise,Moderate,1,"Scopolamine should be used with care in patients taking other drugs that are capable of causing CNS effects such as sedatives, tranquilizers, or alcohol."
SUTENT,clarithromycin,mechanism,High,1,"Co-administration of SUTENT with strong inhibitors of the CYP3A4 family (e.g., ketoconazole, itraconazole, clarithromycin, atazanavir, indinavir, nefazodone, nelfinavir, ritonavir, saquinavir, telithromycin, voriconizole) may increases sunitinib concentrations."
Moxifloxacin,erythromycin,mechanism,High,1,Moxifloxacin and Lomefloxacin reacts faster with sucralfate and gelusil in acidic media whereas with erythromycin in basic media and multi-minerals in neutral media.
SYMLIN,atropine,advise,Moderate,1,"Due to its effects on gastric emptying, SYMLIN therapy should not be considered for patients taking drugs that alter gastrointestinal motility (e.g., anticholinergic agents such as atropine) and agents that slow the intestinal absorption of nutrients (e.g., alpha glucosidase inhibitors)."
metronidazole,terfenadine,advise,Moderate,1,"Due to the chemical similarity of other azole-type antifungal agents (including fluconazole, metronidazole, and miconazole) to ketoconazole, and itraconazole, concomitant use of these products with terfenadine is not recommended pending full examination of potential interactions."
TOBI,corticosteroids,effect,Moderate,1,"In clinical studies of TOBI, patients taking TOBI concomitantly with dornase alfa (PULMOZYME   , Genentech), (beta)-agonists, inhaled corticosteroids, other anti-pseudomonal antibiotics, or parenteral aminoglycosides demonstrated adverse experience profiles similar to the study population as a whole"
Mitotane,warfarin,mechanism,High,1,"Mitotane has been reported to accelerate the metabolism of warfarin by the mechanism of hepatic microsomal enzyme induction, leading to an increase in dosage requirements for warfarin."
mazindol,Parnate,advise,Moderate,1,"You cannot take mazindol if you have taken a monoamine oxidase inhibitor (MAOI) such as isocarboxazid (Marplan), tranylcypromine (Parnate), or phenelzine (Nardil) in the last 14 days."
TRENTAL,platelet aggregation inhibitors,effect,Moderate,1,"Although a causal relationship has not been established, there have been reports of bleeding and/or prolonged prothrombin time in patients treated with TRENTAL with and without anticoagulants or platelet aggregation inhibitors."
doxazosin,ProAmatine,effect,Moderate,1,"ProAmatine. Alpha-adrenergic blocking agents, such as prazosin, terazosin, and doxazosin, can antagonize the effects of ProAmatine. Potential for Drug Interactions: It appears possible, although there is no supporting experimental evidence, that the high renal clearance of desglymidodrine (a base) i"
SUTENT,itraconazole,mechanism,High,1,"Co-administration of SUTENT with strong inhibitors of the CYP3A4 family (e.g., ketoconazole, itraconazole, clarithromycin, atazanavir, indinavir, nefazodone, nelfinavir, ritonavir, saquinavir, telithromycin, voriconizole) may increases sunitinib concentrations."
dihydroergotamine,ProAmatine,effect,Moderate,1,"The use of drugs that stimulate alpha-adrenergic receptors (e.g., phenylephrine, pseudoephedrine, ephedrine, phenylpropanolamine or dihydroergotamine) may enhance or potentiate the pressor effects of ProAmatine   . Therefore, caution should be used when ProAmatine    is administered concomitantly wi"
Isopto Carbachol,suprofen,effect,Moderate,1,"Other eye drops or medications such as acetylcholine chloride (Miochol) and carbachol (Carboptic, Isopto Carbachol) may decrease the effects of suprofen ophthalmic."
Vitamin B1,Tricyclic Antidepressants,int,Low,1,"Interactions for Vitamin B1 (Thiamine):  Loop Diuretics, Oral Contraceptives, Stavudine, Tricyclic Antidepressants"
Mephenytoin,warfarin,effect,Moderate,1,"Mephenytoin may also affect the effects of other drugs, which include some steroid medications, warfarin, certain heart medicines, birth control pills, anti-infective medicines, furosemide and theophylline Please note that Mephenytoin may interact with other drugs that are not listed here."
heparin,TNKase,effect,Moderate,1,"Anticoagulants (such as heparin and vitamin K antagonists) and drugs that alter platelet function (such as acetylsalicylic acid, dipyridamole, and GP IIb/IIIa inhibitors) may increase the risk of bleeding if administered prior to, during, or after TNKase therapy."
digitalis,sympathomimetic amines,effect,Moderate,1,"ARAMINE should be used with caution in digitalized patients, since the combination of digitalis and sympathomimetic amines may cause ectopic arrhythmias."
midazolam,protease inhibitors,advise,Moderate,1,"Drug Interactions: Inhibitors of CYP3A4 Isozymes: Caution is advised when midazolam is administered concomitantly with drugs that are known to inhibit the cytochrome P450 3A4 enzyme system (ie, some drugs in the drug classes of azole antimycotics, protease inhibitors, calcium channel antagonists, an"
ABT-737,DZNep,effect,Moderate,2,"We also found that Bcl-2 was overexpressed in DZNep insensitive cells, and cotreatment with DZNep and ABT-737, a Bcl-2 family inhibitor, synergistically inhibited growth and induced apoptosis of DZNep insensitive MM cells."
Cholestyramine,raloxifene,mechanism,High,1,Cholestyramine: Cholestyramine causes a 60% reduction in the absorption and enterohepatic cycling of raloxifene and should not be coadministered with EVISTA.
mexiletine,fluvoxamine,mechanism,High,1,"In a formal, single-dose interaction study (n = 6 males) the clearance of mexiletine was decreased by 38% following the coadministration of fluvoxamine, an inhibitor of CYP1A2."
AAV2,chondroitin ABC lyase,effect,Moderate,1,AAV2-mediated retinal transduction is improved by co-injection of heparinase III or chondroitin ABC lyase.
fluconazole,astemizole,mechanism,High,1,Astemizole: The use of fluconazole in patients concurrently taking astemizole or other drugs metabolized by the cytochrome P450 system may be associated with elevations in serum levels of these drugs.
midazolam,macrolide antibiotics,advise,Moderate,1,"Drug Interactions: Inhibitors of CYP3A4 Isozymes: Caution is advised when midazolam is administered concomitantly with drugs that are known to inhibit the cytochrome P450 3A4 enzyme system (ie, some drugs in the drug classes of azole antimycotics, protease inhibitors, calcium channel antagonists, an"
mercaptopurine,TABLOID,effect,Moderate,1,There is usually complete cross-resistance between PURINETHOL (mercaptopurine) and TABLOID brand Thioguanine.
Mitotane,coumarin-type anticoagulants,advise,Moderate,1,"Therefore, physicians should closely monitor patients for a change in anticoagulant dosage requirements when administering Mitotane to patients on coumarin-type anticoagulants."
phenytoin,Mexitil,mechanism,High,1,"When phenytoin or other hepatic enzyme inducers such as rifampin and phenobarbital have been taken concurrently with Mexitil   , lowered Mexitil    plasma levels have been reported."
PURINETHOL,TABLOID,effect,Moderate,1,There is usually complete cross-resistance between PURINETHOL (mercaptopurine) and TABLOID brand Thioguanine.
anticholinergic drugs,sympathomimetic agents,effect,Moderate,1,"The following agents may increase certain actions or side effects of anticholinergic drugs: amantadine, antiarrhythmic agents of class I (e.g., quinidine), antihistamines, antipsychotic agents (e.g., phenothiazines), benzodiazepines, MAO inhibitors, narcotic analgesics (e.g., meperidine), nitrates a"
Sulfoxone,tolbutamide,effect,Moderate,1,"Sulfoxone may increase the effects of barbiturates, tolbutamide, and uricosurics."
AAV2,heparinase III,effect,Moderate,1,AAV2-mediated retinal transduction is improved by co-injection of heparinase III or chondroitin ABC lyase.
anticholinergic drugs,antipsychotic agents,effect,Moderate,1,"The following agents may increase certain actions or side effects of anticholinergic drugs: amantadine, antiarrhythmic agents of class I (e.g., quinidine), antihistamines, antipsychotic agents (e.g., phenothiazines), benzodiazepines, MAO inhibitors, narcotic analgesics (e.g., meperidine), nitrates a"
VERSED Syrup,morphine,effect,Moderate,1,"The sedative effect of VERSED Syrup is accentuated by any concomitantly administered medication which depresses the central nervous system, particularly narcotics (eg, morphine, meperidine and fentanyl), propofol, ketamine, nitrous oxide, secobarbital and droperidol."
tetracycline,penicillins,effect,Moderate,1,"Concurrent administration of bacteriostatic antibiotics (e.g., erythromycin, tetracycline) may diminish the bactericidal effects of penicillins by slowing the rate of bacterial growth."
Myfortic,antacids,advise,Moderate,1,It is recommended that Myfortic and antacids not be administered simultaneously.
Streptokinase,antiplatelet agents,effect,Moderate,1,"Use of Anticoagulants and Antiplatelet Agents -- Streptase, Streptokinase, alone or in combination with antiplatelet agents and anticoagulants, may cause bleeding complications."
chlorpropamide,pramipexole,mechanism,High,1,"Other drugs eliminated via renal secretion: Population pharmacokinetic analysis suggests that coadministration of drugs that are secreted by the cationic transport system (e.g., cimetidine, ranitidine, diltiazem, triamterene, verapamil, quinidine, and quinine) decreases the oral clearance of pramipe"
caffeine,Mexitil,mechanism,High,1,"Additionally, in one controlled study in five normal subjects and seven patients, the clearance of caffeine was decreased 50% following the administration of Mexitil   ."
Sanctura,vancomycin,mechanism,High,1,"Drugs Eliminated by Active Tubular Secretion: Although studies to assess drug-drug interactions with Sanctura have not been conducted, Sanctura has the potential for pharmacokinetic interactions with other drugs that are eliminated by active tubular secretion (e.g. digoxin, procainamide, pancuronium"
MEPERIDINE,CNS DEPRESSANTS,advise,Moderate,1,"Interaction with Other Central Nervous System Depressants: MEPERIDINE SHOULD BE USED WITH GREAT CAUTION AND IN REDUCED DOSAGE IN PATIENTS WHO ARE CONCURRENTLY RECEIVING OTHER NARCOTIC ANALGESICS, GENERAL ANESTHETICS, PHENOTHIAZINES, OTHER TRANQUILIZERS, SEDATIVE-HYPNOTICS (INCLUDING BARBITURATES), T"
Mequitazine,alcohol,int,Low,1,"Mequitazine can interact with CNS depressant, antichlolinergic, TCA, MAOIs, and alcohol."
ketoconazole,mometasone furoate,mechanism,High,1,"However, ketoconazole, a potent inhibitor of cytochrome P450 3A4, may increase plasma levels of mometasone furoate during concomitant dosing."
metoclopramide,narcotics,effect,Moderate,1,"Additive sedative effects can occur when metoclopramide is given with alcohol, sedatives, hypnotics, narcotics, or tranquilizers."
levomepromazine,barbiturates,effect,Moderate,1,Additive sedative effects and confusional states may emerge if levomepromazine is given with benzodiazepines or barbiturates.
metoclopramide,monoamine oxi-dase inhibitors,advise,Moderate,1,"The finding that metoclopramide releases catecholamines in patients with essential hypertension suggests that it should be used cautiously, if at all, in patients receiving monoamine oxi-dase inhibitors."
aspirin,methazolamide,advise,Moderate,1,"Caution is advised for patients receiving high-dose aspirin and methazolamide concomitantly, as anorexia, tachypnea, lethargy, coma and death have been reported with concomitant use of high-dose aspirin and carbonic anhydrase inhibitors."
gemfibrozil,rosiglitazone,mechanism,High,1,An inhibitor of CYP2C8 (such as gemfibrozil) may increase the AUC of rosiglitazone and an inducer of CYP2C8 (such as rifampin) may decrease the AUC of rosiglitazone.
clarithromycin,DETROL LA,advise,Moderate,1,"For patients receiving ketoconazole or other potent CYP3A4 inhibitors such as other azole antifungals (eg, itraconazole, miconazole) or macrolide antibiotics (eg, erythromycin, clarithromycin) or cyclosporine or vinblastine, the recommended dose of DETROL LA is 2 mg daily."
nondepolarizing agents,sodium colistimethate,int,Low,1,"Other drugs which may enhance the neuromuscular blocking action of nondepolarizing agents such as MIVACRON include certain antibiotics (e.g., aminoglycosides, tetracyclines, bacitracin, polymyxins, lincomycin, clindamycin, colistin, and sodium colistimethate), magnesium salts, lithium, local anesthe"
MIVACRON,sodium colistimethate,int,Low,1,"Other drugs which may enhance the neuromuscular blocking action of nondepolarizing agents such as MIVACRON include certain antibiotics (e.g., aminoglycosides, tetracyclines, bacitracin, polymyxins, lincomycin, clindamycin, colistin, and sodium colistimethate), magnesium salts, lithium, local anesthe"
warfarin,FLOMAX,advise,Moderate,1,"Therefore, caution should be exercised with concomitant administration of warfarin and FLOMAX capsules."
terfenadine,azithromycin,advise,Moderate,1,"Concomitant administration of terfenadine with clarithromycin, erythromycin, or troleandomycin is contraindicated: Pending full characterization of potential interactions, concomitant administration of terfenadine with other macrolide antibiotics, including azithromycin, is not recommended."
alcohol,pentazocine,advise,Moderate,1,"Usage with Alcohol: Due to the potential for increased CNS depressants effects, alcohol should be used with caution in patients who are currently receiving pentazocine."
Myfortic,activated charcoal,advise,Moderate,1,"Therefore, do not administer Myfortic with cholestyramine or other agents that may interfere with enterohepatic recirculation or drugs that may bind bile acids, for example bile acid sequestrates or oral activated charcoal, because of the potential to reduce the efficacy of Myfortic."
buprenorphine,opioid agonist analgesic,advise,Moderate,1,"Interaction with Mixed Agonist/Antagonist Opioid Analgesics: Agonist/antagonist analgesics (i.e., pentazocine, nalbuphine, butorphanol, or buprenorphine) should NOT be administered to patients who have received or are receiving a course of therapy with a proof opioid agonist analgesic."
insulin,mazindol,advise,Moderate,1,Changes in insulin and other diabetes drug therapies may be necessary during treatment with mazindol.
acetylsalicylic acid,TNKase,effect,Moderate,1,"Anticoagulants (such as heparin and vitamin K antagonists) and drugs that alter platelet function (such as acetylsalicylic acid, dipyridamole, and GP IIb/IIIa inhibitors) may increase the risk of bleeding if administered prior to, during, or after TNKase therapy."
neuroleptics,MIRAPEX,effect,Moderate,1,"Dopamine antagonists: Since pramipexole is a dopamine agonist, it is possible that dopamine antagonists, such as the neuroleptics (phenothiazines, butyrophenones, thioxanthenes) or metoclopramide, may diminish the effectiveness of MIRAPEX."
oxybutynin,anticholinergic drugs,effect,Moderate,1,"The concomitant use of oxybutynin with other anticholinergic drugs or with other agents which produce dry mouth, constipation, somnolence (drowsiness), and/or other anticholinergic-like effects may increase the frequency and/or severity of such effects."
REMERON,alcohol,effect,Moderate,1,"However, the impairment of cognitive and motor skills produced by REMERON    were shown to be additive with those produced by alcohol."
FELDENE,aspirin,mechanism,High,1,"Plasma levels of piroxicam are depressed to approximately 80% of their normal values when FELDENE is administered in conjunction with aspirin (3900 mg/day), but concomitant administration of antacids has no effect on piroxicam plasma levels . Nonsteroidal anti-inflammatory agents, including FELDENE,"
selegiline,meperidine,effect,Moderate,1,"The occurrence of stupor, muscular rigidity, severe agitation, and elevated temperature has been reported in some patients receiving the combination of selegiline and meperidine."
pimozide,macrolide antibacterials,mechanism,High,1,"- Cisapride, pimozide: Other drugs such as cisapride or pimozide, which are metabolised by hepatic CYP3A isozymes have been associated with QT interval prolongation and/or cardiac arrythmias (typically torsades de pointe) as a result of increase in their serum level subsequent to interaction with si"
Sulfamethizole,uricosurics,effect,Moderate,1,"Sulfamethizole may increase the effects of barbiturates, tolbutamide, and uricosurics."
Posicor,astemizole,mechanism,High,1,"Posicor inhibits some of the liver's ability to metabolize some other drugs - terfenadine, astemizole, cisapride, cyclosporine, and tricyclic antidepressants."
Non-Steroidal Anti-Inflammatory Drugs,MYKROX,effect,Moderate,1,Salicylates and Other Non-Steroidal Anti-Inflammatory Drugs: May decrease the antihypertensive effects of MYKROX Tablets.
quinidine,pramipexole,mechanism,High,1,"Other drugs eliminated via renal secretion: Population pharmacokinetic analysis suggests that coadministration of drugs that are secreted by the cationic transport system (e.g., cimetidine, ranitidine, diltiazem, triamterene, verapamil, quinidine, and quinine) decreases the oral clearance of pramipe"
itraconazole,oxybutynin,mechanism,High,1,"Other inhibitors of the cytochrome P450 3A4 enzyme system, such as antimycotic agents (e.g., itraconazole and miconazole) or macrolide antibiotics (e.g., erythromycin and clarithromycin), may alter oxybutynin mean pharmacokinetic parameters (i.e., Cmax and AUC)."
Diuretic,tubocurarine,effect,Moderate,1,Curariform Drugs: Diuretic-induced hypokalemia may enhance neuromuscular blocking effects of curariform drugs (such as tubocurarine) the most serious effect would be respiratory depression which could proceed to apnea.
Melatonin,benzodiazepenes,int,Low,1,"Melatonin may interact with the following drugs: aspirin and other NSAIDs (may lower melatonin levels), fluvoxamine (bioavailability of oral melatonin is increased with coadministration), beta blockers (may decrease melatonin levels), fluoxetine (reports of psychotic episodes when coadministered), p"
ketoconazole,mifepristone,mechanism,High,1,"Although specific drug or food interactions with mifepristone have not been studied, on the basis of this drug   s metabolism by CYP 3A4, it is possible that ketoconazole, itraconazole, erythromycin, and grapefruit juice may inhibit its metabolism (increasing serum levels of mifepristone)."
fat-soluble vitamins,cholestyramine,mechanism,High,1,"Drugs that impair intestinal absorption of fat-soluble vitamins, such as cholestyramine, may interfere with the absorption of Zemplar Capsules."
dobutamine,sodium bicarbonate,int,Low,1,norepinephrine and dobutamine are incompatible with sodium bicarbonate solution.
methsuximide,phenobarbital,mechanism,High,1,"Since Celontin (methsuximide) may interact with concurrently administered antiepileptic drugs, periodic serum level determinations of these drugs may be necessary (eg methsuximide may increase the plasma concentrations of phenytoin and phenobarbital)."
anticholinergic drugs,tricyclic antidepressants,effect,Moderate,1,"The following agents may increase certain actions or side effects of anticholinergic drugs: amantadine, antiarrhythmic agents of class I (e.g., quinidine), antihistamines, antipsychotic agents (e.g., phenothiazines), benzodiazepines, MAO inhibitors, narcotic analgesics (e.g., meperidine), nitrates a"
succinylcholine,MIVACRON,advise,Moderate,1,Evidence of spontaneous recovery from succinylcholine should be observed before the administration of MIVACRON.
selegiline,sympathomimetic medication,effect,Moderate,1,One case of hypertensive crisis has been reported in a patient taking the recommended doses of selegiline and a sympathomimetic medication (ephedrine).
Phenothiazines,barbiturates,effect,Moderate,1,"Phenothiazines are capable of potentiating CNS depressants (e.g., barbiturates, anesthetics, opiates, alcohol, etc.)"
Salicylate,sulfinpyrazone,mechanism,High,1,"Salicylate competes with a number of drugs for protein binding sites, notably penicillin, thiopental, thyroxine, triiodothyronine, phenytoin, sulfinpyrazone, naproxen, warfarin, methotrexate, and possibly corticosteroids."
sulfamethizole,teniposide,mechanism,High,1,"In a study in which 34 different drugs were tested, therapeutically relevant concentrations of tolbutamide, sodium salicylate and sulfamethizole displaced protein-bound teniposide in fresh human serum to a small but significant extent."
methotrexate,teniposide,mechanism,High,1,An increase in intracellular levels of methotrexate was observed in vitro in the presence of teniposide.
anticholinergic drugs,nitrates,effect,Moderate,1,"The following agents may increase certain actions or side effects of anticholinergic drugs: amantadine, antiarrhythmic agents of class I (e.g., quinidine), antihistamines, antipsychotic agents (e.g., phenothiazines), benzodiazepines, MAO inhibitors, narcotic analgesics (e.g., meperidine), nitrates a"
carbamazepine,MIVACRON,effect,Moderate,1,"While the effects of chronic phenytoin or carbamazepine therapy on the action of MIVACRON are unknown, slightly shorter durations of neuromuscular block may be anticipated and infusion rate requirements may be higher."
Methscopolamine,quinidine,int,Low,1,"Methscopolamine may interact with antidepressants (tricyclic type), MAO inhibitors (e.g., phenelzine, linezolid, tranylcypromine, isocarboxazid, selegiline, furazolidone), quinidine, amantadine, antihistamines (e.g., diphenhydramine), other anticholinergics, potassium chloride supplements, antacids,"
hemantane,doxycycline,effect,Moderate,1,"Acute administration of hemantane or doxycycline failed to influence locomotion in mice, while their combination normalized motor activity."
MIVACRON,clindamycin,int,Low,1,"Other drugs which may enhance the neuromuscular blocking action of nondepolarizing agents such as MIVACRON include certain antibiotics (e.g., aminoglycosides, tetracyclines, bacitracin, polymyxins, lincomycin, clindamycin, colistin, and sodium colistimethate), magnesium salts, lithium, local anesthe"
VESIcare,ketoconazole,advise,Moderate,1,Do not exceed a 5 mg daily dose of VESIcare when administered with therapeutic doses of ketoconazole or other potent CYP3A4 inhibitors.
methyldopa,ferrous sulfate,mechanism,High,2,Several studies demonstrate a decrease in the bioavailability of methyldopa when it is ingested with ferrous sulfate or ferrous gluconate.
minoxidil,guanethidine,advise,Moderate,2,If at all possible guanethidine should be discontinued well before minoxidil is begun.
Vitamin B1,Loop Diuretics,int,Low,1,"Interactions for Vitamin B1 (Thiamine):  Loop Diuretics, Oral Contraceptives, Stavudine, Tricyclic Antidepressants"
Methscopolamine,linezolid,int,Low,1,"Methscopolamine may interact with antidepressants (tricyclic type), MAO inhibitors (e.g., phenelzine, linezolid, tranylcypromine, isocarboxazid, selegiline, furazolidone), quinidine, amantadine, antihistamines (e.g., diphenhydramine), other anticholinergics, potassium chloride supplements, antacids,"
GH,sex steroids,mechanism,High,1,"These data suggest that GH administration may alter the clearance of compounds known to be metabolized by CP450 liver enzymes (e.g., corticosteroids, sex steroids, anticonvulsants, cyclosporin)."
miconazole,DETROL LA,advise,Moderate,1,"For patients receiving ketoconazole or other potent CYP3A4 inhibitors such as other azole antifungals (eg, itraconazole, miconazole) or macrolide antibiotics (eg, erythromycin, clarithromycin) or cyclosporine or vinblastine, the recommended dose of DETROL LA is 2 mg daily."
Leukine,corticosteroids,effect,Moderate,1,"Drugs which may potentiate the myeloproliferative effects of Leukine, such as lithium and corticosteroids, should be used with caution."
SYMLIN,alpha glucosidase inhibitors,advise,Moderate,1,"Due to its effects on gastric emptying, SYMLIN therapy should not be considered for patients taking drugs that alter gastrointestinal motility (e.g., anticholinergic agents such as atropine) and agents that slow the intestinal absorption of nutrients (e.g., alpha glucosidase inhibitors)."
Posicor,cisapride,mechanism,High,1,"Posicor inhibits some of the liver's ability to metabolize some other drugs - terfenadine, astemizole, cisapride, cyclosporine, and tricyclic antidepressants."
phenylephrine,ProAmatine,effect,Moderate,1,"The use of drugs that stimulate alpha-adrenergic receptors (e.g., phenylephrine, pseudoephedrine, ephedrine, phenylpropanolamine or dihydroergotamine) may enhance or potentiate the pressor effects of ProAmatine   . Therefore, caution should be used when ProAmatine    is administered concomitantly wi"
antibiotics,ganglion blockers,advise,Moderate,1,Patients receiving antibiotics and sulfonamides generally should not be treated with ganglion blockers.
Salicylate,methotrexate,mechanism,High,1,"Salicylate competes with a number of drugs for protein binding sites, notably penicillin, thiopental, thyroxine, triiodothyronine, phenytoin, sulfinpyrazone, naproxen, warfarin, methotrexate, and possibly corticosteroids."
SPIRIVA,anticholinergic,advise,Moderate,1,"However, the co   administration of SPIRIVA with other anticholinergic   containing drugs (e.g., ipratropium) has not been studied and is therefore not recommended."
MIVACRON,colistin,int,Low,1,"Other drugs which may enhance the neuromuscular blocking action of nondepolarizing agents such as MIVACRON include certain antibiotics (e.g., aminoglycosides, tetracyclines, bacitracin, polymyxins, lincomycin, clindamycin, colistin, and sodium colistimethate), magnesium salts, lithium, local anesthe"
ranitidine,pramipexole,mechanism,High,1,"Other drugs eliminated via renal secretion: Population pharmacokinetic analysis suggests that coadministration of drugs that are secreted by the cationic transport system (e.g., cimetidine, ranitidine, diltiazem, triamterene, verapamil, quinidine, and quinine) decreases the oral clearance of pramipe"
anticholinergic drugs,amantadine,effect,Moderate,1,"The following agents may increase certain actions or side effects of anticholinergic drugs: amantadine, antiarrhythmic agents of class I (e.g., quinidine), antihistamines, antipsychotic agents (e.g., phenothiazines), benzodiazepines, MAO inhibitors, narcotic analgesics (e.g., meperidine), nitrates a"
Metopirone,phenytoin,mechanism,High,1,The metabolism of Metopirone is accelerated by phenytoin;
ticagrelor,aspirin,effect,Moderate,1,"The FDA has approved ticagrelor (Brilinta-AstraZeneca), an oral antiplatelet drug, for use with low-dose aspirin to reduce the rate of thrombotic cardiovascular events in patients with acute coronary syndrome (ACS)."
Thiamine,Loop Diuretics,int,Low,1,"Interactions for Vitamin B1 (Thiamine):  Loop Diuretics, Oral Contraceptives, Stavudine, Tricyclic Antidepressants"
DEMSER,alcohol,effect,Moderate,1,Concurrent use of DEMSER with alcohol or other CNS depressants can increase their sedative effects.
acetylcholine chloride,suprofen,effect,Moderate,1,"Other eye drops or medications such as acetylcholine chloride (Miochol) and carbachol (Carboptic, Isopto Carbachol) may decrease the effects of suprofen ophthalmic."
NSAIDs,thiazide diuretics,effect,Moderate,1,"Furosemide: Clinical studies, as well as post-marketing observations, have shown that NSAIDs can reduce the natriuretic effect of furosemide and thiazide diuretics in some patients."
diltiazem,pramipexole,mechanism,High,1,"Other drugs eliminated via renal secretion: Population pharmacokinetic analysis suggests that coadministration of drugs that are secreted by the cationic transport system (e.g., cimetidine, ranitidine, diltiazem, triamterene, verapamil, quinidine, and quinine) decreases the oral clearance of pramipe"
MIVACRON,contraceptives,effect,Moderate,1,"The neuromuscular blocking effect of MIVACRON may be enhanced by drugs that reduce plasma cholinesterase activity (e.g., chronically administered oral contraceptives, glucocorticoids, or certain monoamine oxidase inhibitors) or by drugs that irreversibly inhibit plasma cholinesterase . Resistance to"
methylglyoxal,piperacillin,effect,Moderate,1,Distinct and statistically significant synergism was observed between methylglyoxal and piperacillin by disc diffusion tests when compared with their individual effects.
desglymidodrine,metformin,mechanism,High,1,"ProAmatine. Alpha-adrenergic blocking agents, such as prazosin, terazosin, and doxazosin, can antagonize the effects of ProAmatine. Potential for Drug Interactions: It appears possible, although there is no supporting experimental evidence, that the high renal clearance of desglymidodrine (a base) i"
Oxandrolone,hypoglycemic agents,mechanism,High,1,Oral hypoglycemic agents Oxandrolone may inhibit the metabolism of oral hypoglycemic agents.
Streptokinase,anticoagulants,effect,Moderate,1,"Use of Anticoagulants and Antiplatelet Agents -- Streptase, Streptokinase, alone or in combination with antiplatelet agents and anticoagulants, may cause bleeding complications."
SKELAXIN,barbiturates,effect,Moderate,1,"SKELAXIN may enhance the effects of alcohol, barbiturates and other CNS depressants."
propoxyphene,alcohol,effect,Moderate,1,"The CNS-depressant effect of propoxyphene is additive with that of other CNS depressants, including alcohol."
Vitamin B1,Contraceptives,int,Low,1,"Interactions for Vitamin B1 (Thiamine):  Loop Diuretics, Oral Contraceptives, Stavudine, Tricyclic Antidepressants"
pseudoephedrine,ProAmatine,effect,Moderate,1,"The use of drugs that stimulate alpha-adrenergic receptors (e.g., phenylephrine, pseudoephedrine, ephedrine, phenylpropanolamine or dihydroergotamine) may enhance or potentiate the pressor effects of ProAmatine   . Therefore, caution should be used when ProAmatine    is administered concomitantly wi"
aspirin,Retavase,effect,Moderate,1,"In addition to bleeding associated with heparin and vitamin K antagonists, drugs that alter platelet function (such as aspirin, dipyridamole, and abciximab) may increase the risk of bleeding if administered prior to or after Retavase    therapy."
fluoxetine,endoxifen,mechanism,High,1,Paroxetine and fluoxetine reduce the plasma concentration of endoxifen by about 50%.
Sulfamethizole,tolbutamide,effect,Moderate,1,"Sulfamethizole may increase the effects of barbiturates, tolbutamide, and uricosurics."
Posicor,cyclosporine,mechanism,High,1,"Posicor inhibits some of the liver's ability to metabolize some other drugs - terfenadine, astemizole, cisapride, cyclosporine, and tricyclic antidepressants."
Pindolol,thioridazine,mechanism,High,1,Pindolol has been shown to increase serum thioridazine levels when both drugs are co-administered.
TOBI,anti-pseudomonal antibiotics,effect,Moderate,1,"In clinical studies of TOBI, patients taking TOBI concomitantly with dornase alfa (PULMOZYME   , Genentech), (beta)-agonists, inhaled corticosteroids, other anti-pseudomonal antibiotics, or parenteral aminoglycosides demonstrated adverse experience profiles similar to the study population as a whole"
Matulane,tyramine,advise,Moderate,1,"Because Matulane exhibits some monoamine oxidase inhibitory activity, sympathomimetic drugs, tricyclic antidepressant drugs (e.g., amitriptyline HCl, imipramine HCl) and other drugs and foods with known high tyramine content, such as wine, yogurt, ripe cheese and bananas, should be avoided."
sodium salicylate,teniposide,mechanism,High,1,"In a study in which 34 different drugs were tested, therapeutically relevant concentrations of tolbutamide, sodium salicylate and sulfamethizole displaced protein-bound teniposide in fresh human serum to a small but significant extent."
Terbinafine,cyclosporine,mechanism,High,1,Terbinafine increases the clearance of cyclosporine by 15%.
MYKROX,antihypertensive drugs,advise,Moderate,1,"Other Antihypertensives: When MYKROX Tablets are used with other antihypertensive drugs, care must be taken, especially during initial therapy."
Paliperidone,levodopa,effect,Moderate,1,Paliperidone may antagonize the effect of levodopa and other dopamine agonists.
Terbinafine,cimetidine,mechanism,High,1,"Terbinafine clearance is increased 100% by rifampin, a CyP450 enzyme inducer, and decreased 33% by cimetidine, a CyP450 enzyme inhibitor."
tricyclic antidepressants,triprolidine,effect,Moderate,1,"The effects of anticholinergic drugs, such as atropine and tricyclic antidepressants may be enhanced by the concomitant administration of triprolidine."
EVISTA,diazepam,advise,Moderate,1,"Caution should be used when EVISTA is coadministered with other highly protein-bound drugs, such as clofibrate, indomethacin, naproxen, ibuprofen, diazepam, and diazoxide."
digoxin,perindopril,mechanism,High,1,"Digoxin: A controlled pharmacokinetic study has shown no effect on plasma digoxin concentrations when coadministered with ACEON    Tablets, but an effect of digoxin on the plasma concentration of perindopril/perindoprilat has not been excluded."
ZOLINZA,valproic acid,effect,Moderate,1,"Other HDAC Inhibitors Severe thrombocytopenia and gastrointestinal bleeding have been reported with concomitant use of ZOLINZA and other HDAC inhibitors (e.g., valproic acid)."
DEMSER,phenothiazines,advise,Moderate,1,Caution should be observed in administering DEMSER to patients receiving phenothiazines or haloperidol because the extrapyramidal effects of these drugs can be expected to be potentiated by inhibition of catecholamine synthesis.
Phenothiazines,opiates,effect,Moderate,1,"Phenothiazines are capable of potentiating CNS depressants (e.g., barbiturates, anesthetics, opiates, alcohol, etc.)"
Warfarin,citalopram,effect,Moderate,2,"Warfarin users had an increased odds ratio of gastrointestinal bleeding upon initiation of citalopram (OR   =   1.73 [95% CI, 1.25-2.38]), fluoxetine (OR   =   1.63 [95% CI, 1.11-2.38]), paroxetine (OR   =   1.64 [95% CI, 1.27-2.12]), amitriptyline (OR   =   1.47 [95% CI, 1.02-2.11])."
celecoxib,doxorubicin,effect,Moderate,1,We found antagonism between celecoxib and the four drugs in the breast cancer cells MCF7 following all incubation schedules and between celecoxib and doxorubicin in all cell lines except for two combinations in HCT116 cells.
carbamazepine,midazolam,mechanism,High,1,"Inducers of CYP3A4 Isozymes: Cytochrome P450 inducers, such as rifampin, carbamazepine, and phenytoin, induce metabolism and caused a markedly decreased C max and AUC of oral midazolam in adult studies."
CHEMET,CaNa 2 EDTA,advise,Moderate,1,"Concomitant administration of CHEMET with other chelation therapy, such as CaNa 2 EDTA is not recommended."
thiabendazole,xanthine derivatives,advise,Moderate,1,"Therefore, when concomitant use of thiabendazole and xanthine derivatives is anticipated, it may be necessary to monitor blood levels and/or reduce the dosage of such compounds."
oxandrolone,warfarin,advise,Moderate,3,"Furthermore, in patients receiving both drugs, careful monitoring of the INR or PT, and adjustment of the warfarin dosage if indicated are recommended when the oxandrolone dose is changed or discontinued."
analgesics,SYMLIN,advise,Moderate,1,"When the rapid onset of a concomitant orally administered agent is a critical determinant of effectiveness (such as analgesics), the agent should be administered at least 1 hour prior to or 2 hours after SYMLIN injection."
Mequitazine,CNS depressant,int,Low,1,"Mequitazine can interact with CNS depressant, antichlolinergic, TCA, MAOIs, and alcohol."
anticoagulants,methimazole,effect,Moderate,1,Anticoagulants (oral): The activity of oral anticoagulants may be potentiated by anti-vitamin-K activity attributed to methimazole.
phenobarbital,mifepristone,mechanism,High,1,"John   s Wort, and certain anticonvulsants (phenytoin, phenobarbital, carbamazepine) may induce mifepristone metabolism (lowering serum levels of mifepristone)."
erythromycin,mifepristone,mechanism,High,1,"Although specific drug or food interactions with mifepristone have not been studied, on the basis of this drug   s metabolism by CYP 3A4, it is possible that ketoconazole, itraconazole, erythromycin, and grapefruit juice may inhibit its metabolism (increasing serum levels of mifepristone)."
MEPERIDINE,BARBITURATES,advise,Moderate,1,"Interaction with Other Central Nervous System Depressants: MEPERIDINE SHOULD BE USED WITH GREAT CAUTION AND IN REDUCED DOSAGE IN PATIENTS WHO ARE CONCURRENTLY RECEIVING OTHER NARCOTIC ANALGESICS, GENERAL ANESTHETICS, PHENOTHIAZINES, OTHER TRANQUILIZERS, SEDATIVE-HYPNOTICS (INCLUDING BARBITURATES), T"
Sanctura,procainamide,mechanism,High,1,"Drugs Eliminated by Active Tubular Secretion: Although studies to assess drug-drug interactions with Sanctura have not been conducted, Sanctura has the potential for pharmacokinetic interactions with other drugs that are eliminated by active tubular secretion (e.g. digoxin, procainamide, pancuronium"
mazindol,MAOI,advise,Moderate,1,"You cannot take mazindol if you have taken a monoamine oxidase inhibitor (MAOI) such as isocarboxazid (Marplan), tranylcypromine (Parnate), or phenelzine (Nardil) in the last 14 days."
Triprolidine,sedatives,effect,Moderate,1,"Triprolidine may enhance the sedative effects of central nervous system depressants including alcohol, barbiturates, hypnotics, narcotic analgesics, sedatives, and tranquillisers."
DIPRIVAN,opioids,advise,Moderate,1,"During maintenance of anesthesia or sedation, the rate of DIPRIVAN Injectable Emulsion administration should be adjusted according to the desired level of anesthesia or sedation and may be reduced in the presence of supplemental analgesic agents (eg, nitrous oxide or opioids)."
ketoconazole,DETROL LA,advise,Moderate,1,"For patients receiving ketoconazole or other potent CYP3A4 inhibitors such as other azole antifungals (eg, itraconazole, miconazole) or macrolide antibiotics (eg, erythromycin, clarithromycin) or cyclosporine or vinblastine, the recommended dose of DETROL LA is 2 mg daily."
Methscopolamine,kaolin,int,Low,1,"Methscopolamine may interact with antidepressants (tricyclic type), MAO inhibitors (e.g., phenelzine, linezolid, tranylcypromine, isocarboxazid, selegiline, furazolidone), quinidine, amantadine, antihistamines (e.g., diphenhydramine), other anticholinergics, potassium chloride supplements, antacids,"
phenytoin,midazolam,mechanism,High,1,"Inducers of CYP3A4 Isozymes: Cytochrome P450 inducers, such as rifampin, carbamazepine, and phenytoin, induce metabolism and caused a markedly decreased C max and AUC of oral midazolam in adult studies."
Melatonin,beta blockers,int,Low,1,"Melatonin may interact with the following drugs: aspirin and other NSAIDs (may lower melatonin levels), fluvoxamine (bioavailability of oral melatonin is increased with coadministration), beta blockers (may decrease melatonin levels), fluoxetine (reports of psychotic episodes when coadministered), p"
SUTENT,saquinavir,mechanism,High,1,"Co-administration of SUTENT with strong inhibitors of the CYP3A4 family (e.g., ketoconazole, itraconazole, clarithromycin, atazanavir, indinavir, nefazodone, nelfinavir, ritonavir, saquinavir, telithromycin, voriconizole) may increases sunitinib concentrations."
FLOMAX,cimetidine,advise,Moderate,1,"Therefore, FLOMAX capsules should be used with caution in combination with cimetidine, particularly at doses higher than 0.4 mg."
erythromycin,DETROL LA,advise,Moderate,1,"For patients receiving ketoconazole or other potent CYP3A4 inhibitors such as other azole antifungals (eg, itraconazole, miconazole) or macrolide antibiotics (eg, erythromycin, clarithromycin) or cyclosporine or vinblastine, the recommended dose of DETROL LA is 2 mg daily."
Methscopolamine,amantadine,int,Low,1,"Methscopolamine may interact with antidepressants (tricyclic type), MAO inhibitors (e.g., phenelzine, linezolid, tranylcypromine, isocarboxazid, selegiline, furazolidone), quinidine, amantadine, antihistamines (e.g., diphenhydramine), other anticholinergics, potassium chloride supplements, antacids,"
acetyl-l-carnitine,alpha-lipoic acid,effect,Moderate,1,"(ii) acetyl-l-carnitine elicits a significant protective effect on DEB induced toxicity, which was potentiated by  alpha-lipoic acid."
potassium-sparing diuretics,ACE inhibitors,effect,Moderate,1,"Use of potassium-sparing diuretics (spironolactone, triamterene, amiloride) or potassium supplements concomitantly with ACE inhibitors can increase the risk of hyperkalemia."
mazindol,phenelzine,advise,Moderate,1,"You cannot take mazindol if you have taken a monoamine oxidase inhibitor (MAOI) such as isocarboxazid (Marplan), tranylcypromine (Parnate), or phenelzine (Nardil) in the last 14 days."
clarithromycin,oxybutynin,mechanism,High,1,"Other inhibitors of the cytochrome P450 3A4 enzyme system, such as antimycotic agents (e.g., itraconazole and miconazole) or macrolide antibiotics (e.g., erythromycin and clarithromycin), may alter oxybutynin mean pharmacokinetic parameters (i.e., Cmax and AUC)."
Dopamine antagonists,Permax,advise,Moderate,1,"Dopamine antagonists, such as the neuroleptics (phenothiazines, butyrophenones, thioxanthines ) or metoclopramide, ordinarily should not be administered concurrently with Permax (a dopamine agonist);"
methylglyoxal,amikacin,effect,Moderate,1,Synergism was also noted when methylglyoxal was combined with carbenicillin and amikacin.
DIFLUCAN,glipizide,mechanism,High,1,"DIFLUCAN reduces the metabolism of tolbutamide, glyburide, and glipizide and increases the plasma concentration of these agents."
Methscopolamine,potassium chloride,int,Low,1,"Methscopolamine may interact with antidepressants (tricyclic type), MAO inhibitors (e.g., phenelzine, linezolid, tranylcypromine, isocarboxazid, selegiline, furazolidone), quinidine, amantadine, antihistamines (e.g., diphenhydramine), other anticholinergics, potassium chloride supplements, antacids,"
Miochol,suprofen,effect,Moderate,1,"Other eye drops or medications such as acetylcholine chloride (Miochol) and carbachol (Carboptic, Isopto Carbachol) may decrease the effects of suprofen ophthalmic."
MIVACRON,antibiotics,int,Low,1,"Other drugs which may enhance the neuromuscular blocking action of nondepolarizing agents such as MIVACRON include certain antibiotics (e.g., aminoglycosides, tetracyclines, bacitracin, polymyxins, lincomycin, clindamycin, colistin, and sodium colistimethate), magnesium salts, lithium, local anesthe"
olsalazine,thioguanine,mechanism,High,1,"As there is in vitro evidence that aminosalicylate derivatives (e.g., olsalazine, mesalazine, or sulphasalazine) inhibit the TPMT enzyme, they should be administered with caution to patients receiving concurrent thioguanine therapy."
Pilocarpine,beta adrenergic antagonists,advise,Moderate,1,Pilocarpine should be administered with caution to patients taking beta adrenergic antagonists because of the possibility of conduction disturbances.
Sanctura,anticholinergic agents,effect,Moderate,1,"The concomitant use of Sanctura with other anticholinergic agents that produce dry mouth, constipation, and other anticholinergic pharmacological effects may increase the frequency and/or severity of such effects."
fenofibrate,ezetimibe,mechanism,High,1,"Fenofibrate: In a pharmacokinetic study, concomitant fenofibrate administration increased total ezetimibe concentrations approximately 1.5-fold."
FLOMAX,alpha-adrenergic blocking agents,advise,Moderate,1,"However, interactions may be expected and FLOMAX capsules should NOT be used in combination with other alpha-adrenergic blocking agents."
selegiline,ephedrine,effect,Moderate,1,One case of hypertensive crisis has been reported in a patient taking the recommended doses of selegiline and a sympathomimetic medication (ephedrine).
GH,corticosteroids,mechanism,High,1,"These data suggest that GH administration may alter the clearance of compounds known to be metabolized by CP450 liver enzymes (e.g., corticosteroids, sex steroids, anticonvulsants, cyclosporin)."
troleandomycin,methylprednisolone,mechanism,High,1,Drugs such as troleandomycin and ketoconazole may inhibit the metabolism of methylprednisolone and thus decrease its clearance.
Posicor,terfenadine,mechanism,High,1,"Posicor inhibits some of the liver's ability to metabolize some other drugs - terfenadine, astemizole, cisapride, cyclosporine, and tricyclic antidepressants."
Thiabendazole,theophylline,mechanism,High,1,"Thiabendazole may compete with other drugs, such as theophylline, for sites of metabolism in the liver, thus elevating the serum levels of such compounds to potentially toxic levels."
CNS depression-producing drugs,methyprylon,effect,Moderate,1,Concurrent use of alcohol and other CNS depression-producing drugs may increase the CNS depressant effects of methyprylon or these other medications.
morphine,alcohol,effect,Moderate,1,"Use with Other Central Nervous System Depressants: The depressant effects of morphine are potentiated by the presence of other CNS depressants such as alcohol, sedatives, antihistaminics, or psychotropic drugs."
aspirin,MOBIC,effect,Moderate,1,"Concomitant administration of low-dose aspirin with MOBIC may result in an increased rate of GI ulceration or other complications, compared to use of MOBIC alone."
norepinephrine,sodium bicarbonate,int,Low,1,norepinephrine and dobutamine are incompatible with sodium bicarbonate solution.
terbinafine,warfarin,effect,Moderate,1,"There have been spontaneous reports of increase or decrease in prothrombin times in patients concomitantly taking oral terbinafine and warfarin, however, a causal relationship between LAMISIL    Tablets and these changes has not been established."
neuromuscular blocking agents,carbamazepine,effect,Moderate,1,"The neuromuscular blocking effect of MIVACRON may be enhanced by drugs that reduce plasma cholinesterase activity (e.g., chronically administered oral contraceptives, glucocorticoids, or certain monoamine oxidase inhibitors) or by drugs that irreversibly inhibit plasma cholinesterase . Resistance to"
TOLECTIN,warfarin,effect,Moderate,1,"However, increased prothrombin time and bleeding have been reported in patients on concomitant TOLECTIN and warfarin therapy."
Ritalin,phenobarbital,mechanism,High,1,"Human pharmacologic studies have shown that Ritalin may inhibit the metabolism of coumarin anticoagulants, anticonvulsants (phenobarbital, diphenylhydantoin, primidone), phenylbutazone, and tricyclic drugs (imipramine, clomipramine, desipramine)."
neuroleptics,morphine,effect,Moderate,1,"Use of neuroleptics in conjunction with oral morphine may increase the risk of respiratory depression, hypotension and profound sedation or coma."
DIFLUCAN,hypoglycemic agents,effect,Moderate,1,"These are described in greater detail below:  Oral hypoglycemics, Coumarin-type anticoagulants, Phenytoin, Cyclosporine, Rifampin, Theophylline, Terfenadine, Cisapride, Astemizole, Rifabutin, Tacrolimus, Short-acting benzodiazepines,  Oral hypoglycemics: Clinically significant hypoglycemia may be pr"
Methscopolamine,promethazine,int,Low,1,"Methscopolamine may interact with antidepressants (tricyclic type), MAO inhibitors (e.g., phenelzine, linezolid, tranylcypromine, isocarboxazid, selegiline, furazolidone), quinidine, amantadine, antihistamines (e.g., diphenhydramine), other anticholinergics, potassium chloride supplements, antacids,"
procaine hydrochloride,anticholinesterase agents,effect,Moderate,1,Anticholinesterases: Concurrent use of procaine hydrochloride and anticholinesterase agents may result in increased systemic toxicity since anticholinesterases inhibit the breakdown of procaine hydrochloride.
Diuretic,digitalis,effect,Moderate,1,Digitalis Glycosides: Diuretic-induced hypokalemia can increase the sensitivity of the myocardium to digitalis.
oxycodone hydrochloride,CNS depressants,effect,Moderate,1,The CNS depressant effects of oxycodone hydrochloride may be additive with that of other CNS depressants..
MAO inhibitors,pseudoephedrine,effect,Moderate,1,MAO inhibitors and beta adrenergic blockers increase the effects of pseudoephedrine.
ketoconazole,midazolam,mechanism,High,1,"Drugs such as erythromycin, diltiazem, verapamil, ketoconazole, fluconazole and itraconazole were shown to significantly increase the C max and AUC of orally administered midazolam."
Methscopolamine,chlorpromazine,int,Low,1,"Methscopolamine may interact with antidepressants (tricyclic type), MAO inhibitors (e.g., phenelzine, linezolid, tranylcypromine, isocarboxazid, selegiline, furazolidone), quinidine, amantadine, antihistamines (e.g., diphenhydramine), other anticholinergics, potassium chloride supplements, antacids,"
Sanctura,metformin,mechanism,High,1,"Drugs Eliminated by Active Tubular Secretion: Although studies to assess drug-drug interactions with Sanctura have not been conducted, Sanctura has the potential for pharmacokinetic interactions with other drugs that are eliminated by active tubular secretion (e.g. digoxin, procainamide, pancuronium"
cephalosporins,pramipexole,mechanism,High,1,"Other drugs eliminated via renal secretion: Population pharmacokinetic analysis suggests that coadministration of drugs that are secreted by the cationic transport system (e.g., cimetidine, ranitidine, diltiazem, triamterene, verapamil, quinidine, and quinine) decreases the oral clearance of pramipe"
anticholinergic drugs,meperidine,effect,Moderate,1,"The following agents may increase certain actions or side effects of anticholinergic drugs: amantadine, antiarrhythmic agents of class I (e.g., quinidine), antihistamines, antipsychotic agents (e.g., phenothiazines), benzodiazepines, MAO inhibitors, narcotic analgesics (e.g., meperidine), nitrates a"
insulin,SOMAVERT,advise,Moderate,1,Acromegalic patients with diabetes mellitus being treated with insulin and/or oral hypoglycemic agents may require dose reductions of these therapeutic agents after the initiation of therapy with SOMAVERT.
warfarin,XENICAL,advise,Moderate,1,"Therefore, as vitamin K absorption may be decreased with XENICAL, patients on chronic stable doses of warfarin who are prescribed XENICAL should be monitored closely for changes in coagulation parameters."
CYLERT,antiepileptic medications,effect,Moderate,1,Decreased seizure threshold has been reported in patients receiving CYLERT concomitantly with antiepileptic medications.
Thiamine,Contraceptives,int,Low,1,"Interactions for Vitamin B1 (Thiamine):  Loop Diuretics, Oral Contraceptives, Stavudine, Tricyclic Antidepressants"
Vindesine,Killed virus vaccines,int,Low,1,Vindesine can interact with the drugs of the following categories:  - Blood dyscrasia: can cause unpredictable myelotoxicity - Bone marrow depressants: can cause a predictable dose-related myelotoxicity - Radiation therapy: may cause marrow depression - Neurotoxic medications: can cause neurologic t
anticholinergic drugs,MAO inhibitors,effect,Moderate,1,"The following agents may increase certain actions or side effects of anticholinergic drugs: amantadine, antiarrhythmic agents of class I (e.g., quinidine), antihistamines, antipsychotic agents (e.g., phenothiazines), benzodiazepines, MAO inhibitors, narcotic analgesics (e.g., meperidine), nitrates a"
Leukine,lithium,effect,Moderate,1,"Drugs which may potentiate the myeloproliferative effects of Leukine, such as lithium and corticosteroids, should be used with caution."
GH,antipyrine,mechanism,High,1,Limited published data indicate that GH treatment increases cytochrome P450 (CP450) mediated antipyrine clearance in man.
Thalidomide,barbiturates,effect,Moderate,1,"Thalidomide has been reported to enhance the sedative activity of barbiturates, alcohol, chlorpromazine, and reserpine."
EVISTA,indomethacin,advise,Moderate,1,"Caution should be used when EVISTA is coadministered with other highly protein-bound drugs, such as clofibrate, indomethacin, naproxen, ibuprofen, diazepam, and diazoxide."
Trilostane,aminoglutethimide,int,Low,1,Trilostane may interact with aminoglutethimide or mitotane (causing too great a decrease in adrenal function).
Methscopolamine,tranylcypromine,int,Low,1,"Methscopolamine may interact with antidepressants (tricyclic type), MAO inhibitors (e.g., phenelzine, linezolid, tranylcypromine, isocarboxazid, selegiline, furazolidone), quinidine, amantadine, antihistamines (e.g., diphenhydramine), other anticholinergics, potassium chloride supplements, antacids,"
meropenem,valproic acid,mechanism,High,1,There is evidence that meropenem may reduce serum levels of valproic acid to subtherapeutic levels (therapeutic range considered to be 50 to 100    g/mL total valproate).
Methscopolamine,anticholinergics,int,Low,1,"Methscopolamine may interact with antidepressants (tricyclic type), MAO inhibitors (e.g., phenelzine, linezolid, tranylcypromine, isocarboxazid, selegiline, furazolidone), quinidine, amantadine, antihistamines (e.g., diphenhydramine), other anticholinergics, potassium chloride supplements, antacids,"
INVEGA,alcohol,advise,Moderate,1,"Given the primary CNS effects of paliperidone, INVEGA    should be used with caution in combination with other centrally acting drugs and alcohol."
Brilinta,aspirin,effect,Moderate,1,"The FDA has approved ticagrelor (Brilinta-AstraZeneca), an oral antiplatelet drug, for use with low-dose aspirin to reduce the rate of thrombotic cardiovascular events in patients with acute coronary syndrome (ACS)."
Ritalin,primidone,mechanism,High,1,"Human pharmacologic studies have shown that Ritalin may inhibit the metabolism of coumarin anticoagulants, anticonvulsants (phenobarbital, diphenylhydantoin, primidone), phenylbutazone, and tricyclic drugs (imipramine, clomipramine, desipramine)."
clotrimazole,trimetrexate,mechanism,High,1,"Based on an in vitro rat liver model, nitrogen substituted imidazole drugs (clotrimazole, ketoconazole, miconazole) were potent, non-competitive inhibitors of trimetrexate metabolism."
Salicylate,penicillin,mechanism,High,1,"Salicylate competes with a number of drugs for protein binding sites, notably penicillin, thiopental, thyroxine, triiodothyronine, phenytoin, sulfinpyrazone, naproxen, warfarin, methotrexate, and possibly corticosteroids."
Ritalin,coumarin anticoagulants,mechanism,High,1,"Human pharmacologic studies have shown that Ritalin may inhibit the metabolism of coumarin anticoagulants, anticonvulsants (phenobarbital, diphenylhydantoin, primidone), phenylbutazone, and tricyclic drugs (imipramine, clomipramine, desipramine)."
Matulane,tricyclic antidepressant,advise,Moderate,1,"Because Matulane exhibits some monoamine oxidase inhibitory activity, sympathomimetic drugs, tricyclic antidepressant drugs (e.g., amitriptyline HCl, imipramine HCl) and other drugs and foods with known high tyramine content, such as wine, yogurt, ripe cheese and bananas, should be avoided."
lithium,Neulasta,advise,Moderate,1,patients receiving lithium and Neulasta should have more frequent monitoring of neutrophil counts.
hydrochlorothiazide,pramipexole,mechanism,High,1,"Other drugs eliminated via renal secretion: Population pharmacokinetic analysis suggests that coadministration of drugs that are secreted by the cationic transport system (e.g., cimetidine, ranitidine, diltiazem, triamterene, verapamil, quinidine, and quinine) decreases the oral clearance of pramipe"
ZOLINZA,coumarin-derivative anticoagulants,effect,Moderate,1,Coumarin-Derivative Anticoagulants: Prolongation of prothrombin time (PT) and International Normalized Ratio (INR) were observed in patients receiving ZOLINZA concomitantly with coumarin-derivative anticoagulants.
meperidine,MAOIs,int,Low,1,This is typical of the interaction of meperidine and MAOIs.
sumatriptan succinate,MAO-A inhibitors,advise,Moderate,1,"Therefore, the use of sumatriptan succinate tablets in patients receiving MAO-A inhibitors is contraindicated . Selective serotonin reuptake inhibitors (SSRIs) (e.g., fluoxetine, fluvoxamine, paroxetine, sertraline) have been reported, rarely, to cause weakness, hyperreflexia, and incoordination whe"
trimetrexate,fluconazole,effect,Moderate,1,"Agents that might be coadministered with trimetrexate in AIDS patients for other indications that could elicit this activity include erythromycin, rifampin, rifabutin, ketoconazole, and fluconazole."
mazindol,monoamine oxidase inhibitor,advise,Moderate,1,"You cannot take mazindol if you have taken a monoamine oxidase inhibitor (MAOI) such as isocarboxazid (Marplan), tranylcypromine (Parnate), or phenelzine (Nardil) in the last 14 days."
